step,system_total_stopped,system_total_waiting_time,system_mean_waiting_time,system_mean_speed,0_stopped,0_accumulated_waiting_time,0_average_speed,1_stopped,1_accumulated_waiting_time,1_average_speed,10_stopped,10_accumulated_waiting_time,10_average_speed,11_stopped,11_accumulated_waiting_time,11_average_speed,12_stopped,12_accumulated_waiting_time,12_average_speed,13_stopped,13_accumulated_waiting_time,13_average_speed,14_stopped,14_accumulated_waiting_time,14_average_speed,15_stopped,15_accumulated_waiting_time,15_average_speed,2_stopped,2_accumulated_waiting_time,2_average_speed,3_stopped,3_accumulated_waiting_time,3_average_speed,4_stopped,4_accumulated_waiting_time,4_average_speed,5_stopped,5_accumulated_waiting_time,5_average_speed,6_stopped,6_accumulated_waiting_time,6_average_speed,7_stopped,7_accumulated_waiting_time,7_average_speed,8_stopped,8_accumulated_waiting_time,8_average_speed,9_stopped,9_accumulated_waiting_time,9_average_speed,agents_total_stopped,agents_total_accumulated_waiting_time
5.0,0,0.0,0.0,13.312975554783252,0,0.0,0.9659986800764677,0,0.0,0.9709801545493811,0,0.0,1.0,0,0.0,1.0,0,0.0,0.964937647533686,0,0.0,1.0,0,0.0,1.0,0,0.0,1.0,0,0.0,0.9682187137874908,0,0.0,0.9640353886569873,0,0.0,0.9677636027561087,0,0.0,1.0,0,0.0,1.0,0,0.0,1.0,0,0.0,0.9657148762006121,0,0.0,1.0,0,0.0
10.0,0,0.0,0.0,13.387564694793792,0,0.0,0.9717160340385316,0,0.0,0.9781917599081942,0,0.0,1.0,0,0.0,1.0,0,0.0,0.9739572422079149,0,0.0,1.0,0,0.0,1.0,0,0.0,1.0,0,0.0,0.9758568275545283,0,0.0,0.9730449566831447,0,0.0,0.9689545939984322,0,0.0,1.0,0,0.0,1.0,0,0.0,1.0,0,0.0,0.9744983960418546,0,0.0,1.0,0,0.0
15.0,1,1.0,0.025,11.896879165473004,1,1.0,0.8229406106665796,0,0.0,0.7562303756083476,0,0.0,1.0,0,0.0,1.0,0,0.0,0.979057777600311,0,0.0,0.9793021141993268,0,0.0,1.0,0,0.0,1.0,0,0.0,0.9308459348887145,0,0.0,0.7361902494010436,0,0.0,0.9531156070324013,0,0.0,0.9107383043625826,0,0.0,0.9244304117313606,0,0.0,1.0,0,0.0,0.9529532711760823,0,0.0,0.9805461569572941,1,1.0
20.0,7,22.0,0.39285714285714285,10.423317500209047,2,8.0,0.6670665967483722,1,4.0,0.6915427771308155,0,0.0,1.0,0,0.0,1.0,0,0.0,0.9729995516619933,0,0.0,0.9026418436677316,0,0.0,1.0,0,0.0,1.0,1,3.0,0.5731110161097329,3,7.0,0.5463404338456889,0,0.0,0.9379461632248226,0,0.0,0.9070453084390233,0,0.0,0.8398788449778289,0,0.0,1.0,0,0.0,0.9380365901154735,0,0.0,0.9670533968965517,7,22.0
25.0,8,42.0,0.5833333333333334,9.344538739786396,4,25.0,0.5702496342108674,0,0.0,0.7777314841330658,0,0.0,1.0,0,0.0,1.0,0,0.0,0.8547509589967055,0,0.0,0.9277034898321629,0,0.0,1.0,0,0.0,1.0,3,16.0,0.46710577444090245,0,4.0,0.6252113534694658,0,0.0,0.9642211669745901,0,4.0,0.6791872848095976,1,1.0,0.0007605792957744618,0,4.0,0.5147288247694628,0,0.0,0.8259261931957834,0,0.0,0.7370839659608148,8,54.0
30.0,10,26.0,0.325,8.444079613782549,0,18.0,0.5263953337509935,1,3.0,0.692148705173324,0,2.0,0.4405014564560173,0,0.0,1.0,2,5.0,0.45753079167622984,0,0.0,0.9130946672095792,0,0.0,0.8614041357932756,0,0.0,1.0,0,9.0,0.5249755254837997,0,0.0,0.9688938211464269,1,5.0,0.616130686046344,2,9.0,0.6987534931460346,0,4.0,0.43299169045265984,0,4.0,0.8461945381677509,1,4.0,0.5406062878085618,3,8.0,0.3769615921510036,10,71.0
35.0,16,78.0,0.8125,9.05919113592882,3,8.0,0.5983287184464792,3,16.0,0.6362711082051534,0,2.0,0.9371440512507075,0,0.0,1.0,0,2.0,0.6297149066379318,0,2.0,0.6655205117226062,0,0.0,0.9021528178349159,0,0.0,1.0,0,0.0,0.9013186408740115,0,0.0,0.7544180242759401,2,13.0,0.6302896942706806,4,23.0,0.5303002490577574,0,4.0,0.8345489680602406,0,4.0,0.928741507884958,0,2.0,0.6853567577010965,4,28.0,0.1425695941469978,16,104.0
40.0,22,114.0,1.0178571428571428,8.127843206334203,4,26.0,0.5626928590207402,2,9.0,0.48421987895008783,0,2.0,0.6570626668889246,0,0.0,1.0,0,0.0,0.9401844070517031,0,2.0,0.8512294809397535,2,3.0,0.1751708903066528,0,0.0,1.0,0,2.0,0.6362593605719985,2,6.0,0.48973465223975987,5,34.0,0.6574415090791473,2,18.0,0.2777870481113761,0,6.0,0.7759825079116471,1,5.0,0.20083321788598438,0,0.0,0.9556432511542133,4,48.0,0.5701648322285977,22,161.0
45.0,25,124.0,1.0333333333333334,7.144133357063809,0,19.0,0.5376207862711346,3,15.0,0.42021474403046116,0,4.0,0.4528976627320021,0,0.0,1.0,0,0.0,0.7077823597826505,0,2.0,0.800236105364195,0,3.0,0.354306890085007,0,4.0,0.5063595260073914,3,13.0,0.609649143021949,0,7.0,0.6222647024504047,6,56.0,0.4909536169087443,5,22.0,0.001524588786155438,1,8.0,0.5173454079093497,6,25.0,0.0012053182583827465,1,3.0,0.7445418197834717,0,27.0,0.6821954286294751,25,208.0
50.0,14,46.0,0.3382352941176471,8.092415289944835,3,7.0,0.5950086624083893,0,11.0,0.677489157060035,0,7.0,0.7679206618616184,0,2.0,0.535809718975323,2,6.0,0.5954413359522505,1,3.0,0.6365724317267412,0,0.0,0.9347766998344756,0,4.0,0.8851346149500264,0,11.0,0.73181017683949,0,0.0,0.8876131853565912,3,51.0,0.2754473971060137,0,30.0,0.31875342633062764,1,15.0,0.5385728067206764,0,27.0,0.5754126710730312,3,14.0,0.65288336362923,1,8.0,0.4669192529457507,14,196.0
55.0,15,38.0,0.25,9.10345458208267,3,11.0,0.531596956822692,0,4.0,0.897119131319219,0,5.0,0.9085745335364783,0,4.0,0.8580338848419325,0,1.0,0.6224154952472309,1,5.0,0.3573193824810823,0,0.0,0.8093176292326133,0,4.0,0.9630125273549166,1,5.0,0.626173251270872,1,2.0,0.6905138511717315,5,31.0,0.37671989068829437,0,8.0,0.8291506535225349,2,11.0,0.47930148213663876,0,3.0,0.9058507981084537,0,4.0,0.5677589883027709,2,13.0,0.5386059638408363,15,111.0
60.0,23,129.0,0.80625,9.569810034466432,5,27.0,0.526579413962096,0,0.0,0.748583258280193,0,3.0,0.8854666459835505,0,4.0,0.9170067606061261,0,0.0,0.9296741859590356,1,12.0,0.7807234619292238,1,4.0,0.6471708459004879,0,0.0,0.9740408381077024,0,3.0,0.5679534684211194,3,13.0,0.5061413158296734,5,49.0,0.535941534548477,0,6.0,0.8786266695045039,0,10.0,0.6628023688813214,1,8.0,0.5017185011393492,4,13.0,0.34455829849893327,3,28.0,0.7122905145959961,23,180.0
65.0,25,123.0,0.6988636363636364,8.667719775638519,2,31.0,0.516489178412072,2,12.0,0.49126850029981406,0,0.0,0.4045450201332397,0,0.0,0.9045302581088795,0,4.0,0.814204543817862,0,6.0,0.873609721340329,1,11.0,0.4598371651142284,0,0.0,0.924706935686098,3,9.0,0.6700621177916696,5,35.0,0.5510165375322688,1,39.0,0.6422995300220762,2,7.0,0.5420913653961527,1,6.0,0.587045005608469,5,26.0,0.37819376378255304,0,19.0,0.5354414432485535,3,39.0,0.6128809453486631,25,244.0
70.0,16,48.0,0.25396825396825395,8.447684787595797,3,16.0,0.5825501749265988,0,7.0,0.759273615333285,1,8.0,0.34676482529253144,1,5.0,0.5876440443615673,0,4.0,0.9147813083561629,1,5.0,0.8238545645855362,0,2.0,0.9155020487379223,1,1.0,0.7115629580040201,0,5.0,0.681823933685144,1,26.0,0.6547473485190466,2,9.0,0.5335285564082485,2,18.0,0.17613363852912364,0,6.0,0.55530802578047,1,35.0,0.5230626956122402,2,10.0,0.7025227929087616,1,28.0,0.17709227329005342,16,185.0
75.0,18,46.0,0.2358974358974359,8.858270773828679,1,13.0,0.4790767233626312,0,4.0,0.9236947749128348,0,4.0,0.8363979509991605,1,12.0,0.7428603816249889,0,4.0,0.9377731594265899,4,8.0,0.4817294307212842,0,2.0,0.9141879186471249,0,0.0,0.609268018757678,4,8.0,0.4038191711966266,0,5.0,0.5843849815541752,1,7.0,0.3654734053120067,5,25.0,0.4531258878087919,0,4.0,0.6303227580784753,2,17.0,0.5150386889553186,0,5.0,0.837032982714838,0,7.0,0.6627666531383916,18,125.0
80.0,38,152.0,0.7238095238095238,8.49989661749726,5,22.0,0.5166896462482377,0,0.0,0.7491567302063663,0,2.0,0.9021466988174702,0,4.0,0.9040442530337269,1,5.0,0.40341038910987925,7,33.0,0.26769201052963415,1,4.0,0.5562419573796153,4,9.0,0.011241913089282822,1,18.0,0.4827249410842868,2,13.0,0.42753901979666237,3,18.0,0.6739896845650037,6,55.0,0.6088001829529353,4,17.0,0.47341751004740146,0,10.0,0.7064564047556885,1,5.0,0.505190897915968,3,11.0,0.7308172474333294,38,226.0
85.0,26,158.0,0.7214611872146118,8.28249656068119,3,26.0,0.48219151816589556,1,8.0,0.5025299867215519,1,1.0,0.5713071143033142,0,2.0,0.8984561487258534,0,7.0,0.5430525002709697,1,36.0,0.4901634025141001,0,5.0,0.39455938094991394,0,17.0,0.6031720679100608,3,12.0,0.7005058311976629,4,29.0,0.6330701724876332,0,10.0,0.8294135382386768,6,81.0,0.4800416841611954,1,20.0,0.20870314484168215,2,11.0,0.2612028660586346,1,10.0,0.4041117405938518,3,24.0,0.7230687271571027,26,299.0
90.0,36,237.0,1.1023255813953488,8.149716310175867,4,23.0,0.5122455550047241,4,22.0,0.5711560282251121,2,4.0,0.2163334854604239,1,8.0,0.6740445260886638,1,8.0,0.7385454425592258,0,6.0,0.6227285728246176,0,7.0,0.7384349129064185,0,4.0,0.9359070682655902,0,8.0,0.6482706839337155,1,25.0,0.6991585297937951,2,5.0,0.5527354078889589,10,122.0,0.020764540480462095,4,23.0,0.13985702386069898,0,13.0,0.517885439843625,2,16.0,0.6901017558719952,5,42.0,0.47115929873860535,36,336.0
95.0,37,208.0,0.9541284403669725,8.023800344108901,2,20.0,0.48222424835848415,0,18.0,0.7304418023045319,1,9.0,0.42985908033238074,0,4.0,0.7675008375963277,3,21.0,0.6571128719111884,2,6.0,0.5875044664619831,0,7.0,0.8614799492106674,1,5.0,0.6931712341147955,3,6.0,0.3981217890523973,1,8.0,0.4695910267603854,4,26.0,0.4122910174365072,7,131.0,0.10250169155814295,0,22.0,0.6055924592728582,0,8.0,0.8681099040348469,4,33.0,0.6651182565735533,9,78.0,0.28911178713986085,37,402.0
100.0,45,345.0,1.554054054054054,8.22060113381803,5,23.0,0.5323774236261566,1,6.0,0.4949146408564856,1,13.0,0.6452929306638203,0,4.0,0.969907155499406,5,41.0,0.5628996244131,4,23.0,0.5711750523897263,1,9.0,0.6332000910786231,4,19.0,0.4180262725360319,1,16.0,0.43354389438141927,1,6.0,0.46118728810533366,5,48.0,0.517781504534969,0,59.0,0.535546688521982,0,8.0,0.8269624599792588,1,7.0,0.7518803512371945,7,57.0,0.49494385471305286,9,123.0,0.0937179021025218,45,462.0
105.0,48,347.0,1.52863436123348,8.013274657553298,1,21.0,0.5653053351287025,7,35.0,0.31520159986209534,1,22.0,0.7451069627892625,0,0.0,0.7107793618600954,7,75.0,0.5764923795955698,4,43.0,0.5276938393646043,7,27.0,0.3647938568204007,0,12.0,0.32420496670627713,2,9.0,0.5228934238187145,3,16.0,0.6615181037873844,1,40.0,0.6100820972094498,2,64.0,0.5322264521592641,0,4.0,0.8432797280110378,2,13.0,0.25637804321821767,8,93.0,0.2501768648926289,3,108.0,0.09699713396649567,48,582.0
110.0,36,228.0,0.987012987012987,8.143294455018362,2,7.0,0.6422372405019615,1,38.0,0.606981663876638,1,25.0,0.8378142296602711,0,4.0,0.49663676634888143,9,116.0,0.41208135793336426,1,25.0,0.3663147216997061,3,36.0,0.3235205697376264,0,4.0,0.7907379560543115,1,9.0,0.620355386178852,0,6.0,0.7272374853219096,2,8.0,0.46823137252031377,7,90.0,0.5534426747297119,2,7.0,0.24980056675022608,2,18.0,0.2632430185234656,5,83.0,0.2863206207471229,0,30.0,0.6437701436406025,36,506.0
115.0,35,204.0,0.9147982062780269,8.555043829553924,4,23.0,0.55607997767077,2,17.0,0.7486863579764474,0,4.0,0.724856100408528,0,6.0,0.8269865291657753,5,108.0,0.3185959359722849,5,20.0,0.06557899429030942,4,30.0,0.5830315975604236,1,6.0,0.7089946091503716,1,14.0,0.7846442081175422,1,5.0,0.5482804325332312,1,6.0,0.34136526803375095,7,125.0,0.4000828095333252,3,22.0,0.6004552752707365,0,6.0,0.8580740075357348,0,34.0,0.5399039546493607,1,18.0,0.8302843288200792,35,444.0
120.0,27,97.0,0.44495412844036697,7.366460322596516,0,17.0,0.583777445646167,3,20.0,0.4717782481697604,3,15.0,0.4032785435797251,0,6.0,0.9072533326785613,4,44.0,0.3180309990979977,0,20.0,0.6509565338271358,1,28.0,0.43506450566165644,4,20.0,0.42536875490174875,0,4.0,0.8046245277532599,0,8.0,0.4310505955158558,4,21.0,0.40295571344411774,5,108.0,0.09876728810684945,0,17.0,0.6356496710749806,0,4.0,0.7196617448348503,2,33.0,0.5248190852610138,1,23.0,0.8253185414344367,27,388.0
125.0,37,147.0,0.6391304347826087,7.636833860342369,1,4.0,0.7230983317159156,8,47.0,0.24701757139966524,1,18.0,0.4538256722463247,0,2.0,0.8458243751542137,3,48.0,0.3150760172855213,0,4.0,0.9110369732961371,2,25.0,0.26331637509859174,1,25.0,0.3355796208681036,2,6.0,0.5962960471997366,2,11.0,0.6626737374559939,1,21.0,0.5947044555376781,1,45.0,0.4770116525929726,0,4.0,0.8292205545659961,5,15.0,0.2721535527915922,7,60.0,0.5255372275803818,3,30.0,0.5361432191160983,37,365.0
130.0,42,198.0,0.8081632653061225,7.846529992269704,3,14.0,0.6031809894108219,6,61.0,0.3078532448630874,3,22.0,0.6508850702515103,1,4.0,0.5229201675869295,7,63.0,0.39351425904730053,0,0.0,0.7720401602214504,1,16.0,0.5166659286650668,5,29.0,0.5279503112598964,1,11.0,0.5407853664290572,0,4.0,0.7084458381420456,1,7.0,0.8259876187946247,3,30.0,0.6021830047499718,0,8.0,0.7375556375807214,1,25.0,0.19865787969004822,10,96.0,0.3266024027527763,0,12.0,0.12453950978747574,42,402.0
135.0,52,332.0,1.3662551440329218,7.970030795876503,5,36.0,0.4544344084317,1,38.0,0.4612969889465551,3,35.0,0.6875983417997156,1,10.0,0.44856694935133956,10,110.0,0.36054632733385794,2,4.0,0.3929155719379153,2,16.0,0.814407063942935,5,49.0,0.635228587584451,1,12.0,0.7868120074434827,0,2.0,0.5916964304466591,2,13.0,0.5319400878137214,8,59.0,0.46448415592987813,0,4.0,0.7007551702398246,2,15.0,0.6379350300372348,7,99.0,0.17886565211060523,3,17.0,0.5323656897217618,52,519.0
140.0,48,385.0,1.5909090909090908,7.284269566079165,1,30.0,0.5288397607589523,4,48.0,0.3423629391529623,3,50.0,0.6247372349027709,2,13.0,0.13959107483926594,12,168.0,0.2801956733521977,0,6.0,0.2660049302224355,0,4.0,0.618816886031699,5,74.0,0.5148429744601857,1,5.0,0.7769184458972159,1,5.0,0.4612743685163035,3,17.0,0.31655603090555573,13,113.0,0.09748668313860337,0,4.0,0.9330468255637822,0,4.0,0.8735858051932226,2,58.0,0.38748695360142865,1,10.0,0.7909361267909293,48,609.0
145.0,65,623.0,2.492,7.4571909933462175,3,8.0,0.6069374376546733,6,78.0,0.5578941774428321,4,66.0,0.2972221434114123,0,12.0,0.6506523037068249,14,239.0,0.16495167494588622,0,4.0,0.8930951905234719,2,6.0,0.36130343462157066,8,108.0,0.0803792949457038,3,12.0,0.6203868064948485,1,10.0,0.728864142205515,4,18.0,0.3849604828846891,17,188.0,0.23036678374344097,0,0.0,0.7753516064940758,0,0.0,0.7763794851612212,2,44.0,0.5351386938526996,1,10.0,0.8023610408135426,65,803.0
150.0,67,683.0,2.732,6.709461909591222,3,12.0,0.5098098611047832,0,63.0,0.5855971717742087,10,102.0,0.3563484864666046,0,4.0,0.9028038975416209,10,237.0,0.24474636109632042,0,6.0,0.8539917810528332,3,14.0,0.22977291380395462,9,155.0,0.3165048714416733,0,11.0,0.4813797518421297,0,4.0,0.7572418952222726,2,24.0,0.31519009048737945,17,277.0,0.2669544230805643,0,0.0,1.0,2,9.0,0.16822306711591206,8,71.0,0.44701385729907167,3,17.0,0.21443229347325657,67,1006.0
155.0,70,739.0,3.0411522633744856,6.905813623943692,6,31.0,0.4784744739021543,2,11.0,0.48963650482748045,4,89.0,0.3967012877486297,0,2.0,0.8278040965054717,2,161.0,0.4434983766821481,1,10.0,0.7158853598470696,6,26.0,0.003547547612875722,10,205.0,0.5119715346276604,0,4.0,0.8350520441172236,2,4.0,0.5892774401941877,6,36.0,0.5387973124041325,17,358.0,0.2739855155993795,0,4.0,0.8142947027400379,1,15.0,0.5345770984484114,11,115.0,0.3011250863273463,2,15.0,0.4411628306453996,70,1086.0
160.0,58,845.0,3.393574297188755,6.361308076080547,3,35.0,0.48689644726454195,3,14.0,0.39895113959752576,4,44.0,0.46292281277712194,0,4.0,0.5391323481039054,2,143.0,0.5024257660127724,0,6.0,0.46961183369570625,2,35.0,0.10122045266588113,10,253.0,0.41481850223501443,2,9.0,0.7374707879918269,0,2.0,0.40927336996534874,0,34.0,0.5994797231847842,18,448.0,0.1110318493861367,0,2.0,0.9123563697097302,0,6.0,0.8404452110560744,14,180.0,0.19193042546781464,0,3.0,0.855774230147813,58,1218.0
165.0,75,851.0,3.311284046692607,6.7259859999999545,2,17.0,0.5447686733985504,5,35.0,0.6029090055494037,2,44.0,0.5047733613385773,4,21.0,0.6096462092980548,8,168.0,0.3298806292054637,2,8.0,0.4293487975744602,0,13.0,0.4678354532789526,16,320.0,0.10582464562699925,3,19.0,0.5264166414542738,3,11.0,0.5976002926310837,2,11.0,0.47044830499450674,18,464.0,0.20383584208818917,0,4.0,0.6629811798001569,1,3.0,0.3301733082294269,9,183.0,0.35204329354884045,0,4.0,0.763951276227903,75,1325.0
170.0,62,427.0,1.599250936329588,7.113474967626948,2,11.0,0.5017742240110985,0,29.0,0.6312841466873155,5,47.0,0.4378593781525696,2,20.0,0.5783392207016144,15,229.0,0.18950599521830486,7,29.0,0.4183153032111178,2,20.0,0.6748743332528784,12,308.0,0.06713481558269269,2,18.0,0.4241950886039494,1,9.0,0.6498029254453285,4,27.0,0.41453604275577166,9,391.0,0.3284831780279481,0,6.0,0.7971808701573756,1,12.0,0.30462113682630315,0,103.0,0.606748253647838,0,4.0,0.8182528307318414,62,1263.0
175.0,54,370.0,1.4015151515151516,7.352009530334801,5,26.0,0.5108180131137574,2,9.0,0.47050581059205715,9,82.0,0.2999248074354342,6,26.0,0.32074913055058935,17,311.0,0.18301837167586338,1,30.0,0.41477765369171826,2,34.0,0.6254357704096469,3,165.0,0.3523031063191841,2,18.0,0.6995269079946593,2,10.0,0.6115232631660246,0,18.0,0.7022210782392536,3,384.0,0.2533820673211885,0,8.0,0.8943019814639328,0,4.0,0.927083411676402,2,84.0,0.5272742494580437,0,4.0,0.8093567963618004,54,1213.0
180.0,61,472.0,1.8365758754863812,6.692311196265521,2,32.0,0.4439069797011902,2,12.0,0.4222921466584167,11,135.0,0.2565660217294703,1,28.0,0.08417495433800516,19,404.0,0.2797484227541549,4,15.0,0.11697204035607488,0,8.0,0.6520954051624475,4,162.0,0.44796843988663526,2,7.0,0.6794896845412821,1,9.0,0.4124626889013321,0,4.0,0.8726083154653093,8,416.0,0.277969305682859,0,4.0,0.8975133369301586,0,4.0,0.8974750258558358,7,108.0,0.2837994006494496,0,0.0,0.8717387765308806,61,1348.0
185.0,77,671.0,2.5416666666666665,6.871502247396334,3,21.0,0.5785998846868949,4,23.0,0.6244268679317335,6,128.0,0.4540185528255152,4,24.0,0.34603928878202794,21,507.0,0.3184867365475991,0,12.0,0.17945253495235552,0,4.0,0.7986485295169405,9,193.0,0.14210560900719965,4,20.0,0.5347399406081748,2,15.0,0.6810678217613106,2,7.0,0.496035772411335,9,382.0,0.2676225864423171,0,2.0,0.524380683687772,0,0.0,0.749992169443936,13,160.0,0.19701400648344483,0,0.0,0.7881607827632847,77,1498.0
190.0,54,629.0,2.287272727272727,7.117501908760656,2,12.0,0.5305550174139381,0,16.0,0.6534569539502293,1,65.0,0.5938477951456668,0,13.0,0.7975143262923693,23,621.0,0.22882610147084878,0,0.0,0.42116632168999024,2,8.0,0.3959406984540397,6,167.0,0.12093924137860285,1,24.0,0.3600612656380403,0,4.0,0.7106028173881723,4,27.0,0.4019435192576248,4,266.0,0.34673837501847243,1,10.0,0.7390506429307281,1,5.0,0.3984824761865863,9,164.0,0.4001912822786469,0,4.0,0.2930738683802248,54,1406.0
195.0,46,691.0,2.5687732342007434,7.802024244769805,5,18.0,0.5185925541957371,3,12.0,0.6168345041991671,1,10.0,0.5488957075731774,0,2.0,0.8599911841424607,25,744.0,0.09254149690243574,0,0.0,0.9093231748375706,1,10.0,0.11978405755818207,2,88.0,0.49711191193257437,3,21.0,0.6232559796272708,1,2.0,0.49098175416213663,1,22.0,0.6015366134681948,3,252.0,0.3214996552697076,0,8.0,0.8679552230901607,0,8.0,0.5777139638230346,1,80.0,0.45140515109883006,0,4.0,0.8622440449496459,46,1281.0
200.0,40,555.0,2.1102661596958177,7.659111932129531,0,18.0,0.5560207357793628,1,11.0,0.38250084024432385,2,4.0,0.23286491317165636,1,3.0,0.6353978639039908,21,746.0,0.09652968638162941,0,4.0,0.806622012029892,2,13.0,0.2574431505956238,3,81.0,0.7021757300174774,2,15.0,0.6530889873727143,0,9.0,0.40406499867467055,0,5.0,0.8558284885101559,7,283.0,0.29429683414750085,0,4.0,0.9088155114573716,0,6.0,0.886086743022029,1,69.0,0.31649238295177523,0,2.0,0.9208792173816698,40,1273.0
205.0,60,478.0,1.7969924812030076,7.44488927358603,2,6.0,0.6670211184863419,4,22.0,0.6364902380475218,6,27.0,0.3688252448809953,5,19.0,0.19779761274811677,15,570.0,0.30270430345582583,0,4.0,0.8944038481596068,0,4.0,0.8442611335545749,4,97.0,0.6766649546756621,4,21.0,0.5008415242946489,2,13.0,0.6986723617925054,1,1.0,0.6859918826598771,9,260.0,0.2679562655923823,1,6.0,0.2891142037927845,0,2.0,0.7648569698123037,7,89.0,0.2717676417819384,0,0.0,0.8243259372511211,60,1141.0
210.0,50,245.0,0.928030303030303,6.947590015829799,3,8.0,0.5128146064203097,0,17.0,0.6860480281365052,1,35.0,0.456815475982856,5,40.0,0.433444416673266,9,577.0,0.3279221401827372,0,4.0,0.8138026156006072,0,4.0,0.9132096102875913,6,120.0,0.2591774389295678,3,28.0,0.33756658941007917,0,6.0,0.7844248051208821,3,13.0,0.4212773663161582,5,170.0,0.323645351672813,0,11.0,0.49038139654885815,1,3.0,0.47626918560388715,13,142.0,0.3857944427277504,1,1.0,0.38581222267813636,50,1179.0
215.0,48,236.0,0.8805970149253731,7.05502654859372,5,25.0,0.5337736476488447,2,7.0,0.5205526422068651,0,9.0,0.6180149070413855,0,23.0,0.6911859662209291,8,614.0,0.20474655991673132,2,9.0,0.5823651414749381,0,0.0,0.9741713259912744,5,93.0,0.06119943506386878,4,28.0,0.6426058452559079,0,4.0,0.4620941137104083,4,35.0,0.5386112510623963,5,190.0,0.21897069850156836,0,8.0,0.8981578942527818,1,9.0,0.4858793867640929,10,161.0,0.3827287411518019,2,15.0,0.3759785995347134,48,1230.0
220.0,45,186.0,0.6838235294117647,7.05151887851841,1,24.0,0.5801532337791659,2,9.0,0.5073432218325601,1,10.0,0.5364084889386576,1,16.0,0.42789215881288334,13,667.0,0.12379987790579018,7,33.0,0.4010935380639264,0,0.0,0.10729409474854393,2,33.0,0.36057602038041175,2,22.0,0.6579653314181044,2,12.0,0.4498924312903247,1,29.0,0.6708353488211247,8,230.0,0.15554247497026163,0,4.0,0.8963736495437248,0,5.0,0.8485691736023357,5,98.0,0.23796156014314332,0,4.0,0.8967737973875253,45,1196.0
225.0,66,312.0,1.1598513011152416,6.655123716891194,2,6.0,0.638229621710771,2,16.0,0.7248225390067112,6,30.0,0.41819683857883144,5,33.0,0.2590201195400769,14,633.0,0.07974764292690932,8,77.0,0.28648590489004955,2,10.0,0.6237223296876117,2,23.0,0.523641992977449,3,15.0,0.4506222915231512,3,17.0,0.6166910783955707,1,6.0,0.4357831740812353,10,223.0,0.35691212193313815,1,9.0,0.23597444504174847,2,7.0,0.7220675155735446,5,116.0,0.24071817897338968,0,4.0,0.7953509083844242,66,1225.0
230.0,70,374.0,1.400749063670412,6.089592611027659,0,1.0,0.5870471719798281,1,3.0,0.7572490143891146,0,32.0,0.18266984337603576,11,79.0,0.33370023289513523,12,501.0,0.29349063275471926,8,118.0,0.37351586417329297,0,0.0,0.9367159233870967,4,40.0,0.5460276051559798,3,25.0,0.2923279650213194,4,34.0,0.6179126365585638,3,15.0,0.32468635279070673,4,133.0,0.33677070543601295,6,32.0,0.3975555360333336,2,17.0,0.3716801896735008,10,141.0,0.2231122201423195,2,7.0,0.27512287469684293,70,1178.0
235.0,73,464.0,1.7185185185185186,6.629841219482051,3,12.0,0.6034933738724056,2,11.0,0.6361504801286605,2,11.0,0.16340858614804935,11,134.0,0.4296438115649382,7,291.0,0.4109630958772172,2,103.0,0.6145552806456499,0,4.0,0.6817874273960361,1,24.0,0.3404342995245115,6,37.0,0.5700167049267175,1,25.0,0.3832742135206581,5,30.0,0.5750799046087908,4,149.0,0.23534285953745934,7,67.0,0.5528739687558992,0,12.0,0.22418670243933053,15,199.0,0.29897675141391,7,30.0,0.18047320067008363,73,1139.0
240.0,66,505.0,1.8703703703703705,6.211219555834872,5,35.0,0.5236786833752232,1,5.0,0.3713840610126423,1,10.0,0.3104394929133161,7,140.0,0.22515967801379766,1,301.0,0.30957773727274024,0,35.0,0.5947303055306113,0,8.0,0.7823921484956207,5,20.0,0.28171698089266084,6,67.0,0.47589990357581674,5,22.0,0.4163642649230732,2,31.0,0.6034748793629463,8,186.0,0.16820560466922363,1,60.0,0.4935934185590631,0,4.0,0.8049161033344292,17,280.0,0.2795402577986622,7,65.0,0.4163947018597538,66,1269.0
245.0,80,677.0,2.4178571428571427,6.020756464259223,0,30.0,0.5134224031563832,3,17.0,0.519201756728932,1,15.0,0.7634312162106875,5,85.0,0.16148113093006533,6,321.0,0.30380499399206234,4,28.0,0.29189816389954215,0,8.0,0.9415982842890008,0,19.0,0.22312117185642277,9,107.0,0.21043253787998084,2,26.0,0.34889194244550875,3,16.0,0.4911300045532033,16,249.0,0.330116057851965,5,32.0,0.3154712098666523,0,4.0,0.928663786932346,19,367.0,0.1575142520398648,7,100.0,0.40726831578950945,80,1424.0
250.0,96,914.0,3.2411347517730498,6.143027139592422,2,7.0,0.6636811334086404,3,34.0,0.6587133612101332,0,8.0,0.7901635644207731,4,50.0,0.44248752749185766,12,371.0,0.27659781053987453,8,56.0,0.16292525041860326,1,3.0,0.6285929239211473,0,0.0,0.9697198084396488,12,164.0,0.22519036136110304,6,31.0,0.3297886092811153,3,18.0,0.4217980124203415,15,269.0,0.28064922717455926,6,50.0,0.39778274791950463,0,0.0,0.5826370659004896,22,473.0,0.11112214651154934,2,83.0,0.24037076747103686,96,1617.0
255.0,92,863.0,3.138181818181818,5.600527120847938,4,11.0,0.5022427127150427,0,16.0,0.7920529005680715,3,12.0,0.5934166418218172,3,37.0,0.4873574722650476,19,452.0,0.15981200367565546,7,62.0,0.20581627929263524,3,15.0,0.07160102843264807,0,2.0,0.7829298075023482,7,172.0,0.2821496153329538,1,35.0,0.40083754395435744,3,18.0,0.4512872282779293,12,230.0,0.27663315915196424,3,48.0,0.4447879808687836,1,10.0,0.2981572308590168,23,584.0,0.20802866151688773,3,30.0,0.12063378728738863,92,1734.0
260.0,91,982.0,3.597069597069597,6.086592743120308,5,33.0,0.48473118310337066,2,2.0,0.647448033995518,1,16.0,0.45182836989124364,6,38.0,0.42167115525053317,22,457.0,0.06536124974789109,1,47.0,0.3233883841252735,5,46.0,0.47465779817580045,0,4.0,0.9320230614773304,2,78.0,0.5370259319735273,0,7.0,0.8238387663962828,5,35.0,0.5791652291510576,9,174.0,0.15963123064186888,7,38.0,0.5206587616304124,0,8.0,0.826044726921762,25,703.0,0.26744691241724744,1,11.0,0.18491534216892455,91,1697.0
265.0,70,993.0,3.5591397849462365,6.808417056820919,2,35.0,0.5323180014240262,1,4.0,0.530970171131114,1,7.0,0.35990968225177217,7,71.0,0.1142910652199764,17,353.0,0.2279901510422611,2,25.0,0.728308056838793,0,36.0,0.7375484924753521,0,8.0,0.8552954820241454,4,37.0,0.6058353432391616,0,4.0,0.9001564169214596,1,29.0,0.5857839269282819,5,190.0,0.2512920758350461,3,46.0,0.3376198670925198,0,6.0,0.8856048734149833,26,827.0,0.17497397661747627,1,11.0,0.3706315869801871,70,1689.0
270.0,60,735.0,2.606382978723404,6.3349516564600155,1,5.0,0.5565560565969251,1,11.0,0.8046211418554815,2,9.0,0.42795148456062665,1,66.0,0.30000329100494244,10,397.0,0.24717286728489202,1,15.0,0.7608753216862539,0,4.0,0.8022565257120388,0,4.0,0.8936893153004418,2,34.0,0.3589738994784489,1,5.0,0.5890007084222288,2,9.0,0.45069360147816434,7,193.0,0.4017754988807009,7,40.0,0.15747232585664728,0,2.0,0.6183937097943634,25,843.0,0.04654194383629483,0,6.0,0.8196158060421901,60,1643.0
275.0,79,516.0,1.7373737373737375,6.166044976599387,3,8.0,0.5013263196806367,1,6.0,0.823383358302876,4,27.0,0.5249715997478667,1,18.0,0.7983272574054993,8,420.0,0.18149072160723148,3,19.0,0.35218721690206856,2,2.0,0.35702058841909595,1,6.0,0.6918052992713736,7,44.0,0.2771698680444191,2,7.0,0.34488821401046066,6,32.0,0.30102831626542703,10,188.0,0.33916528578456523,7,58.0,0.3563436832635799,5,18.0,0.4488234428817164,19,741.0,0.09544839477534678,0,8.0,0.8298693447024396,79,1602.0
280.0,64,375.0,1.2135922330097086,6.641051902787441,5,31.0,0.5138524268211192,2,9.0,0.6227527503611139,0,25.0,0.2245315661503974,0,4.0,0.8518032971862051,14,481.0,0.11630224456299007,2,15.0,0.2805138144329515,7,33.0,0.19866201850790507,3,15.0,0.4548649588378708,5,54.0,0.45882733377200113,2,14.0,0.44967401861002815,1,34.0,0.5920441860857444,8,162.0,0.16418803532057227,1,45.0,0.6702825673342281,2,22.0,0.5058273428625137,12,587.0,0.1900028968893365,0,4.0,0.9163152377717056,64,1535.0
285.0,57,270.0,0.8970099667774086,6.668527492473239,2,32.0,0.5142711158928083,4,28.0,0.41201129301393963,1,3.0,0.32612287099509946,2,7.0,0.40396487463824765,15,468.0,0.07317500030547426,0,5.0,0.7270180725818547,9,76.0,0.4891047898819129,1,12.0,0.5447006834821253,3,36.0,0.5835413439193937,3,13.0,0.5066296680719863,2,14.0,0.6481839290178927,3,139.0,0.16873653584851198,3,22.0,0.5830398586960122,4,28.0,0.6452389562147693,3,543.0,0.34267289946895446,2,12.0,0.49387926614989425,57,1438.0
290.0,71,394.0,1.3265993265993266,6.497129673008516,2,12.0,0.6426291788414674,0,19.0,0.6066325408140489,1,8.0,0.17135075266971442,6,33.0,0.1570244393049997,10,387.0,0.24030182349606913,2,12.0,0.754746459120683,9,121.0,0.41728665468793924,3,17.0,0.673577232960587,5,41.0,0.6194742341093102,5,35.0,0.6033601378202819,4,20.0,0.45229204714280835,7,147.0,0.20961866833840836,1,17.0,0.2126940826392483,2,22.0,0.5748214640656115,7,526.0,0.4130407474310461,7,37.0,0.3538071169560414,71,1454.0
295.0,85,473.0,1.561056105610561,5.850726285388129,4,27.0,0.5915181300822596,0,4.0,0.8255788879537608,4,25.0,0.5144125904730499,0,30.0,0.5689802777605354,8,404.0,0.3266795368289388,2,22.0,0.7281082943771331,8,130.0,0.13308613998318916,3,32.0,0.552422641819818,3,34.0,0.30904494206814465,2,35.0,0.471475180540776,1,14.0,0.42771901385623695,12,195.0,0.23515585015792378,7,28.0,0.10735345001541012,6,31.0,0.3577189278080044,13,579.0,0.28959782320900845,12,85.0,0.33637554040997564,85,1675.0
300.0,79,538.0,1.7581699346405228,5.986238764749778,1,14.0,0.48235345651279155,2,6.0,0.6633753554206536,0,17.0,0.6956753225072936,0,4.0,0.9139931363624199,8,441.0,0.3041581968657487,0,4.0,0.5441467783115264,6,104.0,0.22499698494357828,3,49.0,0.590252604185542,5,27.0,0.42278200685224526,1,12.0,0.35384340064332376,1,9.0,0.5926089166802107,12,208.0,0.38198683956792207,2,42.0,0.4915189131691164,7,54.0,0.1751998235637314,19,661.0,0.12923653285623943,12,143.0,0.16511461163838176,79,1795.0
305.0,92,774.0,2.449367088607595,6.737696424382901,2,9.0,0.5801986820298682,4,20.0,0.49950377113656375,0,0.0,0.7520229268663005,0,2.0,0.01291884205337452,15,499.0,0.2681158476507003,2,8.0,0.5471663265557983,5,101.0,0.50302681415408,3,64.0,0.6474770571632066,5,49.0,0.6356983276511189,4,15.0,0.4619318151082302,3,10.0,0.661893964699764,6,134.0,0.21043649928468136,0,14.0,0.8645214585754047,6,53.0,0.3861640033623224,25,772.0,0.03583283705186599,12,203.0,0.0,92,1953.0
310.0,87,723.0,2.280757097791798,6.152055745186749,5,30.0,0.574446648971281,1,18.0,0.3774391869248888,2,6.0,0.3419838817494877,1,7.0,0.0,20,586.0,0.1789610718413456,3,9.0,0.31075030794880293,8,112.0,0.4773248726080664,0,27.0,0.4850009970395503,1,39.0,0.5575584372560315,2,16.0,0.3447748785944299,5,30.0,0.6663371730841097,2,129.0,0.18588790118154924,0,4.0,0.8568576430778855,7,62.0,0.46566645006406016,24,778.0,0.08631516496729122,6,205.0,0.14061905460838922,87,2058.0
315.0,76,566.0,1.8557377049180328,6.244799918055928,0,22.0,0.5406935968313289,2,15.0,0.502323914067428,4,24.0,0.6793419939455352,0,4.0,0.4474290620945851,21,597.0,0.04238436666025758,3,25.0,0.3682303816059314,12,155.0,0.15332964227325882,0,0.0,0.5106634360646994,3,12.0,0.45609452021496705,5,27.0,0.5767495607711678,1,24.0,0.5365297407476824,7,145.0,0.31305846011264454,1,6.0,0.426931821744309,1,60.0,0.42786952283127483,16,638.0,0.1766317706040746,0,125.0,0.7114844717858976,76,1879.0
320.0,89,582.0,1.9144736842105263,6.11911099551384,2,7.0,0.5811600865091245,2,10.0,0.6580278366198049,0,18.0,0.7059005753241717,0,4.0,0.78354674727371,21,532.0,0.11543850677287638,3,40.0,0.5780748681793226,14,229.0,0.054808735474344,3,8.0,0.0026261788406180334,2,12.0,0.3513747431768838,1,27.0,0.6492653590496135,3,10.0,0.3356552551629779,14,196.0,0.38491184832887837,3,16.0,0.16320133941207005,7,43.0,0.44002410377171175,12,700.0,0.15486969353633365,2,108.0,0.6203453305957385,89,1960.0
325.0,79,510.0,1.6943521594684385,5.615126076367352,2,10.0,0.5733200274991461,4,26.0,0.6511694306423523,1,6.0,0.4008764864992516,0,2.0,0.86573262553452,13,521.0,0.19303263337525448,3,55.0,0.6784306747866389,8,218.0,0.3235495335519454,0,11.0,0.42716224733815866,7,36.0,0.44305496266879246,4,15.0,0.5555277057552886,3,25.0,0.3548193968459729,12,211.0,0.11899348663602007,2,20.0,0.6133160428308216,3,43.0,0.3845393451326814,10,757.0,0.09743370467365606,7,129.0,0.24893058854680816,79,2085.0
330.0,73,436.0,1.4829931972789117,5.7877265197461,4,22.0,0.5702726893508336,2,23.0,0.3790100701813107,1,6.0,0.13259833705918175,0,4.0,0.6663800824349105,11,564.0,0.16454573611279394,4,73.0,0.4673440375728647,0,91.0,0.6042042425077312,0,4.0,0.8784929627166957,1,41.0,0.4589811424510812,1,11.0,0.3242698265097816,3,26.0,0.5799167188103957,12,194.0,0.1226521255291912,2,27.0,0.7298628358815445,6,47.0,0.45672532157705686,15,821.0,0.18770934363695088,11,177.0,0.07816307362533631,73,2131.0
335.0,82,559.0,1.8633333333333333,5.975727136069489,6,47.0,0.4936759742176223,6,22.0,0.3776382606673188,5,26.0,0.15929751889102006,0,8.0,0.5910941618585648,10,611.0,0.11047156968929943,9,108.0,0.2874884992161143,2,90.0,0.3399567770097762,0,4.0,0.8862952473337244,1,15.0,0.6221707358976091,4,22.0,0.6642424549440828,5,45.0,0.5834233998836612,3,213.0,0.31042600354550526,0,6.0,0.5704730047081211,3,48.0,0.39053438393803463,17,771.0,0.2322270975699126,11,238.0,0.09340048344648577,82,2274.0
340.0,93,661.0,2.1887417218543046,5.65981374089616,2,44.0,0.5083355401767733,6,52.0,0.39495687429416204,1,30.0,0.5463647669547308,2,16.0,0.7938082216795568,12,583.0,0.10006744083651492,11,167.0,0.14375630545760096,6,117.0,0.07195035074285884,0,0.0,0.7151738929688642,4,22.0,0.43147110328515453,1,19.0,0.6691723930120641,3,39.0,0.3829800967036427,9,228.0,0.37903178473770105,2,9.0,0.316244093817313,8,50.0,0.3716802179724485,15,609.0,0.1903965855454412,11,295.0,0.41190688196683095,93,2280.0
345.0,94,834.0,2.770764119601329,5.923845387716298,3,18.0,0.5838102139266171,1,45.0,0.6186725236537102,1,9.0,0.7769320349356259,1,7.0,0.6862609261255529,7,463.0,0.10481039521418371,11,222.0,0.330195587851367,0,86.0,0.540312593568548,2,8.0,0.21909722814050211,4,46.0,0.47767300855639344,3,12.0,0.4881777005188749,5,22.0,0.3282905919483934,15,288.0,0.3441287358380456,5,27.0,0.42075117650195043,9,86.0,0.15655810442212417,16,430.0,0.12250562922527293,11,348.0,0.49111030557423485,94,2117.0
350.0,72,628.0,2.045602605863192,5.656602305880779,2,10.0,0.5203506481990406,3,10.0,0.6974687359671098,2,7.0,0.423218459249584,5,23.0,0.5112991713138434,7,430.0,0.13251991397979926,5,186.0,0.41189408912390135,0,6.0,0.7363203075609214,3,23.0,0.7314494284506561,0,25.0,0.7236192702109436,1,13.0,0.46147613270029836,1,29.0,0.33095821545648096,14,294.0,0.12844396900387028,0,35.0,0.5570041483274808,3,94.0,0.2761990431409212,9,478.0,0.17714678294422248,17,417.0,0.2577190100169044,72,2080.0
355.0,81,644.0,2.090909090909091,6.295149641717942,5,24.0,0.5526320026833029,0,6.0,0.5291027445216169,6,27.0,0.02327744333090557,5,48.0,0.3643016341737319,11,475.0,0.24362430791188017,2,95.0,0.4633631299740832,0,4.0,0.8322443677094215,0,12.0,0.8158116061144998,3,12.0,0.6908662999163725,2,16.0,0.726242063773156,4,26.0,0.6323312319524786,13,248.0,0.11978917363214037,2,10.0,0.47202823237540703,1,44.0,0.758607005063918,6,484.0,0.3082212162628021,21,511.0,0.041237377828204025,81,2042.0
360.0,64,525.0,1.6990291262135921,6.006682974892033,1,25.0,0.47604429486883865,5,18.0,0.37684298338904726,4,45.0,0.17597004370361896,5,71.0,0.09807138596364917,7,444.0,0.31604496504165625,1,83.0,0.39583056532717137,0,6.0,0.7793049000468022,2,8.0,0.6312489118708213,2,13.0,0.36925902309897746,2,26.0,0.7365009571755141,1,24.0,0.5636960488232245,3,275.0,0.30098354472268946,0,13.0,0.6183160613134762,1,14.0,0.8382755157694259,13,529.0,0.2495282928096919,17,501.0,0.06026218000092862,64,2095.0
365.0,66,383.0,1.2006269592476488,5.935666631755921,3,11.0,0.5984203193120684,1,25.0,0.5974796263038747,0,25.0,0.7571585632414352,0,49.0,0.31532534640533727,5,340.0,0.2760967364463024,7,109.0,0.3435034976888668,0,4.0,0.7968452794572048,3,7.0,0.234331501465966,6,31.0,0.3680871705921221,0,4.0,0.4858887787430671,2,14.0,0.5004432366409418,8,288.0,0.3530635026890216,3,13.0,0.5016532288326211,0,2.0,0.47250146053077274,19,608.0,0.12073754018180288,9,356.0,0.289018891637627,66,1886.0
370.0,67,355.0,1.0923076923076922,5.782136827033696,1,9.0,0.5651011195969111,3,17.0,0.6658379425554114,2,22.0,0.6851237175438947,0,2.0,0.8864513942473645,3,321.0,0.1990481610047304,12,163.0,0.1829617393601146,0,4.0,0.879005897314081,3,20.0,0.44530472730051573,1,34.0,0.5588483529859244,2,11.0,0.5575736490878005,2,12.0,0.4087566639708709,9,277.0,0.15117201852240392,0,16.0,0.589761053872209,4,11.0,0.31073104854369327,21,618.0,0.07231536918452564,4,379.0,0.32928402290359243,67,1916.0
375.0,85,492.0,1.5327102803738317,5.6785103474503345,6,22.0,0.4638783617492898,1,15.0,0.4044969644396475,5,37.0,0.2692578949862396,0,2.0,0.8864955761474274,8,347.0,0.15244829584151462,16,231.0,0.1894012121346628,1,6.0,0.2922698628688912,3,35.0,0.48103544480689414,3,20.0,0.6163036000797926,0,6.0,0.7012451683949942,2,17.0,0.6227791248048831,11,227.0,0.12078538779880016,1,10.0,0.6208313568173723,1,18.0,0.4971904236493736,17,546.0,0.21985727019434884,10,412.0,0.27615276824295915,85,1951.0
380.0,88,607.0,1.8792569659442724,6.100765849292825,7,55.0,0.4388371615414332,6,24.0,0.36371709509524736,1,41.0,0.25654446372224476,0,2.0,0.8978557345557423,14,404.0,0.10452363429441115,13,241.0,0.26886568890541,0,10.0,0.2763653214111119,5,57.0,0.25778073438571286,2,15.0,0.3893417675584595,0,4.0,0.9070944541193305,5,37.0,0.6125386753277973,9,162.0,0.34633193853954325,0,10.0,0.6346623897743132,2,18.0,0.7983940149090564,14,393.0,0.3012591166988079,10,377.0,0.22897114753563202,88,1850.0
385.0,71,399.0,1.2314814814814814,6.05668410079777,10,98.0,0.4334338147189153,7,58.0,0.35415155906066065,1,16.0,0.7482319738142184,1,8.0,0.33771783730812466,16,402.0,0.07525659171282902,3,174.0,0.23966241389459753,0,8.0,0.8491486216205739,4,52.0,0.36828511506407047,6,31.0,0.40547065297951873,2,6.0,0.49372820030582115,1,26.0,0.445566990806502,2,159.0,0.41358846775831337,2,11.0,0.6148518053943186,1,5.0,0.6886221319719542,8,304.0,0.34126875021140535,7,261.0,0.18730436390718277,71,1619.0
390.0,66,349.0,1.1044303797468353,5.859863612849727,10,148.0,0.2901710065834669,1,52.0,0.400126883112658,2,19.0,0.7897771525775003,4,27.0,0.5501175729623409,12,288.0,0.10488537252306679,2,159.0,0.3591043737547081,0,8.0,0.9260053443603652,1,19.0,0.3937493374951303,0,32.0,0.4785185858174439,0,6.0,0.4663975388422155,6,21.0,0.5141909228871206,7,140.0,0.35887420174462953,5,31.0,0.3653013579524569,4,15.0,0.460255841649846,3,262.0,0.29811522579104754,9,276.0,0.23975998077210536,66,1503.0
395.0,73,307.0,0.9504643962848297,5.5005947752013,5,143.0,0.39730481865239065,2,21.0,0.5219277998657044,3,26.0,0.3919711178127387,0,19.0,0.7624540979036203,11,214.0,0.2793875425185235,8,185.0,0.28793037794382775,2,6.0,0.34839702829688773,2,23.0,0.36103468907501957,2,9.0,0.6482415172411518,2,10.0,0.6500754194044625,2,30.0,0.44084876901963865,9,139.0,0.17757174862662897,7,49.0,0.15696035938124045,0,14.0,0.36390127325673904,7,273.0,0.30707276612695894,11,326.0,0.268406619040121,73,1487.0
400.0,81,328.0,0.9969604863221885,5.816774608105133,2,76.0,0.4483282148673016,1,19.0,0.6751616559373109,5,22.0,0.07495906473784553,0,2.0,0.7475730947727152,9,245.0,0.3450127492563314,9,182.0,0.18727328877250707,6,35.0,0.1821468884220264,3,37.0,0.7119425483632479,0,7.0,0.7544512459702576,0,5.0,0.7628591539630174,3,12.0,0.41355525404170895,10,128.0,0.14511206303187746,6,52.0,0.40790813916918756,2,14.0,0.629858039060845,10,267.0,0.2706039059055808,15,385.0,0.1866283717165207,81,1488.0
405.0,72,465.0,1.4351851851851851,5.960712276362016,3,79.0,0.3510748161148132,1,18.0,0.788323469806166,3,29.0,0.3182875761422836,0,4.0,0.4753905319127666,9,279.0,0.24490916182259576,4,130.0,0.3192805439903034,6,65.0,0.5726850955167619,3,52.0,0.6348226856899799,1,6.0,0.47110043441644767,2,5.0,0.5269294217134353,2,14.0,0.34276249267577025,7,107.0,0.3942857033186588,2,52.0,0.5758374685739797,0,8.0,0.8822917216318275,9,217.0,0.27663631487845086,20,476.0,0.09648277833595409,72,1541.0
410.0,74,472.0,1.4346504559270516,5.174477302267078,7,103.0,0.34050076084709974,0,0.0,0.5728960829416697,0,15.0,0.6576915134978615,4,26.0,0.33545113291446743,9,273.0,0.1419979311642532,3,154.0,0.36192836769585557,0,53.0,0.6936661326148434,1,27.0,0.35280153818761484,2,8.0,0.4115083665307177,0,10.0,0.48066494378906255,4,25.0,0.627036422944359,3,107.0,0.4896618850443416,6,42.0,0.44606209637546135,2,12.0,0.5644740337676021,5,231.0,0.1559021475924889,28,599.0,0.025186894043024138,74,1685.0
415.0,103,646.0,1.8833819241982508,5.479221141857277,14,163.0,0.31852279575529563,2,8.0,0.584015403606073,1,13.0,0.7868741087095604,0,22.0,0.6617465071395942,7,229.0,0.2557951231589168,9,187.0,0.32016322314832985,1,7.0,0.3832044344156603,5,20.0,0.2507836753669236,4,19.0,0.6374977889008172,2,10.0,0.7108287694323037,0,18.0,0.7032209517368905,8,90.0,0.30657891249830604,12,87.0,0.16379393571357737,2,16.0,0.3108792555856904,9,242.0,0.1997065746761343,27,644.0,0.14678184024147053,103,1775.0
420.0,102,676.0,1.9594202898550726,5.556033711665971,9,160.0,0.3188012826235558,0,5.0,0.5712614016094035,0,6.0,0.6894078355980325,0,4.0,0.8830062979624554,7,250.0,0.25991102713761366,9,180.0,0.0904258641491315,6,29.0,0.33285996372269183,3,36.0,0.42538074068949794,0,14.0,0.7209042296112101,0,6.0,0.7131309790939576,2,5.0,0.6233571836782061,14,136.0,0.11582574650313582,16,167.0,0.04752832857291389,5,27.0,0.1497292407392135,13,240.0,0.21817785786949026,18,578.0,0.33691296378820723,102,1843.0
425.0,93,647.0,1.8753623188405797,5.704707754792366,2,95.0,0.3729386156630177,0,4.0,0.8953445103442638,0,4.0,0.7024308142584736,0,4.0,0.5090188444408016,11,294.0,0.15107283335475724,8,114.0,0.1868424735980334,6,61.0,0.5810798497486803,3,33.0,0.5459142797612327,1,5.0,0.4912109500114992,2,8.0,0.5187046856138839,1,2.0,0.3786437927425451,19,225.0,0.23309954404425415,10,193.0,0.26341946498319296,1,32.0,0.5230093251778388,14,308.0,0.1970019606162971,15,643.0,0.2673179907523491,93,2025.0
430.0,72,481.0,1.4105571847507332,5.847661253099535,1,86.0,0.43381496616741283,0,4.0,0.8528382367118293,1,5.0,0.40777707365952204,0,4.0,0.8531603831900515,10,294.0,0.1350537745202092,3,126.0,0.4063109509875767,6,91.0,0.5964953651931196,3,39.0,0.3242540837633628,1,6.0,0.4670062636196228,1,12.0,0.4901716240569703,5,22.0,0.4235479431755743,13,259.0,0.3783917130054528,0,129.0,0.5262963016487839,0,11.0,0.8060053387917455,16,368.0,0.0960965142736003,12,708.0,0.21683333066550045,72,2164.0
435.0,73,329.0,0.9791666666666666,5.300069738860755,8,110.0,0.33977253561497184,2,7.0,0.6346098584473555,1,9.0,0.2950719939154054,0,6.0,0.8120283543494364,7,238.0,0.2523763476407596,8,154.0,0.4424630509901972,4,77.0,0.31540085096422926,1,20.0,0.3034541000505885,3,8.0,0.6641874074871705,2,14.0,0.670402269871587,0,23.0,0.6145942947585895,5,211.0,0.17597108720150625,3,129.0,0.46987474198593826,3,17.0,0.5146433476923101,18,408.0,0.10978686626886136,8,657.0,0.09041516930961589,73,2088.0
440.0,87,494.0,1.4529411764705882,5.576066551368611,14,168.0,0.2768755073591016,0,1.0,0.7174749330208481,2,13.0,0.7813005520021373,0,4.0,0.8427815245930576,4,238.0,0.3505090784734244,9,159.0,0.16358014616280103,5,34.0,0.21438592484838143,1,9.0,0.8007586253921006,0,5.0,0.6966968030250545,0,2.0,0.7321379385250769,2,11.0,0.6762669746387714,4,215.0,0.17505387341384637,7,159.0,0.3481813571898566,7,44.0,0.24424917573559046,24,503.0,0.17745995698341338,8,510.0,0.10901935454829616,87,2075.0
445.0,93,639.0,1.8575581395348837,5.727656100165766,11,187.0,0.29965045368768284,1,5.0,0.7114698363967658,0,4.0,0.8341920588332873,0,8.0,0.7753816444802071,8,270.0,0.311562520272744,12,137.0,0.09768599497300177,6,49.0,0.34006300353196484,0,4.0,0.9110017254771713,2,4.0,0.48885304284598585,1,3.0,0.5626057704563999,0,6.0,0.5013440299294355,7,236.0,0.30116824239838824,8,158.0,0.28581524992432134,2,46.0,0.4736933704733679,30,641.0,0.1676356230786673,5,410.0,0.34214186180633505,93,2168.0
450.0,85,747.0,2.190615835777126,5.764437607327239,4,139.0,0.3572273473664268,2,7.0,0.668110971627493,1,6.0,0.5013621266834885,0,4.0,0.7959683106876074,9,265.0,0.2649770873837885,4,157.0,0.18551418855372523,5,53.0,0.5620521013079394,1,6.0,0.5258437274379474,1,13.0,0.44355640497566046,1,12.0,0.45089195744557403,4,17.0,0.3702636118098869,15,291.0,0.32331614447867085,1,72.0,0.4680180083610662,2,26.0,0.7237427550787229,33,796.0,0.03590790358332814,2,402.0,0.40111098396700384,85,2266.0
455.0,98,791.0,2.2535612535612537,5.21678939516188,4,147.0,0.34056056542524876,3,21.0,0.6587178186405612,1,10.0,0.21959255079258452,0,8.0,0.8342429289359725,12,224.0,0.17514244180326058,7,165.0,0.4049561180682937,7,64.0,0.31851857327410465,1,11.0,0.20410856195773364,3,12.0,0.5447582502937215,3,12.0,0.6076732244587693,1,26.0,0.4027427989553516,14,307.0,0.09182356924194746,2,71.0,0.32481603209133536,2,25.0,0.7343377963580118,29,852.0,0.06127796375605109,9,410.0,0.3066905789432522,98,2365.0
460.0,94,650.0,1.8207282913165266,5.254329366483696,9,178.0,0.311909221407725,2,17.0,0.34126120685350897,0,5.0,0.6169431183344689,0,4.0,0.8131111698379679,10,265.0,0.11324047249977912,8,159.0,0.3057563179322616,6,62.0,0.19207931528199643,4,20.0,0.5556030258068938,0,7.0,0.6604931177176044,1,11.0,0.6985126468942965,3,20.0,0.6375863592748363,11,261.0,0.13998279999872099,7,98.0,0.3704313888576145,1,9.0,0.25415435218973825,22,779.0,0.20536521599662977,10,391.0,0.2516654773754509,94,2286.0
465.0,88,594.0,1.697142857142857,5.7974047205399435,16,242.0,0.24104238979084178,6,28.0,0.3761802632663148,0,6.0,0.8178069473724574,0,4.0,0.9106582725416777,10,297.0,0.13777360411108922,5,118.0,0.17983983803498182,8,72.0,0.2980741178245732,2,21.0,0.715659829816421,0,2.0,0.7526593014780025,3,18.0,0.3591563899213246,0,15.0,0.7132731312863215,1,221.0,0.38330772769072424,9,143.0,0.4533377841041463,3,20.0,0.5627899402463846,15,767.0,0.25447754536974965,10,318.0,0.19038862721739114,88,2292.0
470.0,79,461.0,1.3022598870056497,5.723355694819899,14,258.0,0.2254906115623352,0,26.0,0.5305409595903229,1,6.0,0.6946576699361858,2,10.0,0.4857895155412976,16,346.0,0.21317855341999598,4,103.0,0.21242969468944417,5,63.0,0.45036813987386937,4,24.0,0.46197229089649783,1,10.0,0.6153091032861612,1,20.0,0.47607603457074144,2,6.0,0.5895455735486242,6,234.0,0.42931437293729136,6,121.0,0.35445118431480993,0,15.0,0.6255657449506584,13,829.0,0.15605648549256765,4,334.0,0.23830811528572865,79,2405.0
475.0,83,461.0,1.2877094972067038,5.263896853759716,7,196.0,0.35331863942863817,2,10.0,0.7058694924114917,0,6.0,0.17594150565790143,1,14.0,0.41716484902789536,21,439.0,0.17668198610734973,7,116.0,0.30587020550014316,6,67.0,0.12305774183049303,3,31.0,0.2311193929047581,1,15.0,0.8026090675642767,2,10.0,0.5538006602590307,1,5.0,0.37472719309683966,12,281.0,0.21832425633113975,2,65.0,0.33767710821361646,1,9.0,0.732049713928911,9,780.0,0.15893320358532395,8,351.0,0.2785103470692669,83,2395.0
480.0,107,753.0,2.1452991452991452,5.545467703418312,3,184.0,0.30896927854856954,0,5.0,0.7406534965021183,5,21.0,0.22775086791008292,0,6.0,0.662508824469783,30,572.0,0.03844806639341425,12,162.0,0.2838734257572301,6,63.0,0.39050941956290175,7,34.0,0.4000694627486201,0,4.0,0.8490545769697458,3,22.0,0.419588082348721,3,15.0,0.41368990220811097,19,367.0,0.03815118549967,5,80.0,0.18974402432313006,1,14.0,0.7187460367393719,5,643.0,0.2765128701904051,8,319.0,0.41128880107629323,107,2511.0
485.0,114,1077.0,3.0683760683760686,5.282511008810341,7,205.0,0.3005034754672478,0,4.0,0.528396674199273,1,24.0,0.6410314834423722,4,14.0,0.37116412860912024,34,737.0,0.02260330452841845,15,231.0,0.14777591603424564,1,55.0,0.39678365302477964,4,43.0,0.5087551154576613,3,5.0,0.5256819774449363,0,12.0,0.6448996529128324,4,35.0,0.570200580178607,23,478.0,0.1682780315282338,9,107.0,0.12186493514673073,0,4.0,0.5506269084713313,3,653.0,0.2823843589319449,6,175.0,0.2815874745991714,114,2782.0
490.0,120,1399.0,4.066860465116279,5.236666369718248,15,266.0,0.23897694439641853,0,4.0,0.4508784992401931,1,13.0,0.8223521239508799,7,49.0,0.4597971091230975,36,915.0,0.0730582340936047,15,306.0,0.027680507899577742,5,29.0,0.3294199042723091,3,28.0,0.49822910309152124,1,9.0,0.5217268614445103,0,2.0,0.8456829016447195,1,22.0,0.6217013757956835,17,492.0,0.26416570671505185,6,110.0,0.11333827007950603,0,2.0,0.8542394692482951,10,685.0,0.2057158851785301,3,195.0,0.16858921302561555,120,3127.0
495.0,118,1466.0,4.286549707602339,5.176683930830239,20,357.0,0.18625776906481004,2,5.0,0.5794878039975052,1,7.0,0.26722550478497337,7,84.0,0.2762196309754151,30,971.0,0.13272815997628615,15,387.0,0.27698436929913894,3,34.0,0.1749748265329586,8,49.0,0.4623448941827022,1,12.0,0.7978378080539191,0,2.0,0.6363328814394282,1,4.0,0.5747271493446492,7,393.0,0.2582684613988922,3,66.0,0.6013606496925457,0,6.0,0.8652480449641968,13,650.0,0.09783415802526456,7,220.0,0.19848091208945037,118,3247.0
500.0,110,1198.0,3.533923303834808,4.832649535009588,22,465.0,0.18152334155170882,1,4.0,0.5793046052471446,6,31.0,0.1489045836598782,4,81.0,0.2956631740419588,22,841.0,0.12532555556930663,9,370.0,0.497159057496898,6,36.0,0.43897836014314523,3,54.0,0.47225314644383465,1,5.0,0.7653699488998448,0,2.0,0.5066214799089589,3,13.0,0.49845096468752376,6,420.0,0.1227455976571822,3,60.0,0.583768015077682,0,4.0,0.8720744807069012,11,541.0,0.10420865028263973,13,276.0,0.19815977300394116,110,3203.0
505.0,98,1020.0,2.9565217391304346,5.068352389690525,24,583.0,0.1797910264248756,1,8.0,0.7269232608123237,7,70.0,0.42971990456831294,0,23.0,0.646158007441952,16,932.0,0.11859167833799053,1,251.0,0.31218015353952433,0,33.0,0.6016954001281056,6,40.0,0.44625637292008724,3,12.0,0.5749122818891939,2,5.0,0.7153719551077375,3,22.0,0.5479105128969283,7,449.0,0.22410064008763567,7,77.0,0.19563448119037222,1,1.0,0.2813988483419142,6,533.0,0.2285538618962235,14,272.0,0.2377011310513638,98,3311.0
510.0,105,1020.0,2.9226361031518624,5.678513292341373,26,711.0,0.14349691664461448,0,0.0,0.8690850287113947,1,64.0,0.6887063678505436,1,15.0,0.4833959048660216,13,1005.0,0.19781136379093925,6,100.0,0.2144342058383064,0,4.0,0.6332205023052437,7,56.0,0.2525659378240674,0,12.0,0.5223204074547132,0,4.0,0.793897106068531,7,49.0,0.42817053255659726,8,410.0,0.28156832009257804,11,135.0,0.11812164109772091,5,24.0,0.11825299322510725,11,555.0,0.2951585445125888,9,200.0,0.3346369294717099,105,3344.0
515.0,98,1128.0,3.232091690544413,5.713459788077996,28,848.0,0.1474032405727037,1,2.0,0.6353370409179518,2,22.0,0.6335057503881159,4,35.0,0.47746708327467774,9,959.0,0.2772667437473847,6,125.0,0.21745221490719205,1,3.0,0.5046641476712662,8,96.0,0.3629824887591249,1,5.0,0.7661560860811755,0,2.0,0.5333800080123786,8,87.0,0.4059742967008187,8,295.0,0.20721229279771014,11,190.0,0.4590739712476471,0,23.0,0.6498572953367194,7,509.0,0.28352886157696755,4,140.0,0.2572838778356697,98,3341.0
520.0,89,1048.0,3.03768115942029,4.864783221844119,24,862.0,0.16423703106177895,0,2.0,0.6933687230205641,4,26.0,0.3160674673332169,0,23.0,0.7641895190362237,7,809.0,0.15584499394867396,8,136.0,0.38578283673389746,6,23.0,0.057960917674841426,9,137.0,0.23508400277977348,0,0.0,0.7731243849608376,1,7.0,0.49780694023945593,3,80.0,0.42059716433710864,3,283.0,0.19074554504442742,11,245.0,0.42772932609894065,0,2.0,0.9061614389381624,10,343.0,0.1903125556077117,3,146.0,0.34066719262346834,89,3124.0
525.0,96,876.0,2.546511627906977,5.120524377995832,17,750.0,0.1927501691324065,0,4.0,0.8623586265084998,7,51.0,0.2938994786160418,0,4.0,0.7908255635475253,7,602.0,0.13992282220130517,5,99.0,0.5033173563484412,5,52.0,0.3773796833135783,6,135.0,0.10396077618177468,1,4.0,0.48783325805680894,3,12.0,0.6109252582616721,2,33.0,0.42013477937084376,8,309.0,0.3875015145620515,16,310.0,0.1901432298213091,1,3.0,0.25278518513313747,11,228.0,0.14011233928538785,7,164.0,0.3775048395612577,96,2760.0
530.0,74,496.0,1.4252873563218391,5.0820170259024335,9,752.0,0.21508060546938673,0,4.0,0.9002939008092063,9,71.0,0.26944231851757705,2,10.0,0.18517700402090734,4,618.0,0.21229355536750164,1,45.0,0.43514826085532327,0,27.0,0.7418218882867084,0,62.0,0.5533330716979262,0,3.0,0.7109821851943637,0,6.0,0.6477576568329662,1,30.0,0.36082658502248877,9,276.0,0.2931928381803124,13,319.0,0.09878388087489634,5,27.0,0.19260824813480767,7,257.0,0.17780460555664537,14,218.0,0.24662738036045137,74,2725.0
535.0,66,284.0,0.8160919540229885,5.633805600132912,8,796.0,0.2004819095878684,0,0.0,0.703331522686255,4,63.0,0.34599564179330705,0,13.0,0.598553932337041,8,619.0,0.32026720115396135,3,30.0,0.25998215148241066,2,21.0,0.5654938945449618,1,40.0,0.5428520451994772,0,0.0,0.8200096763355975,0,2.0,0.7060042524341645,7,51.0,0.4660492431510686,6,189.0,0.199082301606826,5,229.0,0.4560107854976047,0,31.0,0.6772050149164971,8,250.0,0.30702552361334934,14,237.0,0.07871452396456972,66,2571.0
540.0,89,417.0,1.1948424068767909,5.633451202543554,7,731.0,0.19487533615754318,1,7.0,0.5399499711984913,7,66.0,0.42676638790559696,0,8.0,0.8967835540434584,13,668.0,0.26606959410341213,8,57.0,0.11277949881121485,6,42.0,0.09446757042195393,6,64.0,0.5321225630239004,0,0.0,0.9217180528281629,0,0.0,0.9466689560711009,9,94.0,0.4214828748817126,3,175.0,0.18722072894759612,2,196.0,0.4006670731639242,0,6.0,0.8853389003027451,13,230.0,0.22189187736998195,14,232.0,0.15395588361460447,89,2576.0
545.0,87,483.0,1.3491620111731844,5.205314576560018,5,564.0,0.23076874259484964,0,5.0,0.7754221262996226,8,100.0,0.5450897030115763,0,4.0,0.8680593586418595,16,645.0,0.11910891542260557,9,85.0,0.1396814596227335,5,54.0,0.14177869046956798,1,54.0,0.3792857077940508,1,3.0,0.7426081915305803,1,1.0,0.5642062470087162,11,144.0,0.23393840147314626,7,193.0,0.15514456274392568,8,212.0,0.23619376424410304,1,3.0,0.5790808181303749,10,182.0,0.19082940307705315,4,237.0,0.35161934532409633,87,2486.0
550.0,82,427.0,1.1861111111111111,5.277279835437363,2,488.0,0.2329902217142609,0,4.0,0.8833800570749152,3,86.0,0.4983378369524277,2,7.0,0.6443849061939201,17,496.0,0.10107379725795161,0,52.0,0.5968029600805407,0,24.0,0.6654146995453301,3,26.0,0.5209020269587652,3,12.0,0.576259942856611,0,0.0,0.8678821684681796,8,149.0,0.20402731332089316,13,249.0,0.2389842736208276,14,268.0,0.006307396908381869,3,14.0,0.1620592027681105,5,193.0,0.22470254040857027,9,256.0,0.30776629919752363,82,2324.0
555.0,85,454.0,1.261111111111111,5.3955083599363824,7,513.0,0.21651977733971955,0,0.0,0.73204921356346,5,47.0,0.30409988282831985,5,24.0,0.1829117686824995,16,370.0,0.23448883261839581,2,49.0,0.5861293463022038,3,28.0,0.64714825967812,3,37.0,0.5759190951239054,0,8.0,0.45654311698321426,0,0.0,0.8592313566623675,1,95.0,0.4921813183594825,11,238.0,0.4122876446366501,11,267.0,0.10278928526134741,4,32.0,0.48335390064284667,9,177.0,0.16686316177470686,8,246.0,0.20669157831145754,85,2131.0
560.0,83,402.0,1.095367847411444,5.35220242848011,12,564.0,0.21381192646805647,2,6.0,0.6089182843444707,6,51.0,0.47728830072902234,4,36.0,0.11029136457428038,8,403.0,0.284382047712174,6,63.0,0.28179937479400774,7,49.0,0.4764147139492635,6,62.0,0.13682753730984445,1,5.0,0.8337010503846898,3,6.0,0.5619742378068693,1,26.0,0.7215472621206658,5,163.0,0.29420325739917996,3,176.0,0.5093481383732934,1,29.0,0.7115722699390135,9,183.0,0.119107493755346,9,196.0,0.12619655276526212,83,2018.0
565.0,90,483.0,1.3054054054054054,4.91045905002769,15,537.0,0.19588855354987986,1,9.0,0.5231218981884904,2,48.0,0.3962232012001878,1,28.0,0.5822991451438726,8,384.0,0.21580421054053445,13,116.0,0.06416855496922838,11,96.0,0.36179820369856247,9,102.0,0.3348617940672734,0,0.0,0.7652194240009965,6,28.0,0.3877862148871645,3,23.0,0.521125568566499,4,174.0,0.20926630935692858,2,183.0,0.3689420329857277,1,12.0,0.8122629032784651,10,166.0,0.14843948697777729,4,179.0,0.25149358887066,90,2085.0
570.0,103,559.0,1.5108108108108107,4.694171335059075,14,417.0,0.15967984247364356,1,9.0,0.7819255467945015,6,36.0,0.33874983823002713,1,18.0,0.8608614515329757,12,356.0,0.15637408539299696,12,153.0,0.27243614544796796,12,155.0,0.20874130214827813,4,93.0,0.5249026258174613,3,8.0,0.5575168666151236,1,31.0,0.6342994760684268,7,49.0,0.3175915173615601,9,203.0,0.2305418171856864,10,212.0,0.18502770402151028,0,3.0,0.38115176351026886,3,148.0,0.1594362669300921,8,184.0,0.28989002864956204,103,2075.0
575.0,91,393.0,1.0452127659574468,4.904451063919632,11,465.0,0.18197977124433087,1,7.0,0.7429797508568949,2,38.0,0.3249782997123101,0,6.0,0.679228353222079,11,254.0,0.23079145912025778,3,124.0,0.4944074020479294,9,166.0,0.28044712401232313,2,45.0,0.5144852590998947,2,14.0,0.4273468775596094,2,11.0,0.7094367408269439,4,53.0,0.3605331600451643,10,202.0,0.24406433703711883,14,216.0,0.066387379050526,5,19.0,0.15813866638192936,7,151.0,0.15530531245593265,8,179.0,0.2738588575334294,91,1950.0
580.0,85,368.0,0.9533678756476683,5.172908994143588,11,515.0,0.18781183171390808,3,14.0,0.543075182924278,6,31.0,0.47308577287357945,5,22.0,0.3725247029515373,8,252.0,0.20118275644466568,3,128.0,0.25160504900896336,4,119.0,0.4534045261113571,5,28.0,0.31477284503796055,3,21.0,0.6846250457057627,3,10.0,0.39718044792621826,3,23.0,0.619162961424485,4,141.0,0.16930220570579457,6,170.0,0.44664453513302477,0,26.0,0.5772530681234884,14,208.0,0.23836216341096206,7,140.0,0.13750096986416235,85,1848.0
585.0,90,448.0,1.1758530183727034,5.152080972634415,17,582.0,0.17806575463480223,0,8.0,0.554594163949699,6,65.0,0.40407307015602606,6,52.0,0.4093336198304968,10,251.0,0.14647430145357038,10,168.0,0.1278196277290269,2,95.0,0.4903509694874233,5,39.0,0.44485071650651925,0,9.0,0.7970877028247609,5,36.0,0.4130335606196343,1,23.0,0.6309574080556208,6,168.0,0.16863220396730352,4,171.0,0.3816461810721595,0,8.0,0.9063939807251328,14,229.0,0.22532841562777753,4,136.0,0.1732062659429046,90,2040.0
590.0,108,649.0,1.6901041666666667,4.8208643416696555,22,680.0,0.13127756881527444,0,0.0,0.8612410989324664,2,63.0,0.37012394933942894,6,86.0,0.3960740361849928,10,232.0,0.11381146200820333,16,237.0,0.21061409772976233,7,100.0,0.29574643675629536,1,22.0,0.3400898450962706,2,7.0,0.6798976814711793,0,28.0,0.6489167712218451,4,28.0,0.3960252687240391,9,205.0,0.25747798283187306,9,186.0,0.17755537669301616,0,4.0,0.832292006172115,12,201.0,0.12709558243378727,8,151.0,0.389655376289776,108,2230.0
595.0,123,799.0,2.0645994832041343,4.510781739432777,29,809.0,0.11520994126391541,1,4.0,0.739212895148465,0,22.0,0.5889570494510982,1,72.0,0.38280441628898837,11,215.0,0.13709520390966953,14,268.0,0.36088863725209425,11,158.0,0.11943747443436811,2,22.0,0.1512155288157187,0,0.0,0.5128134046208301,2,10.0,0.6804564298739437,10,69.0,0.3860909911380621,10,197.0,0.2663181364330262,10,188.0,0.09235562951739999,2,11.0,0.30497020258013746,13,262.0,0.10005269817523024,7,149.0,0.2847473794092205,123,2456.0
600.0,96,680.0,1.7894736842105263,4.868187233818919,30,828.0,0.10361848658704739,2,16.0,0.47343347866561125,1,10.0,0.5348885578033119,0,12.0,0.7016429779719575,9,175.0,0.25973144605523535,7,221.0,0.2691044309175087,6,145.0,0.33446383819485564,4,38.0,0.48991865199272555,2,9.0,0.6643961768884551,1,6.0,0.5092628544171753,5,74.0,0.29846560768934854,8,142.0,0.16472120339032356,5,135.0,0.4528949514030592,0,12.0,0.4786174052551603,10,309.0,0.10434320291315183,6,109.0,0.18315576569746367,96,2241.0
605.0,75,448.0,1.1820580474934037,5.2256142360335565,23,728.0,0.15858770062604097,0,7.0,0.7121879563805986,2,16.0,0.5446592870557992,3,16.0,0.5619006210807603,4,169.0,0.2545525198177736,7,145.0,0.1730125472379089,1,68.0,0.5261475610945836,1,27.0,0.7384703980602616,2,19.0,0.580274422263046,5,20.0,0.3334307558866217,1,43.0,0.35165621631845473,7,157.0,0.13774671866828775,3,135.0,0.43936148839177347,0,8.0,0.8336397302476974,10,312.0,0.2003200089533562,6,89.0,0.2668435858397693,75,1959.0
610.0,78,476.0,1.2493438320209973,6.055232312756352,18,568.0,0.21402489388348825,0,4.0,0.8791201835366398,2,16.0,0.5980416443592992,6,44.0,0.5097272636986558,7,141.0,0.2228172967478542,4,157.0,0.2279945435908228,3,56.0,0.43821320027442173,1,13.0,0.7537354730723854,0,0.0,0.7764412451765812,3,31.0,0.3587393734604876,4,23.0,0.5156541027129938,9,195.0,0.2636204004876645,8,156.0,0.2656952916144538,1,6.0,0.7511834884465564,6,258.0,0.3218349634632753,6,88.0,0.5759951171275531,78,1756.0
615.0,95,526.0,1.3591731266149871,5.27252613529404,12,486.0,0.30007397902265837,2,8.0,0.6439766933742069,6,36.0,0.48335030929712136,9,81.0,0.013393044670429491,10,157.0,0.1551953614554533,7,157.0,0.20652461397933486,9,88.0,0.3480094509070466,0,3.0,0.272993458692224,2,5.0,0.5474524826812456,3,26.0,0.5790944384988458,2,20.0,0.35899156704360113,9,208.0,0.3090942255446567,14,218.0,0.06048583135913584,3,16.0,0.07883907537026481,5,249.0,0.2587448044279239,2,76.0,0.4748239489273853,95,1834.0
620.0,114,627.0,1.62015503875969,4.849396651168878,3,461.0,0.36947629511628943,7,32.0,0.40584625264231117,12,85.0,0.2821737563298215,6,95.0,0.12073786984582595,12,154.0,0.2679073303496609,15,218.0,0.31723616797332044,10,100.0,0.27038375304565454,2,18.0,0.37421080946428587,0,0.0,0.6439783432125709,1,15.0,0.572761615318285,3,23.0,0.49210309397448776,9,179.0,0.26199876401687566,19,310.0,0.2028617983534192,1,22.0,0.2093143477279054,8,280.0,0.1739517826203743,6,54.0,0.17772330043558118,114,2046.0
625.0,111,696.0,1.8172323759791122,4.705763414825096,6,448.0,0.3487975708879945,13,84.0,0.2234065972919277,18,167.0,0.1509744470116913,0,38.0,0.635718754976713,6,161.0,0.23127453425090017,15,233.0,0.3198551650466011,4,82.0,0.3427061916300198,2,28.0,0.6992021355451602,0,0.0,0.9456993916195031,2,16.0,0.5428740023246595,1,14.0,0.6747481019022459,6,173.0,0.1961844566447454,15,329.0,0.2218233025244306,0,8.0,0.7821340390252788,9,280.0,0.12844007757269948,14,113.0,0.10755831531948239,111,2174.0
630.0,105,708.0,1.873015873015873,5.090629405858312,12,491.0,0.24213263646799005,11,120.0,0.22742116346374583,19,264.0,0.028018878566155665,0,4.0,0.8469628805329307,10,164.0,0.15381214528775125,10,200.0,0.28717206093687014,6,100.0,0.45456234846160987,0,8.0,0.8705211435706843,1,5.0,0.5710291005345871,0,3.0,0.5776145423790675,3,17.0,0.6987610615239681,6,186.0,0.25195399719381323,10,265.0,0.2966952448113635,0,8.0,0.8593876453406633,9,241.0,0.20512132638275696,8,135.0,0.44619925517760356,105,2211.0
635.0,94,571.0,1.4566326530612246,4.780346619911132,14,489.0,0.2078395735768444,3,106.0,0.3202852658906004,13,297.0,0.26913962019831206,2,11.0,0.24343934990894953,13,177.0,0.11787926067041153,4,186.0,0.17747598169149523,9,120.0,0.31944148020058094,1,5.0,0.5313393740281929,2,14.0,0.6850455343508054,2,9.0,0.558373541066711,5,34.0,0.5488792841665353,14,232.0,0.14670033281757486,4,165.0,0.24208684097053745,1,11.0,0.6574273833004669,7,266.0,0.2539364975625641,0,90.0,0.5387873358440988,94,2212.0
640.0,112,565.0,1.3985148514851484,4.982458920847592,11,402.0,0.2362747227049494,4,119.0,0.46201567565509394,5,251.0,0.21402619825290417,7,38.0,0.4092497935060966,15,176.0,0.22844063597688233,7,209.0,0.32763616984024313,14,170.0,0.16658847565538745,6,26.0,0.35265298523913596,0,6.0,0.7512396099770119,0,3.0,0.6647854474085568,6,64.0,0.40844285819427745,15,263.0,0.045196838173145674,2,174.0,0.29766824781495715,7,33.0,0.45053146248431186,11,293.0,0.237213485202226,2,78.0,0.4401505797020825,112,2305.0
645.0,109,527.0,1.3175,4.7946068762517156,12,271.0,0.24811003039860133,11,157.0,0.3932905423214554,3,250.0,0.3406151736756574,1,44.0,0.5826918637337286,9,223.0,0.19830119400505217,9,201.0,0.29104989432109074,18,257.0,0.07692190657822202,1,30.0,0.15323820970496282,2,7.0,0.49409758065329434,0,0.0,0.8812087378919122,4,55.0,0.22818040268492104,12,252.0,0.29714248982013153,7,194.0,0.42180797477505727,2,37.0,0.4504680184928429,10,290.0,0.19840245390521488,8,110.0,0.2194899807808779,109,2378.0
650.0,114,658.0,1.6287128712871286,4.794607831949436,4,287.0,0.29913935785693574,16,228.0,0.2057382739939539,9,279.0,0.3149755089788572,1,16.0,0.5789828234846385,10,239.0,0.14276605622416666,8,167.0,0.32102824235928595,13,279.0,0.239155124339146,3,22.0,0.527056394295004,0,8.0,0.47385891813018394,1,5.0,0.619153339192609,3,28.0,0.4458577904346385,5,274.0,0.356262965901679,12,243.0,0.27257020642869106,6,28.0,0.4440521921082072,10,245.0,0.1456002264886613,13,171.0,0.2899970456106203,114,2519.0
655.0,128,825.0,2.0522388059701493,4.35289476109068,8,302.0,0.3228214916295733,17,262.0,0.16987411954528922,10,276.0,0.2075161564687076,0,8.0,0.546008682037923,16,287.0,0.13012364000723672,6,190.0,0.1620229049994936,5,216.0,0.1782367101783824,3,37.0,0.6847916903852848,3,13.0,0.47913148696231805,2,12.0,0.6820884770834913,1,14.0,0.6003994419493811,10,306.0,0.17251174504208688,19,322.0,0.08405363574962063,2,28.0,0.2681882644258714,13,188.0,0.13235719869659912,13,236.0,0.3901153592776444,128,2697.0
660.0,126,812.0,2.0505050505050506,4.163269984466664,8,278.0,0.230623456684424,12,246.0,0.2329380536846878,9,193.0,0.26147042330592907,2,7.0,0.5454646272343436,19,321.0,0.06458719661915562,10,209.0,0.1376235809405935,2,204.0,0.16053255205360192,1,22.0,0.49931819143485934,0,11.0,0.6752169481010447,0,7.0,0.7485230149536992,5,25.0,0.5578321881427271,11,305.0,0.0798102878186492,15,349.0,0.08057402930198716,6,31.0,0.1374010312097455,8,215.0,0.2338052428289046,18,312.0,0.2513539740198092,126,2735.0
665.0,113,764.0,1.891089108910891,5.021981138844856,11,201.0,0.23896792451065613,3,240.0,0.3705933971398542,5,198.0,0.19679439244963057,1,21.0,0.5048808217763383,15,300.0,0.23804221286737492,16,263.0,0.33869290815646996,7,232.0,0.12764702027113778,2,14.0,0.3347677540801936,0,4.0,0.895316044585896,2,7.0,0.4746580066678877,2,29.0,0.4356293118283031,9,260.0,0.14554646381778352,6,281.0,0.4310400153616715,2,47.0,0.6125948181978348,8,207.0,0.2598112871399204,24,417.0,0.12070710885376855,113,2721.0
670.0,112,711.0,1.7383863080684596,4.8345861023844545,9,139.0,0.3129164163831639,7,260.0,0.2920513050838934,8,200.0,0.17317566198706166,3,20.0,0.46339285707596706,12,244.0,0.29049848167860404,16,285.0,0.26632434360608725,7,214.0,0.3085242100905206,2,22.0,0.42199915962915585,0,0.0,0.6964264509211591,0,6.0,0.545312936061543,4,20.0,0.45067909966900976,8,284.0,0.28602949093044855,4,293.0,0.3340154759598102,1,29.0,0.7937520153331583,10,208.0,0.14421328395812988,21,456.0,0.054636917989471324,112,2680.0
675.0,105,590.0,1.4713216957605986,4.920339235880685,4,135.0,0.3260438632820615,6,239.0,0.19762469973763885,12,252.0,0.41596407285437614,8,50.0,0.481651512352738,7,212.0,0.27904671467298187,16,262.0,0.14166436831166204,1,115.0,0.6359127765289565,3,30.0,0.676613278532237,3,15.0,0.434109344076738,1,5.0,0.7264012297768144,1,17.0,0.41175282738595875,10,322.0,0.24969477892188693,8,320.0,0.2349197609994202,2,24.0,0.4151784579798869,12,180.0,0.12835253751930387,11,387.0,0.2543095485034582,105,2565.0
680.0,75,305.0,0.7439024390243902,4.78160740924875,7,120.0,0.32808785579089206,7,175.0,0.23234454970921603,6,225.0,0.45648938800934985,3,55.0,0.39285660427899555,4,190.0,0.32293801642803693,14,293.0,0.10955009611963912,1,96.0,0.44783193504398117,0,20.0,0.5772096876892288,0,12.0,0.7097565481190937,0,2.0,0.6539446842433739,3,17.0,0.5793122861126363,11,309.0,0.1485850285857825,9,298.0,0.09425460215508351,1,11.0,0.13965085013532044,4,191.0,0.24539495814677525,5,254.0,0.27608436386433716,75,2268.0
685.0,87,339.0,0.8071428571428572,5.401109931341715,13,162.0,0.25836096512246076,4,152.0,0.26302578648350605,1,126.0,0.29491561874678945,6,44.0,0.3564120132794527,7,195.0,0.4022633484715641,10,317.0,0.15513277598292188,7,117.0,0.23519788648207138,1,5.0,0.36866013822164445,0,4.0,0.9213934561634471,2,4.0,0.4151947235414657,5,39.0,0.6073107863417398,11,242.0,0.10819580953334063,8,233.0,0.40602638603192626,2,19.0,0.7036567347100051,8,177.0,0.25911416279189314,2,238.0,0.2837577835296195,87,2074.0
690.0,102,481.0,1.1452380952380952,5.084783641796569,18,242.0,0.18957120370628874,5,171.0,0.25934931189950877,3,136.0,0.15618995665742294,6,53.0,0.3788828794256165,13,243.0,0.36511329566689354,8,288.0,0.21173944097482722,7,115.0,0.14514842382371185,2,12.0,0.20122180677984963,1,1.0,0.6721539137589412,1,10.0,0.44334630719783324,3,36.0,0.5276882909952539,7,259.0,0.2801762130609718,4,240.0,0.3301600720006428,1,11.0,0.8366822674246122,15,221.0,0.14820715508735346,8,259.0,0.17361901756442907,102,2297.0
695.0,135,916.0,2.2287104622871046,5.030048250621892,23,351.0,0.16989883602017955,12,215.0,0.19618910946736634,10,177.0,0.2906202943599915,2,38.0,0.5033714519190124,19,322.0,0.27254665668110095,7,227.0,0.21765039155801877,1,71.0,0.5642992206288274,2,21.0,0.712255823684355,2,9.0,0.49217403420997924,3,11.0,0.6960970347585457,6,29.0,0.3823835423237511,8,276.0,0.3161956550434332,9,270.0,0.2151040612572615,2,13.0,0.36954962700092103,21,317.0,0.05033182800267683,8,243.0,0.2554949113556278,135,2590.0
700.0,146,1154.0,2.8284313725490198,4.657693203861388,20,399.0,0.20200676030511458,13,233.0,0.20827630621951876,10,161.0,0.44289885700690523,6,37.0,0.49787489781973354,25,438.0,0.16764367868692068,6,237.0,0.12535721216185333,2,56.0,0.47932163375364933,0,8.0,0.8844931812078873,0,6.0,0.5945343127708872,0,5.0,0.7121753241825493,7,46.0,0.24410626742504934,9,257.0,0.19031149449455995,16,340.0,0.057791702238895924,1,12.0,0.2223328303379291,28,446.0,0.049515576976623454,3,173.0,0.4217716786794002,146,2854.0
705.0,146,1367.0,3.383663366336634,4.669762927966926,13,360.0,0.21962390854429567,8,194.0,0.4009678539281855,5,98.0,0.21596095759072845,6,63.0,0.5297108774500935,27,568.0,0.027032439104196542,7,251.0,0.1764292485745978,9,80.0,0.16284469774924404,2,7.0,0.5355774349658851,0,4.0,0.8946601945423944,2,5.0,0.3620511444886669,6,56.0,0.28259997140805965,11,199.0,0.11290050718661089,16,345.0,0.3154265896543675,0,9.0,0.7140306604885462,31,600.0,0.13999448523656136,3,180.0,0.22834225890655205,146,3019.0
710.0,146,1587.0,3.880195599022005,4.349700622396049,8,368.0,0.24256013128146436,5,119.0,0.28744754067023554,4,113.0,0.12278686499843759,1,51.0,0.4274670402371683,29,709.0,0.030958504618627498,15,312.0,0.2244317395701395,14,140.0,0.030658239749040993,7,31.0,0.4360862433573049,0,2.0,0.7727219710168886,2,14.0,0.36324523239901824,4,63.0,0.25811036272567345,6,214.0,0.14802795946414912,8,264.0,0.28605545572879243,0,8.0,0.8493055626303126,34,762.0,0.1351291890052464,9,216.0,0.07614784875909993,146,3386.0
715.0,162,2077.0,5.115763546798029,4.490912933237489,8,399.0,0.26530529820847865,2,115.0,0.36809303734206694,10,142.0,0.19502290011659332,3,19.0,0.3862058107381687,31,859.0,0.1055147824242472,15,327.0,0.20277620566738258,15,221.0,0.26032332657886403,2,35.0,0.20298101766597207,3,11.0,0.6337842861509095,2,8.0,0.6415867829830637,8,76.0,0.4542266264428006,7,224.0,0.1896685001097666,7,268.0,0.19036157093493486,0,4.0,0.8273569942823104,35,932.0,0.06617728947034722,14,280.0,0.24629200125721923,162,3920.0
720.0,184,2618.0,6.611111111111111,3.9701228747003956,15,459.0,0.17648583553951755,6,119.0,0.28982243544684433,16,210.0,0.21428777716122915,3,16.0,0.4468892177297695,33,1018.0,0.14332270383606105,11,258.0,0.13314988873255001,9,230.0,0.49300902169802935,8,38.0,0.16115369691352613,1,9.0,0.4570018521714692,2,11.0,0.6536197092306634,7,84.0,0.445000591480409,13,276.0,0.2226752511520879,8,304.0,0.14902548292273088,2,8.0,0.1880238594548514,36,1114.0,0.011147447041841353,14,350.0,0.28874119562596634,184,4504.0
725.0,166,2421.0,6.0525,3.7506905249872955,21,548.0,0.16190402163778014,8,125.0,0.2332220838428705,12,236.0,0.24171949434429282,5,38.0,0.5035645389565727,29,1064.0,0.12599141924097562,4,286.0,0.20298297188509376,2,141.0,0.3047438655541127,3,55.0,0.5313417026128632,7,24.0,0.3619379931818679,2,18.0,0.5112639108112632,5,63.0,0.33686785232902633,20,362.0,0.19538634160969998,10,279.0,0.24162828724353663,0,14.0,0.5173829132738326,30,1175.0,0.11899250402134867,8,329.0,0.17472201239783786,166,4757.0
730.0,134,1724.0,4.25679012345679,4.887659661821293,21,565.0,0.18126682567738772,4,98.0,0.3274527527127447,6,191.0,0.32883731202626865,5,63.0,0.5238962692605466,23,977.0,0.07608383635750308,8,300.0,0.2694259563351692,1,142.0,0.15747661860403472,1,34.0,0.7512167840804413,2,35.0,0.5645542421540947,2,14.0,0.46309643211233276,7,58.0,0.3961184566686377,22,403.0,0.13571432211841555,4,209.0,0.408266144931702,0,8.0,0.8434074699805207,22,1098.0,0.28482061644313733,6,207.0,0.3471752871745235,134,4402.0
735.0,112,1146.0,2.801955990220049,5.283909783138741,17,472.0,0.17016496534435635,1,83.0,0.4764434120482337,3,184.0,0.26911728628399945,0,46.0,0.6011301779200184,19,792.0,0.11836230671036432,9,290.0,0.23457541360007297,7,174.0,0.1843821825601685,1,7.0,0.5413728358873601,2,15.0,0.6704196320449953,2,12.0,0.640221176305589,8,96.0,0.30759077609201907,19,361.0,0.08759132451095679,3,206.0,0.3937555094445025,1,10.0,0.6181507494231254,16,898.0,0.34356058573858916,4,219.0,0.3795272773911363,112,3865.0
740.0,98,597.0,1.4668304668304668,4.800137888975137,13,376.0,0.2394548319687649,8,100.0,0.46920470162551053,7,196.0,0.31551731138135347,0,4.0,0.4766607965233787,8,838.0,0.2064596164130852,8,221.0,0.2852942680473883,10,169.0,0.38251499047935067,4,21.0,0.21211649781004718,2,12.0,0.4089357530073935,0,8.0,0.6677292567109785,5,95.0,0.23530570403361972,8,419.0,0.2524448230002653,7,237.0,0.16703193297670857,1,12.0,0.3211900036079822,8,940.0,0.2593132708347473,9,232.0,0.17070250509981696,98,3880.0
745.0,102,498.0,1.2357320099255582,5.0921138266973855,8,282.0,0.3481547935899404,13,153.0,0.3010853864223662,14,256.0,0.2639157733380013,0,4.0,0.8557290861757019,9,845.0,0.32479425173494325,4,236.0,0.306639206243353,4,108.0,0.3716842610050563,3,30.0,0.404340549448587,7,32.0,0.32170597672524825,1,5.0,0.5421977162378764,1,38.0,0.4496638903446874,8,429.0,0.3116286625545025,8,223.0,0.2554174778573238,6,28.0,0.3901632831382801,7,970.0,0.21071558827701625,9,201.0,0.2381267577623066,102,3840.0
750.0,101,643.0,1.5915841584158417,5.320576336419554,4,249.0,0.3718610540431518,19,233.0,0.13508313897858562,17,337.0,0.24088421218643297,0,4.0,0.9192198215575119,8,784.0,0.3920731013443821,9,267.0,0.20818582450796777,3,80.0,0.2874768107257034,0,15.0,0.7424815985952111,2,41.0,0.36450009385169385,0,10.0,0.4514090876220047,1,14.0,0.5254023030276179,14,478.0,0.22221153027402196,5,156.0,0.3709723614293787,1,34.0,0.661216205329615,14,1028.0,0.2045829031990084,4,120.0,0.433530612993771,101,3850.0
755.0,124,833.0,2.016949152542373,4.857010010056883,7,226.0,0.3565516501804111,25,348.0,0.09888544304759868,14,339.0,0.1186773271724086,0,4.0,0.6228949351754623,7,614.0,0.24990552740205504,10,254.0,0.2325726052373688,8,96.0,0.2935275263432055,2,11.0,0.608090355517622,2,14.0,0.4707223912718465,2,12.0,0.7160671449149482,4,12.0,0.5299139960429881,21,570.0,0.1482991181577099,2,79.0,0.297412279406054,2,15.0,0.5832128778580489,17,997.0,0.09605299337227227,1,70.0,0.47950399776524844,124,3661.0
760.0,139,984.0,2.354066985645933,4.682718907415835,7,195.0,0.2398047774119785,28,487.0,0.13660094334650288,9,260.0,0.1467599880798863,0,8.0,0.6423172203004959,4,585.0,0.1187408765933909,11,202.0,0.2698458268296915,14,157.0,0.3418465706226073,3,26.0,0.5101837000722795,1,16.0,0.5103340090976022,0,5.0,0.8057085715107594,6,38.0,0.5562760511162367,23,597.0,0.1401953928733896,3,81.0,0.28368530912645873,3,26.0,0.3767249609058634,20,871.0,0.11993065601056606,7,93.0,0.4644015556366345,139,3647.0
765.0,130,991.0,2.428921568627451,4.356729696261102,8,135.0,0.2505643648821518,23,534.0,0.16100641385740871,4,284.0,0.32717406908220037,1,13.0,0.7960252336611823,9,619.0,0.1571109500248362,6,205.0,0.25941151593700557,14,229.0,0.1578614433021438,0,9.0,0.3241906088208656,1,7.0,0.6437829738610968,2,8.0,0.4568049557310039,8,71.0,0.3676748704744307,20,548.0,0.11144135591651091,7,94.0,0.4544826389671732,7,42.0,0.3412200725906447,12,828.0,0.20393950239444367,8,100.0,0.2751606075734058,130,3726.0
770.0,126,899.0,2.208845208845209,4.489196416357409,2,128.0,0.32308752278967023,18,496.0,0.15401065935752042,9,315.0,0.375687793454389,1,9.0,0.5546752464184833,16,683.0,0.21005570063631382,7,226.0,0.22161122167334482,14,238.0,0.07534099771302658,0,6.0,0.46994500496122343,1,12.0,0.8037955049001707,0,7.0,0.3835483366764337,5,82.0,0.2564794346997944,12,620.0,0.12490364038085244,10,141.0,0.4591564804604145,12,91.0,0.29132410350439225,11,859.0,0.25143312117773475,8,93.0,0.16097929351288917,126,4006.0
775.0,124,783.0,1.905109489051095,4.67248840270978,7,134.0,0.3399874506923619,16,424.0,0.22197244613188755,9,285.0,0.18948770717547855,6,29.0,0.3801331291174553,16,649.0,0.21687567730656326,14,289.0,0.136873620429648,6,192.0,0.22954537590438742,1,10.0,0.8034124196583301,0,2.0,0.8795200016312327,3,14.0,0.5339512647073972,3,70.0,0.445123121296288,12,660.0,0.10779206375829226,8,138.0,0.21887079392615133,13,158.0,0.1502242264874096,7,790.0,0.19312248792848827,3,102.0,0.35204946917463364,124,3946.0
780.0,115,667.0,1.6348039215686274,4.811754608811089,13,181.0,0.20476882592532644,9,366.0,0.29516984520940315,13,214.0,0.11956545298130668,0,31.0,0.6105144104413055,12,499.0,0.1309658322253484,20,374.0,0.2871005502746201,2,204.0,0.21834543276426338,1,15.0,0.8195370064389706,2,6.0,0.7783077788452748,0,9.0,0.6684847593780844,5,77.0,0.5080565442524311,10,629.0,0.09829523080218555,5,106.0,0.22938386434613614,8,172.0,0.3369349820464297,7,606.0,0.13089274638465384,8,101.0,0.4302854384211018,115,3590.0
785.0,116,747.0,1.8308823529411764,4.697842034389435,19,263.0,0.2158196700974178,4,342.0,0.37804321315949574,7,259.0,0.1385456040867417,2,8.0,0.7233784082805954,18,316.0,0.15815923979196142,24,485.0,0.28298573513625064,8,231.0,0.04812631528474876,0,2.0,0.3481522899540752,1,2.0,0.5791549672017458,0,2.0,0.8264907649662667,10,114.0,0.42404711092117847,5,505.0,0.13921564772580813,1,86.0,0.3904323696898434,2,119.0,0.4798641969089983,2,575.0,0.24148502469188507,13,144.0,0.29448062080181153,116,3453.0
790.0,145,1118.0,2.655581947743468,4.807504050639165,21,366.0,0.19304945027190049,5,323.0,0.3634330036340186,9,276.0,0.3001262264170194,4,21.0,0.25976865181238784,7,357.0,0.28568258005410807,31,620.0,0.17192858841075695,9,223.0,0.30886605274180085,5,17.0,0.11885101965988375,6,25.0,0.28707505412205786,1,3.0,0.6602229584526386,14,175.0,0.3122711609219533,6,460.0,0.28716243232247163,6,83.0,0.5050618777237311,2,82.0,0.47438475720626405,8,585.0,0.29112076158573474,11,162.0,0.0406062969271407,145,3778.0
795.0,151,1462.0,3.52289156626506,4.576693851902543,24,483.0,0.16224130290142647,8,298.0,0.1772829707211728,10,268.0,0.3515380443377799,2,26.0,0.4821133191318155,6,360.0,0.31654155576545967,34,786.0,0.06915652886894219,0,140.0,0.5727151020530316,0,23.0,0.5836977873643069,7,52.0,0.24871296577190152,3,16.0,0.42093777026502344,15,246.0,0.19067127780468238,7,487.0,0.32307169127581337,12,131.0,0.2618882707748677,7,101.0,0.22033190241681058,9,509.0,0.2616778964327503,7,128.0,0.16274728715411346,151,4054.0
800.0,163,1751.0,4.178997613365155,4.419957813925229,26,607.0,0.15808154104633884,8,237.0,0.23178156497483113,10,208.0,0.14197771454290312,2,23.0,0.7191238409317877,14,402.0,0.17263177768564558,30,840.0,0.04112247644813724,4,149.0,0.23117535876703063,0,8.0,0.9178312564859022,2,41.0,0.5309305648279067,0,9.0,0.7263369608436062,17,328.0,0.21451331108921473,11,531.0,0.15125526228025662,12,144.0,0.10254090058923053,13,164.0,0.09914017183527997,10,334.0,0.20138594808250831,4,129.0,0.48283938636790563,163,4154.0
805.0,143,1492.0,3.569377990430622,4.52239923250298,21,635.0,0.19226889003424374,4,222.0,0.31178933133155734,9,233.0,0.10725325254619109,0,6.0,0.8477692125409124,15,389.0,0.10391057923986224,21,782.0,0.1643834490396721,9,190.0,0.33684015602834866,1,10.0,0.5262077208450014,5,38.0,0.5878023474854706,0,4.0,0.8780346851700412,12,330.0,0.27836883037336707,17,613.0,0.0663245231526962,6,119.0,0.15909060506267253,7,162.0,0.4699189338613961,8,274.0,0.13874200064719508,8,150.0,0.3820441408045168,143,4157.0
810.0,123,991.0,2.4053398058252426,4.707835880286001,15,539.0,0.20237521554396687,8,217.0,0.4417443096792562,9,261.0,0.15193938691868736,3,6.0,0.2823237395467527,15,465.0,0.16883974432237733,15,809.0,0.254918068626048,3,161.0,0.5226268589403118,6,32.0,0.3368072735702291,1,32.0,0.33296529634056365,0,0.0,0.7244650715137947,5,246.0,0.2690756952358128,17,599.0,0.30522900083070004,6,91.0,0.3064748939123663,0,80.0,0.5989261648977329,6,289.0,0.15351057538139162,14,208.0,0.16381199275800695,123,4035.0
815.0,113,649.0,1.5489260143198091,4.90758469755604,8,511.0,0.26336832201315197,5,185.0,0.37147251396685843,11,256.0,0.04583917268989616,3,16.0,0.25936908967839056,18,541.0,0.2397754474586695,10,859.0,0.24700187543721996,0,44.0,0.5541770954488996,0,32.0,0.5594952386631856,8,37.0,0.3355345891734303,2,9.0,0.6469766308153461,2,202.0,0.28727106723382073,10,425.0,0.2987906768133625,2,84.0,0.534994842016102,1,55.0,0.3042341284204888,12,312.0,0.17378912527121468,21,299.0,0.0003915136715357114,113,3867.0
820.0,123,766.0,1.8023529411764705,5.15773120698436,8,544.0,0.24601264679230106,4,116.0,0.2933333386765639,6,174.0,0.33220662131089124,1,13.0,0.7593895851138484,19,636.0,0.16065702778949859,9,809.0,0.21794716790236754,2,11.0,0.3739568394788799,1,11.0,0.8076173941399503,8,79.0,0.4813991906808515,3,7.0,0.42458072715166484,7,225.0,0.3664209754532831,9,422.0,0.20318681926694357,4,56.0,0.7156946670293198,6,80.0,0.13806644349418715,15,290.0,0.15571830398735167,21,408.0,0.09288474915270156,123,3881.0
825.0,110,767.0,1.839328537170264,4.827382304206657,8,508.0,0.2444858595400825,2,107.0,0.3117392696265807,1,99.0,0.5573749298415931,2,12.0,0.7147215494685881,24,746.0,0.06416704911362707,8,635.0,0.1293898904162454,1,10.0,0.42114638806065674,2,10.0,0.6154564794250154,2,75.0,0.5093911556378897,4,27.0,0.44267736446560124,12,273.0,0.28507418142867996,7,458.0,0.1697400745487866,2,40.0,0.26696121999485634,7,86.0,0.30734305076249885,13,249.0,0.1673404309633492,15,427.0,0.36485455027333874,110,3762.0
830.0,120,731.0,1.76144578313253,4.922096871445623,6,390.0,0.2546097189907065,8,118.0,0.4033251046640336,2,84.0,0.4863017740891773,6,27.0,0.4107011262019281,26,752.0,0.025328094449672506,3,616.0,0.18817705634974283,3,21.0,0.6334848401587264,7,34.0,0.25556265633330905,1,30.0,0.38608220983822494,0,21.0,0.741148838417726,18,352.0,0.15741619496913767,8,404.0,0.2655179280999744,6,32.0,0.1979946629842878,2,49.0,0.589101401575537,15,197.0,0.1846305661204579,9,346.0,0.35626506889598086,120,3473.0
835.0,120,632.0,1.4976303317535544,4.654995577050983,3,334.0,0.27704075813643875,12,171.0,0.325225843148574,6,108.0,0.39421393552588097,6,40.0,0.20907230236874486,23,681.0,0.07096022274912947,7,638.0,0.21389070727375745,5,40.0,0.40321394371695973,7,54.0,0.1025416435056869,4,38.0,0.3098699283280017,2,10.0,0.7696510486828125,15,359.0,0.10864204218386454,5,294.0,0.41567907003769133,5,49.0,0.3515126148620387,2,37.0,0.394426080613649,9,223.0,0.24580866957530068,9,226.0,0.15801246212647443,120,3302.0
840.0,114,689.0,1.6763990267639903,4.893963872552786,6,354.0,0.2493522131034828,17,244.0,0.16435141746440873,7,105.0,0.3270014862982232,7,48.0,0.4417851338573559,15,604.0,0.2231506537222468,7,583.0,0.1644033898651444,10,89.0,0.333012604329789,3,51.0,0.456578619495738,9,67.0,0.2602187837750745,3,19.0,0.488917527811922,8,270.0,0.32241924923819304,1,267.0,0.4558859687455742,4,44.0,0.6078478000267568,6,55.0,0.13034005909470364,7,214.0,0.22882010196894137,4,255.0,0.2572293673216157,114,3269.0
845.0,98,538.0,1.315403422982885,4.766073116483901,9,317.0,0.24614235521416078,15,259.0,0.20408094594053328,3,56.0,0.40845875588212716,8,77.0,0.509827943774396,7,629.0,0.36585585793978426,2,394.0,0.2867156214414181,6,98.0,0.34659032413309143,2,39.0,0.5295368743794726,4,62.0,0.2927775273034586,0,15.0,0.48789381976114526,5,285.0,0.3682165137575864,7,292.0,0.22579204834479097,4,46.0,0.3496242670094095,6,73.0,0.13106770907466903,12,261.0,0.17070449843606644,8,266.0,0.367686563752832,98,3169.0
850.0,100,505.0,1.211031175059952,5.203494959368844,7,179.0,0.26207714923224557,7,206.0,0.37679184584684877,2,47.0,0.3181130453976987,2,76.0,0.3628949721056485,8,657.0,0.31743181389919556,2,410.0,0.29376521891502816,6,74.0,0.3820159643674602,6,52.0,0.5420123197130372,3,40.0,0.5944012870461628,0,4.0,0.8359786739864611,9,313.0,0.2190226570739086,14,346.0,0.06512582513214803,4,39.0,0.20958345775354667,1,51.0,0.5758926187288931,15,277.0,0.19029412982706628,14,319.0,0.28132098870562633,100,3090.0
855.0,112,631.0,1.5023809523809524,4.828486081896292,2,154.0,0.28356101813684964,5,131.0,0.3217590896896496,6,77.0,0.1206949546707833,5,42.0,0.18827425560796912,15,720.0,0.20016634932661587,8,439.0,0.2683495133150781,3,71.0,0.3979247932341082,1,46.0,0.4460808039662585,1,20.0,0.6782368215593365,0,4.0,0.9390393451828397,15,381.0,0.09776950560518959,19,431.0,0.0016841072503855933,6,41.0,0.09959352230332696,1,43.0,0.5380359222597518,10,249.0,0.25450422773976894,15,325.0,0.27138744935945863,112,3174.0
860.0,144,983.0,2.3021077283372366,4.491099755723696,6,166.0,0.291168015379406,2,124.0,0.33792237606013026,13,130.0,0.40371362170605335,1,23.0,0.3744528378046871,22,817.0,0.08985309689350365,9,395.0,0.11384266884337185,7,73.0,0.28687238391496567,6,25.0,0.2575579552144866,4,21.0,0.509638665361997,0,0.0,0.7109253822637716,22,482.0,0.2153359614849999,22,540.0,0.021029323934448542,3,33.0,0.4919683948053619,7,64.0,0.30807576367614337,9,272.0,0.1929226287434069,11,263.0,0.13551099209354306,144,3428.0
865.0,152,1174.0,2.7819905213270144,4.271471597085213,8,143.0,0.2657535218487773,8,132.0,0.29768744711363804,7,141.0,0.42388841009037814,5,28.0,0.37865868636110694,22,828.0,0.19166391734882512,9,250.0,0.09866289407696795,11,126.0,0.3161979640097087,3,35.0,0.36718093543877833,3,24.0,0.31708046752036445,2,11.0,0.47459912321232234,19,492.0,0.24654061117226675,22,656.0,0.1870978063501993,4,45.0,0.6063179434055078,8,77.0,0.10168470793566621,12,325.0,0.12136809860577928,9,316.0,0.10705987931944513,152,3629.0
870.0,137,1168.0,2.8557457212713935,4.854335404407623,6,90.0,0.2576530896190351,15,192.0,0.3347312271584626,6,104.0,0.4068390868854079,2,34.0,0.48805651617185647,19,733.0,0.21145014503846657,5,161.0,0.4270755842593053,11,181.0,0.36467446768244255,6,40.0,0.4173435675307324,2,16.0,0.3864453419189881,0,4.0,0.7719262762242977,14,410.0,0.16175241610409544,16,636.0,0.371257766358124,4,65.0,0.4085120943017104,5,68.0,0.1915206658959205,15,393.0,0.09087068860975206,11,336.0,0.15251054179546578,137,3463.0
875.0,109,813.0,1.9781021897810218,4.367927710062356,4,80.0,0.29662311513740225,12,207.0,0.26163097455578455,2,91.0,0.22889003223170792,5,24.0,0.4809401808292231,17,549.0,0.147613845143711,1,116.0,0.45065871513007366,14,251.0,0.1229777178318317,0,37.0,0.16315358909636193,3,21.0,0.35147282058096313,0,2.0,0.8860355934701697,6,392.0,0.20231358479529288,10,488.0,0.2886524590595554,2,42.0,0.5265151197775486,3,75.0,0.4052336538101433,15,412.0,0.10865455252470052,15,391.0,0.05364406096355558,109,3178.0
880.0,116,634.0,1.550122249388753,4.830317341987976,6,93.0,0.31643260840521786,8,136.0,0.2744252030658026,7,117.0,0.14416217299187042,1,22.0,0.5363584243657262,8,598.0,0.1751213184122064,7,115.0,0.31060206394516243,14,262.0,0.223053134520298,5,27.0,0.12011946547694698,7,48.0,0.5169418084706363,0,2.0,0.7147829478472945,6,403.0,0.31390461781685414,8,447.0,0.16361261178291395,2,18.0,0.7829270408842218,8,91.0,0.49397986131231547,14,370.0,0.2295767588366608,15,384.0,0.22289824468577477,116,3133.0
885.0,101,527.0,1.2853658536585366,5.250498564043553,12,145.0,0.19027500755913238,2,126.0,0.3262432714545003,11,170.0,0.3336991107576532,5,25.0,0.5113337538350061,9,625.0,0.2185941924798312,7,102.0,0.145376286732649,7,210.0,0.4331432542625738,0,27.0,0.7092103227150378,1,48.0,0.596608265742773,1,7.0,0.4733730075720518,6,368.0,0.35289540280333354,7,485.0,0.21798578773546684,1,7.0,0.6407972662635355,9,132.0,0.3383822705558445,14,408.0,0.2601842914680665,9,302.0,0.27592581186667725,101,3187.0
890.0,118,674.0,1.631961259079903,5.048183064262262,20,230.0,0.17922864276376282,6,145.0,0.25786037419241703,13,229.0,0.4214330808036635,7,54.0,0.42738122963173214,13,676.0,0.22977119079776248,10,86.0,0.1174124598786248,3,199.0,0.47336918528467087,0,8.0,0.9429071987187859,0,12.0,0.405610488317232,0,6.0,0.7098242461402008,5,260.0,0.24558509600425635,10,443.0,0.3080988499612156,5,23.0,0.3460208031576923,6,132.0,0.10122538366843775,15,476.0,0.14522973260206093,5,192.0,0.40779257802381935,118,3171.0
895.0,97,556.0,1.3365384615384615,4.767033291706764,21,287.0,0.19351106460069084,7,148.0,0.2991707657515953,11,233.0,0.33647897855486675,1,56.0,0.30784169275324147,14,651.0,0.22153788182005657,1,95.0,0.26630100108874,7,225.0,0.26426872684857755,2,6.0,0.6054883262829254,3,14.0,0.3801523009953302,0,4.0,0.9042442522254844,2,271.0,0.18001250270993707,7,323.0,0.28635563255834046,7,57.0,0.3960157658261415,2,77.0,0.4752884134770177,10,474.0,0.1381773759005456,2,201.0,0.3819054190790884,97,3122.0
900.0,94,431.0,1.0360576923076923,5.014686698558541,13,280.0,0.22659010469958038,1,104.0,0.5219388205192372,9,177.0,0.25148285646350665,4,25.0,0.4592172328412231,12,529.0,0.15375688177274094,7,95.0,0.4036182978862548,8,211.0,0.09397053227838999,5,29.0,0.1278280849928274,7,40.0,0.503744441243266,0,0.0,0.7693775970010968,9,297.0,0.17530600911988453,2,253.0,0.16192465910077428,1,56.0,0.6172524964304399,2,32.0,0.5816454679667754,7,362.0,0.2568148762904973,7,232.0,0.29820799437224,94,2722.0
905.0,91,339.0,0.8033175355450237,5.2313322715448995,8,300.0,0.2338281449198425,3,44.0,0.4764080077773555,7,109.0,0.21420263753613542,1,21.0,0.6895554762406,15,354.0,0.1348828746802907,8,108.0,0.35065989815890336,7,165.0,0.14750693123671169,3,40.0,0.4276208295004935,2,46.0,0.5266856421305598,2,8.0,0.522366223632976,12,281.0,0.12681777028074898,8,264.0,0.2269002948384331,0,6.0,0.6089172996029476,2,17.0,0.44987057576611283,6,261.0,0.30854268716629135,7,214.0,0.3186857046144637,91,2238.0
910.0,72,240.0,0.5825242718446602,5.0671024986837585,9,334.0,0.27592664721364923,2,44.0,0.3775556710941263,7,129.0,0.3743065521061234,3,16.0,0.5511873942769756,7,403.0,0.2380251380579836,8,93.0,0.1472098965363472,4,183.0,0.28581844492752523,0,18.0,0.7695020612259474,3,25.0,0.41584245584418206,0,8.0,0.7165419238571338,9,192.0,0.28519954805482395,10,241.0,0.20546974752294428,1,8.0,0.23231396578347538,2,26.0,0.6607711834310255,3,263.0,0.2262780249875889,4,128.0,0.3153141228719673,72,2111.0
915.0,95,398.0,0.9827160493827161,4.882593490407046,14,396.0,0.17875508803240103,8,60.0,0.27316527286924736,7,132.0,0.43550222620944645,8,41.0,0.31668012930622635,7,415.0,0.33408782544795834,7,118.0,0.12543151606370792,10,206.0,0.25583160573746827,2,10.0,0.5629541574788921,1,14.0,0.3377410344470933,0,4.0,0.859440028487129,3,177.0,0.3538703602032268,10,144.0,0.2638863887127897,6,30.0,0.3864589406156673,1,11.0,0.501107066970339,8,289.0,0.20614985993106585,3,67.0,0.24292746842982577,95,2114.0
920.0,128,728.0,1.7416267942583732,4.560368881933852,22,491.0,0.1565350929510711,11,113.0,0.24531794875336124,12,141.0,0.1708351905139143,13,97.0,0.20025443639375642,14,475.0,0.2582851863878028,8,134.0,0.15470056410934277,10,210.0,0.25912111052243797,0,11.0,0.3746999757510142,7,25.0,0.26639101202747395,0,0.0,0.6651640145253975,7,180.0,0.32682152926767366,3,156.0,0.334569522629934,1,33.0,0.5296256263494891,1,12.0,0.6310725963990171,15,349.0,0.2290996704348537,4,79.0,0.28527275603970953,128,2506.0
925.0,139,861.0,2.0306603773584904,4.326236995006822,28,617.0,0.1771347602140863,5,113.0,0.3331784372222689,11,142.0,0.10860814502030654,8,123.0,0.3196081773908953,15,462.0,0.1131192187422492,8,156.0,0.24922139231487495,7,163.0,0.20779351001174687,5,24.0,0.5715036896480449,6,48.0,0.3355365532291397,2,11.0,0.545677287975165,9,167.0,0.18415179861856065,9,163.0,0.25711242243924953,0,9.0,0.5753207584482092,2,7.0,0.5526249789484168,16,361.0,0.21889432554004498,8,110.0,0.30700643250546267,139,2676.0
930.0,112,836.0,1.9670588235294117,4.83600764122627,31,763.0,0.09940167641003118,2,63.0,0.4708970745999366,3,149.0,0.22663058353723223,2,91.0,0.4988046965167579,16,396.0,0.08698618398521878,5,134.0,0.42456047234724825,3,169.0,0.25023990606054425,0,23.0,0.5466413972474817,2,37.0,0.5635424628371414,0,6.0,0.7528374318778998,10,128.0,0.2390637046021223,14,224.0,0.20779632229818532,1,11.0,0.33841352101849237,3,20.0,0.5735025302610072,13,281.0,0.12120316063046861,7,120.0,0.4831550781025521,112,2615.0
935.0,121,1031.0,2.437352245862884,4.759207729348437,32,920.0,0.11874095942853553,3,51.0,0.38363510477607227,8,138.0,0.41888468538768314,2,37.0,0.5615588502688227,11,391.0,0.118913814277236,1,104.0,0.2249689567858142,8,188.0,0.26141050395033094,1,5.0,0.32004337122071913,4,27.0,0.6016757754636622,0,4.0,0.9238492493013395,4,121.0,0.32604836932699777,17,257.0,0.09191665489632603,7,39.0,0.08828008067062783,4,39.0,0.4329791403295632,15,238.0,0.13571373982402832,4,73.0,0.40875610870489726,121,2632.0
940.0,120,997.0,2.318604651162791,4.5567066041833035,29,971.0,0.11169812761181461,4,73.0,0.4812580408097004,9,141.0,0.2362460009708973,2,25.0,0.2239024347183845,12,437.0,0.11846129720847927,8,132.0,0.18401566530750338,15,244.0,0.2633271604490732,1,10.0,0.15351342008763852,1,22.0,0.41569375472961767,1,3.0,0.7514567709268368,7,117.0,0.2663728518751703,13,235.0,0.25671984987666435,1,43.0,0.5220250654785913,3,43.0,0.45196888160297927,13,222.0,0.3375763516080711,1,73.0,0.24018287851538972,120,2791.0
945.0,116,885.0,2.0921985815602837,5.238235703819416,23,899.0,0.1395782399351422,1,45.0,0.7020390348845982,7,114.0,0.16441649779224535,8,52.0,0.39011720226181457,6,407.0,0.14348742553667293,6,135.0,0.2650205309834671,20,327.0,0.122304079043614,3,18.0,0.5772878560728134,6,32.0,0.36903827182427384,3,14.0,0.5973262512418873,14,162.0,0.13577200201482253,7,188.0,0.38465205339262243,0,16.0,0.8398809785015248,2,17.0,0.5134461748063487,3,210.0,0.45297371413918186,7,89.0,0.19458425853697314,116,2725.0
950.0,117,936.0,2.2285714285714286,4.94460700768176,18,983.0,0.15994249014759568,2,12.0,0.7182814045946757,4,119.0,0.17616693722513216,8,92.0,0.3130410968927873,2,294.0,0.27080940751358407,2,94.0,0.48853130725900584,25,448.0,0.11027618014122453,1,12.0,0.7079732816937985,3,41.0,0.48078752711922434,1,13.0,0.4269359546380649,20,252.0,0.08247839397541448,2,173.0,0.30116679464048207,1,11.0,0.634886598267761,6,35.0,0.4897286339883123,8,188.0,0.3043509558490634,14,146.0,0.09787452035658935,117,2913.0
955.0,130,974.0,2.3301435406698565,4.603351017242143,15,1053.0,0.1843570892800039,1,8.0,0.4657120427594567,7,135.0,0.20716233002306617,6,91.0,0.08201284779349242,3,282.0,0.32591493014931333,2,91.0,0.35324325315953514,23,490.0,0.15504482196874167,1,9.0,0.6384473133423001,5,32.0,0.5496394175748709,2,15.0,0.771984206470547,25,369.0,0.19501420957888946,7,195.0,0.20439179531989407,6,28.0,0.2681062816212582,0,29.0,0.5677766132761101,12,225.0,0.23093900439943274,15,188.0,0.19827754920605192,130,3240.0
960.0,140,980.0,2.3960880195599024,4.79089127746834,11,998.0,0.18596226895106696,6,28.0,0.31293635560385835,13,186.0,0.34906868264637697,0,55.0,0.491720752776509,10,314.0,0.31162409063730984,8,118.0,0.21637288807826469,17,450.0,0.2630784316424297,1,14.0,0.7792377288942445,1,23.0,0.33449660692752475,1,5.0,0.692348755790549,21,425.0,0.22442298728881047,7,195.0,0.28829082866647976,11,86.0,0.11370592197526776,4,16.0,0.503014070395481,19,306.0,0.1108827607947926,10,176.0,0.3233297262355982,140,3395.0
965.0,140,1083.0,2.6159420289855073,4.829408645009184,8,828.0,0.18504070685854174,6,58.0,0.5122982237211082,19,268.0,0.30058696104705446,2,59.0,0.4469134524955799,14,372.0,0.2704496947425057,14,172.0,0.03642904940870411,11,348.0,0.24231235679300542,1,6.0,0.7531117242773026,4,21.0,0.4813316362040812,4,16.0,0.5803234080492561,15,400.0,0.14819992670948354,3,150.0,0.5627754452624367,6,103.0,0.4799355671257077,2,21.0,0.1792566206233911,26,422.0,0.04866492283211285,5,128.0,0.2653580980934676,140,3372.0
970.0,131,1021.0,2.4367541766109784,4.562790990469018,7,858.0,0.18939997014511908,1,48.0,0.5233175715685696,25,377.0,0.11401023614487397,8,85.0,0.18027598601938385,16,386.0,0.1697291644229161,20,267.0,0.06647446749213931,3,342.0,0.29453849571052093,2,12.0,0.7919376757159449,1,21.0,0.5038094177134265,1,16.0,0.3761108418948077,14,325.0,0.18857696427394566,2,129.0,0.36820769540980075,0,65.0,0.6356048422443572,6,36.0,0.433046603734026,23,480.0,0.07318184040230381,2,138.0,0.31673604749153345,131,3585.0
975.0,122,873.0,2.124087591240876,4.664785596583856,12,905.0,0.17037904756701264,3,15.0,0.4444492657705507,24,441.0,0.07106142883582073,3,81.0,0.21331164070558165,15,342.0,0.08532431686428253,16,304.0,0.3194375480567791,6,345.0,0.34110711320018133,1,1.0,0.5405034228008868,4,20.0,0.5462488086528948,3,18.0,0.6394593157943698,3,341.0,0.33758397463188017,8,154.0,0.21500319187877637,2,44.0,0.39151617733127325,0,36.0,0.7161660264976949,15,452.0,0.14875527665625105,7,161.0,0.422208489383502,122,3660.0
980.0,121,669.0,1.6317073170731706,4.726698076388883,11,849.0,0.17495003994953992,2,15.0,0.33040466414782443,17,400.0,0.27260517063929407,1,37.0,0.7206264829138673,15,380.0,0.09777519616008643,10,256.0,0.3001317317171606,11,394.0,0.303165924780162,7,23.0,0.11481587082521472,0,17.0,0.7050493158520493,1,10.0,0.6935989910242133,7,335.0,0.37159991881803806,9,155.0,0.08215555295147879,8,80.0,0.14403065482574628,1,10.0,0.5415350917104169,12,452.0,0.2825258542876355,9,171.0,0.33344362601280964,121,3584.0
985.0,112,594.0,1.4244604316546763,4.694521358655038,9,674.0,0.19978710660630314,5,32.0,0.578401278926488,9,419.0,0.2786110048630169,1,23.0,0.7828219654850805,12,419.0,0.1336796619845711,7,273.0,0.17581830641075955,19,480.0,0.07112791749797569,3,39.0,0.14223744822827744,0,4.0,0.540433086527899,3,13.0,0.49401331185868547,14,379.0,0.17723442135894135,8,125.0,0.29675181084133884,5,84.0,0.5186282231810166,2,14.0,0.23968180861571145,8,496.0,0.3132120327090853,7,140.0,0.19387512537852825,112,3614.0
990.0,123,784.0,1.9029126213592233,4.834198190724584,10,482.0,0.2293179653671807,2,30.0,0.6731290609649045,10,460.0,0.18592278967850492,3,31.0,0.25276245663709473,14,465.0,0.1909647985982647,8,315.0,0.16446324940394116,25,592.0,0.15097135340816895,1,17.0,0.7070284992830304,0,6.0,0.4299995568591577,0,13.0,0.5373956018137688,21,468.0,0.0431546182459789,4,132.0,0.3537858443741312,0,30.0,0.672457920853394,7,32.0,0.42897607795580256,14,549.0,0.312882181743324,4,155.0,0.160569317302967,123,3777.0
995.0,150,1198.0,2.893719806763285,4.855968279269982,6,331.0,0.32202140877262747,4,18.0,0.630503571284519,10,439.0,0.12284180257333842,9,72.0,0.10427600425353972,21,556.0,0.19848750832464668,8,309.0,0.22695472206381465,21,626.0,0.22992280399959447,0,4.0,0.8205574184451548,2,10.0,0.6555922820409065,0,4.0,0.8306795965980196,26,588.0,0.04287452789627812,10,159.0,0.1298190705362003,2,9.0,0.4260734264536381,2,42.0,0.6569583656180188,20,635.0,0.16525255379534012,9,176.0,0.28227037342460404,150,3978.0
1000.0,140,1312.0,3.2395061728395063,4.688966955982494,7,183.0,0.4031408337499747,2,16.0,0.46377816732747434,6,370.0,0.1734796827038182,4,74.0,0.5554225290078861,23,578.0,0.21940205835646565,5,240.0,0.36628750634124047,12,543.0,0.23189920113520715,0,4.0,0.8160397019980541,1,11.0,0.6838543793355869,1,5.0,0.8121074221378722,28,726.0,0.03961514645318192,9,168.0,0.09892102892999102,2,15.0,0.2068897460234233,2,25.0,0.5809450228448683,26,749.0,0.03214940363074359,12,183.0,0.3198772058115186,140,3890.0
1005.0,138,1383.0,3.398034398034398,4.452524590780497,3,146.0,0.4304129711161377,9,39.0,0.32585253525321733,5,381.0,0.28501262148882645,0,27.0,0.7494974933203745,22,532.0,0.15530046038747916,2,229.0,0.43754479879748065,10,559.0,0.13632930251780814,2,6.0,0.6273636875412599,3,15.0,0.41065914091794853,3,13.0,0.522853476429566,31,879.0,0.051570548211194216,1,105.0,0.46554181336194844,4,26.0,0.6537413426896902,7,38.0,0.20939103697992761,32,897.0,0.010337203973329417,4,112.0,0.22569306103688894,138,4004.0
1010.0,157,1725.0,4.097387173396674,4.050038318696201,6,111.0,0.38005439267823315,9,69.0,0.16002839316280085,11,413.0,0.22675769859614597,1,18.0,0.5161144105660341,20,597.0,0.08623989231673758,9,260.0,0.17767732980079984,8,601.0,0.20309554730486162,3,16.0,0.5480623556627355,7,48.0,0.327098197155392,0,8.0,0.5398168111468983,32,1036.0,0.1416619523149621,3,106.0,0.4767110987058258,2,30.0,0.6996490969166587,9,63.0,0.11137276094192917,34,1064.0,0.010301964255094229,3,98.0,0.19002721289590366,157,4538.0
1015.0,179,2100.0,4.906542056074766,4.401306820584175,11,145.0,0.30149705879987915,8,82.0,0.2768059790064713,11,394.0,0.12505323809058289,7,47.0,0.26256812951575836,14,660.0,0.14624523757992897,15,321.0,0.20334966173168875,14,658.0,0.18570699018244655,1,9.0,0.6600240995467141,8,88.0,0.47874226406783715,1,5.0,0.7562998365155428,34,1202.0,0.22395672489681517,9,131.0,0.17059137148938944,4,28.0,0.4077864467154539,3,61.0,0.5587570362190984,31,1110.0,0.018302685743167887,8,114.0,0.35349217001144123,179,5055.0
1020.0,173,2074.0,4.973621103117506,4.2895954282602045,18,222.0,0.14286625972714573,2,78.0,0.31231160182992096,11,317.0,0.12572624813339978,8,89.0,0.36879984122147974,15,719.0,0.1091391215494327,20,412.0,0.2627357749779015,21,745.0,0.04296001472896347,2,12.0,0.7210960108490044,3,81.0,0.5148827709185274,0,2.0,0.6155044843946363,31,1240.0,0.19079751842756917,5,132.0,0.1910543382398229,4,31.0,0.18592363557092495,2,44.0,0.5829320761158394,22,1008.0,0.10990598629985994,9,159.0,0.49263349966227166,173,5291.0
1025.0,160,1810.0,4.36144578313253,4.5146232403489694,18,250.0,0.18199627371389512,8,97.0,0.2830778695258819,6,317.0,0.28117661018360585,2,81.0,0.5589951190872874,16,707.0,0.06577632942549935,22,521.0,0.2728373843932273,21,747.0,0.059237636579679585,0,4.0,0.5249907107292393,2,36.0,0.40900772253269624,2,11.0,0.6903317790978036,28,1142.0,0.1324680813403219,2,60.0,0.6948299168571217,3,27.0,0.489747433365105,7,58.0,0.22590114184673762,14,776.0,0.15741722894570478,9,202.0,0.44463765973016484,160,5036.0
1030.0,128,1275.0,3.102189781021898,4.884237299451368,14,245.0,0.22993861059584192,9,117.0,0.4357935868190061,8,336.0,0.3191752739479542,0,30.0,0.5751541390951941,12,606.0,0.07795059105966186,22,633.0,0.28966042293376765,12,612.0,0.24824009134358296,5,20.0,0.35780635308359676,1,14.0,0.4080673258697359,0,5.0,0.7750206777667211,20,1127.0,0.09737486774671458,1,48.0,0.7482051158317489,1,22.0,0.471737130575061,9,81.0,0.09750229213777403,7,608.0,0.2945930692602084,7,183.0,0.28512314005214195,128,4687.0
1035.0,96,746.0,1.823960880195599,4.822470514975101,9,275.0,0.23935132810535564,3,88.0,0.3450297544748639,8,309.0,0.19680062182824007,2,21.0,0.32626974505933387,11,494.0,0.14311279975881394,19,637.0,0.12864352526910916,6,602.0,0.2990523813752849,3,35.0,0.5075131245333231,6,29.0,0.5320063554011688,3,10.0,0.4595796201415419,11,1173.0,0.16965319910173937,4,58.0,0.35563144092833177,5,32.0,0.513183508061818,2,62.0,0.5739721974675052,1,566.0,0.4889743824224348,3,105.0,0.31911799397637447,96,4496.0
1040.0,95,485.0,1.1771844660194175,4.766376870280338,7,309.0,0.23939259989956638,2,88.0,0.29161109824935366,10,240.0,0.12334779766237274,7,47.0,0.38563942217779035,5,481.0,0.2360479081965718,19,555.0,0.08142866067474828,9,632.0,0.24918632161641216,2,19.0,0.5647033270862274,2,35.0,0.5572543708936457,2,15.0,0.3345256856979367,8,1081.0,0.2469551509251427,9,101.0,0.13620483234899075,3,33.0,0.4072207800609681,2,37.0,0.736818473006551,6,586.0,0.4377576171305092,2,65.0,0.40127041451563555,95,4324.0
1045.0,110,533.0,1.2630331753554502,4.85649367223868,8,302.0,0.24544770166121718,9,116.0,0.24878392177486516,6,239.0,0.249195943664525,2,45.0,0.39199466314116627,8,510.0,0.243224077039324,15,440.0,0.2556595205162558,16,699.0,0.1471486728301885,6,29.0,0.4410254973157133,1,15.0,0.5308408121053685,3,19.0,0.6189111692063733,10,827.0,0.2392317050082398,3,90.0,0.542095996793944,4,32.0,0.32214167389585596,4,40.0,0.43621226309885563,7,522.0,0.24453942183505023,8,89.0,0.3365894253385889,110,4014.0
1050.0,93,426.0,1.0070921985815602,4.703844362152994,8,256.0,0.22327260158395765,10,129.0,0.40431349585197157,7,247.0,0.3097611165752237,0,19.0,0.3630523365971055,13,562.0,0.15657039110206777,4,459.0,0.2869752683955611,16,665.0,0.19453714429964067,7,66.0,0.20399680888300636,0,8.0,0.39684485139599907,2,18.0,0.6341098682026473,4,776.0,0.13154614729633196,0,33.0,0.755887469327454,1,26.0,0.44537954438947835,4,29.0,0.115297310913049,9,399.0,0.15925441850758962,8,89.0,0.25166540533655046,93,3781.0
1055.0,87,372.0,0.8836104513064132,5.0085348538963155,4,233.0,0.2854036909633354,2,71.0,0.4399090161257101,9,223.0,0.19169433515068618,1,11.0,0.5335426350294153,14,551.0,0.11123146487817966,8,458.0,0.25968020256219665,12,528.0,0.2727867466633261,1,59.0,0.5144298301374991,5,26.0,0.5691659212494202,5,23.0,0.39708383680849474,7,774.0,0.18060890643121905,1,15.0,0.3611638633774901,4,27.0,0.7158361462384836,3,30.0,0.6412613208480882,2,343.0,0.27542232282226015,9,90.0,0.20778211282391493,87,3462.0
1060.0,94,430.0,1.016548463356974,5.113906121713376,6,254.0,0.2841892334894897,2,55.0,0.34333406574725783,12,176.0,0.12393479440631892,5,28.0,0.5778600572404441,10,460.0,0.24460574229353543,9,417.0,0.1816903973193347,7,326.0,0.23290441974176906,0,14.0,0.8410615367959821,5,51.0,0.5954809338709283,3,23.0,0.3517067334161788,10,708.0,0.24037756046484438,6,38.0,0.09094912488925834,4,43.0,0.6397206290749173,3,38.0,0.7306330523827891,6,342.0,0.298780036836721,6,92.0,0.3600700489973428,94,3065.0
1065.0,81,386.0,0.9168646080760094,4.490285022245461,6,241.0,0.23072484295112566,6,75.0,0.27782798674882786,7,202.0,0.0967707525423739,1,30.0,0.5194738011749618,8,432.0,0.30946907159812465,8,321.0,0.1508268229769044,3,343.0,0.25499783747526206,0,2.0,0.6568354721429135,1,43.0,0.3292144976682271,2,18.0,0.46831133037795286,9,565.0,0.26206613379701815,4,51.0,0.5527869370384303,6,69.0,0.22529091115615094,5,56.0,0.5228628344287422,12,381.0,0.18275749892344698,3,90.0,0.3088746219521603,81,2919.0
1070.0,111,554.0,1.294392523364486,4.573706872176178,7,179.0,0.2487259206242599,7,85.0,0.4023463319593361,10,219.0,0.13302574050478266,5,26.0,0.40169097605858073,11,486.0,0.2926855152341683,7,338.0,0.2594764625922257,6,364.0,0.3310713892831562,5,15.0,0.1746490735968452,2,9.0,0.46666691036690894,1,11.0,0.6197584591394406,8,346.0,0.1651182772854319,0,24.0,0.7590043375184085,5,71.0,0.38847063659468506,9,95.0,0.20855239095090755,19,463.0,0.06115487221605802,9,88.0,0.14965699043328165,111,2819.0
1075.0,125,718.0,1.6543778801843319,4.530629020385617,2,166.0,0.28292679009465904,2,59.0,0.3904453906649286,13,229.0,0.22211079765007147,6,46.0,0.18272984550537924,12,538.0,0.22429607442181526,10,381.0,0.3215539514456366,14,422.0,0.2589958546439684,5,34.0,0.14201848519987417,2,6.0,0.5178473772667707,2,18.0,0.7629236086769371,8,360.0,0.18058784007468676,2,15.0,0.49646202077138857,0,33.0,0.6084332995989554,8,96.0,0.3041201253446687,24,576.0,0.047116135549913465,15,147.0,0.10550942056479733,125,3126.0
1080.0,132,959.0,2.2250580046403714,4.454727235282957,8,189.0,0.2444958208699322,2,51.0,0.30060416648059846,7,194.0,0.3575403260526552,7,59.0,0.3723177810207282,12,514.0,0.12389689786056128,10,356.0,0.23762149383510248,16,411.0,0.1050187900584597,0,20.0,0.6877669955816484,6,31.0,0.5044702541847953,2,8.0,0.4389336445335617,7,332.0,0.31493561265216535,6,37.0,0.10344091130481597,1,13.0,0.5795185836381782,1,56.0,0.5053640110280598,31,720.0,0.13841321633356576,16,225.0,0.25749640937497215,132,3216.0
1085.0,149,1150.0,2.6376146788990824,4.328585451508243,13,246.0,0.21912375240406962,7,72.0,0.24457726421046916,6,194.0,0.3222937653457882,3,53.0,0.44068072635459676,14,413.0,0.09594902314718026,13,278.0,0.20232675536849642,14,319.0,0.21604745426305388,0,18.0,0.7100616710715976,4,43.0,0.32627840908938044,3,22.0,0.4800948703461823,13,366.0,0.27399906833334653,7,49.0,0.3045300794443355,7,35.0,0.3688155670154127,2,59.0,0.2288821599981797,33,881.0,0.21516426850787543,10,242.0,0.31528358830315295,149,3290.0
1090.0,142,1244.0,2.820861678004535,4.375053833196591,19,333.0,0.17210914412697603,8,80.0,0.2669388389019808,8,227.0,0.26036859274695834,6,43.0,0.4469877005397337,8,385.0,0.18784749410300378,13,309.0,0.11407846982797526,10,314.0,0.28141177975309195,3,27.0,0.7194673918201122,2,26.0,0.49352244285273417,2,17.0,0.6071872868170517,15,346.0,0.16266005802045383,0,36.0,0.5648476097853111,3,44.0,0.45510161480920014,8,97.0,0.15420899029842575,35,1051.0,0.1603108621445976,2,176.0,0.23506476273061533,142,3511.0
1095.0,137,1344.0,3.0684931506849313,4.519906067376952,27,453.0,0.11034636195165237,1,53.0,0.36199526168245627,14,285.0,0.1467379767129986,1,32.0,0.25150192506316044,11,421.0,0.21201962596480337,8,324.0,0.16394709806108648,8,331.0,0.3513498987618367,4,46.0,0.1856470343180467,3,26.0,0.4774243406502354,2,17.0,0.7067831144758769,17,266.0,0.16108578562680398,1,16.0,0.5515734518397774,4,34.0,0.5699338604757077,3,92.0,0.5930258911841525,32,1090.0,0.07099447464119794,1,144.0,0.21946815093613878,137,3630.0
1100.0,161,1426.0,3.2482915717539864,4.438139465355298,30,599.0,0.12605743264326422,4,60.0,0.31323520774521324,17,309.0,0.07198337844531341,6,26.0,0.2076066668089538,7,384.0,0.1926969778342642,9,312.0,0.20243845031941468,15,394.0,0.2631052688095734,9,85.0,0.3104713129522478,7,57.0,0.5148775213897934,0,4.0,0.46585998863222644,14,261.0,0.1681710219635912,7,32.0,0.42399349364901817,2,30.0,0.5771631001279501,0,29.0,0.779883190779881,28,923.0,0.04919279716964554,6,157.0,0.36991103953874716,161,3662.0
1105.0,135,1191.0,2.731651376146789,4.3063198566136895,26,652.0,0.13884973324034955,8,90.0,0.3065184570022774,13,281.0,0.21621454543733712,2,33.0,0.35629055198683446,6,303.0,0.1785327475184482,9,249.0,0.30178469504547895,16,389.0,0.1692132257339075,4,81.0,0.43885691836187457,4,56.0,0.35152853300191056,2,8.0,0.5268182594804712,12,295.0,0.18175867955344968,2,37.0,0.515811141086177,6,40.0,0.333516892023123,0,4.0,0.5170671316918478,17,1021.0,0.2104649724285323,8,196.0,0.2705739797139715,135,3735.0
1110.0,121,906.0,2.111888111888112,4.47459400268509,22,597.0,0.14261877566494496,3,90.0,0.5324521737169357,8,295.0,0.3210600409691159,6,40.0,0.4822984434276935,6,226.0,0.29298897891232684,4,255.0,0.1914514976528978,18,351.0,0.08907020066285411,1,39.0,0.5002343157014597,1,30.0,0.41553477277142065,1,10.0,0.7100156664171398,13,343.0,0.1364809536692203,3,26.0,0.40492870410454246,13,91.0,0.17236706545524458,2,11.0,0.15416336568165323,13,1063.0,0.3037771596528934,7,177.0,0.291373960365572,121,3644.0
1115.0,107,753.0,1.7350230414746544,4.934399028652915,13,667.0,0.1734220997436234,1,38.0,0.6306861248436835,6,321.0,0.3320683334567738,0,36.0,0.46743793641823334,4,220.0,0.3656169083610764,8,263.0,0.13318057420062618,15,282.0,0.25683621513180793,2,37.0,0.5219234230714972,3,36.0,0.489002111414253,1,13.0,0.8013953067430429,14,338.0,0.08690333717119027,8,53.0,0.15469931830460035,15,169.0,0.0563296891968906,4,27.0,0.5125770713355243,13,1113.0,0.252541960986782,0,82.0,0.5617273123690829,107,3695.0
1120.0,117,703.0,1.619815668202765,4.646273944343121,14,728.0,0.1960865390684347,2,18.0,0.4039792361452594,13,375.0,0.2069092665295002,6,22.0,0.43934589708624916,10,233.0,0.3198164410267174,10,245.0,0.09045473298044238,3,301.0,0.3267560721737477,5,50.0,0.519506717305679,7,62.0,0.5205533714851144,0,3.0,0.655116442240342,12,312.0,0.23449964326590805,3,61.0,0.41918887862690857,15,246.0,0.23844914498876205,2,24.0,0.6108345241243109,14,1049.0,0.10369781960144614,1,26.0,0.49340446988108905,117,3755.0
1125.0,129,847.0,1.9606481481481481,4.279180216212794,9,691.0,0.17403260328663744,7,41.0,0.3432819791563871,15,383.0,0.09711978677834004,0,28.0,0.2419985820674961,16,303.0,0.18865584305286073,8,192.0,0.12115151070532032,6,282.0,0.31010723202717605,10,92.0,0.28368601077986544,6,66.0,0.22311755363732344,1,5.0,0.5022956540955879,9,249.0,0.31373858008798255,1,28.0,0.8176750687740841,15,323.0,0.3872933510231813,4,22.0,0.20436286172226673,18,842.0,0.06932440185236854,4,32.0,0.3213887209922965,129,3579.0
1130.0,127,871.0,1.9885844748858448,4.371951830566076,7,545.0,0.18234146429873022,2,38.0,0.5844535348677161,14,335.0,0.07957170966369354,5,30.0,0.4468810257479056,22,405.0,0.06616517741402038,7,209.0,0.23844091121084046,12,310.0,0.16553957709313202,15,155.0,0.10499113468452262,2,45.0,0.41847411637131104,0,7.0,0.7867277936663123,5,270.0,0.2183761061260926,3,22.0,0.6362581854420746,12,325.0,0.17177435241269506,3,26.0,0.15478321113896787,13,905.0,0.11449384036019093,5,56.0,0.4027831834375133,127,3683.0
1135.0,139,1014.0,2.358139534883721,4.6994797894047755,5,558.0,0.2025622396883283,2,17.0,0.7089907078898791,10,382.0,0.10885542830851444,0,31.0,0.6822911171034455,27,533.0,0.14353010995199877,9,241.0,0.33536066084491245,20,397.0,0.08770764276075035,15,234.0,0.05761542926677422,2,34.0,0.4881628050953606,0,4.0,0.9465244615628433,8,301.0,0.20247879733011204,10,48.0,0.20123870166333072,9,269.0,0.15040450219222876,0,14.0,0.847191762043136,14,938.0,0.22809933547716507,8,89.0,0.26877476408504686,139,4090.0
1140.0,148,1185.0,2.808056872037915,4.395940862643112,10,582.0,0.18577218712197766,2,8.0,0.4868831850316516,9,427.0,0.12834472029472566,2,11.0,0.6316261014319858,30,598.0,0.1747042761338467,11,243.0,0.2358979456463513,25,520.0,0.14859981025937166,9,236.0,0.3101389611716626,7,57.0,0.45192270975694954,0,0.0,0.7144937962460587,7,298.0,0.27884118990685475,12,109.0,0.08946664308939312,3,281.0,0.32295470395927,1,12.0,0.8443620038220732,8,879.0,0.262928478388102,12,147.0,0.3728902549958005,148,4408.0
1145.0,135,1013.0,2.4061757719714962,4.22812273453118,8,545.0,0.2150398320464395,6,30.0,0.4048459620379948,10,413.0,0.23383154655251293,2,14.0,0.33939510502844467,25,584.0,0.12122600985991894,11,197.0,0.2197383459963471,19,547.0,0.23331101757364742,0,163.0,0.5294703241609218,10,100.0,0.222660146851359,2,9.0,0.5037062736460077,5,243.0,0.3275511818334507,13,176.0,0.4036186155672817,9,293.0,0.31817237293474904,2,14.0,0.3914842381065211,7,717.0,0.16491566805896607,6,144.0,0.48990835581157194,135,4189.0
1150.0,120,831.0,1.9147465437788018,4.246393810746339,5,400.0,0.20716158943789525,1,32.0,0.617793448380832,6,334.0,0.3404475698895102,6,34.0,0.3321614524037755,21,536.0,0.11485074310416193,11,223.0,0.1222038741465579,15,472.0,0.12891291003737154,1,58.0,0.5748462485445197,15,168.0,0.2120960011882497,0,3.0,0.6195407972132496,4,163.0,0.23908353555990824,7,181.0,0.4807359812277182,16,358.0,0.26015550125089726,1,19.0,0.16009304619287157,8,748.0,0.0931400061388822,3,68.0,0.2743285104014065,120,3797.0
1155.0,97,716.0,1.6728971962616823,4.586381536657996,2,377.0,0.21911764645656687,2,12.0,0.7168333284344783,8,361.0,0.25894340346001304,2,43.0,0.6269630193265141,8,592.0,0.261779673310909,7,246.0,0.1501001316442198,12,351.0,0.23378730529342032,3,67.0,0.5528387435239366,15,245.0,0.3596259831481363,0,0.0,0.8858270576882078,2,160.0,0.2154304806644607,6,138.0,0.22934028030819245,16,438.0,0.32140809799503706,2,15.0,0.5787464653851363,9,783.0,0.10698699311682995,3,66.0,0.20854931800024792,97,3894.0
1160.0,111,794.0,1.8465116279069766,4.791565533908719,7,401.0,0.2110569014461824,4,17.0,0.4787368976469994,8,402.0,0.25718802591142953,2,22.0,0.5156844568977658,8,598.0,0.3179954060225762,14,282.0,0.23725714082569638,3,358.0,0.4296133675842485,4,80.0,0.4759643653799813,11,251.0,0.3580874178489948,1,4.0,0.5312048666140543,7,176.0,0.35846179404872264,3,128.0,0.1630482372517715,18,520.0,0.1599135800490972,1,5.0,0.7588947053802473,13,840.0,0.20054069780982275,7,81.0,0.12105038900652855,111,4165.0
1165.0,149,1076.0,2.467889908256881,4.009171989658432,8,371.0,0.249330371762712,0,13.0,0.409876330862567,15,462.0,0.1668380819718726,2,18.0,0.15393367761150142,12,571.0,0.18308114895054708,20,371.0,0.2037308360347352,8,379.0,0.42181765825213413,11,123.0,0.2955990547588351,7,196.0,0.27639033519985046,3,19.0,0.6288366892843241,8,172.0,0.32635401098671973,8,151.0,0.155584200725874,22,620.0,0.07767743558857641,1,10.0,0.11727538851017685,14,789.0,0.2111827748540504,10,128.0,0.32323749194623796,149,4393.0
1170.0,166,1348.0,3.091743119266055,3.7907448638490546,7,231.0,0.20844261944036457,3,18.0,0.6620890861879154,17,467.0,0.09228493094840264,7,44.0,0.12067769178918122,15,496.0,0.12318022640115434,20,413.0,0.13336435678402442,8,359.0,0.2246638693311181,15,195.0,0.17957428018325633,6,110.0,0.31974227965811347,0,13.0,0.77466063239163,6,124.0,0.187290299659316,14,210.0,0.34462821751668654,23,735.0,3.5719370015666552e-06,1,16.0,0.18902501900844723,14,627.0,0.10768470707739067,10,178.0,0.5079173109307853,166,4236.0
1175.0,142,1350.0,3.075170842824601,4.001423985379655,5,120.0,0.23863607759269712,3,33.0,0.7195301127318815,16,407.0,0.17337605626825145,1,45.0,0.616968257217441,8,504.0,0.12748927001869967,23,406.0,0.09174536383331792,9,273.0,0.2688092937354906,15,274.0,0.26691529817197784,2,103.0,0.3810735918502189,2,7.0,0.6643247537095991,5,119.0,0.1758866971112447,13,224.0,0.32338606186634977,23,856.0,0.04909695904424968,0,6.0,0.7999093287130717,11,636.0,0.12828924768571778,6,159.0,0.29681382455258576,142,4172.0
1180.0,134,1464.0,3.2972972972972974,4.119406799382086,6,78.0,0.3207126227531911,5,50.0,0.5275812532063703,7,408.0,0.1844868820519281,0,15.0,0.7958178678996853,9,515.0,0.24250324846270682,16,461.0,0.11394070351559092,6,243.0,0.20041632786648267,17,351.0,0.28738868885498503,7,120.0,0.2948214365055999,2,5.0,0.32552895555572964,7,135.0,0.21715914184814933,10,168.0,0.235083578907212,23,973.0,0.2653423449852802,1,10.0,0.7980762807347529,12,691.0,0.2268624948509775,6,94.0,0.15639220661032865,134,4317.0
1185.0,142,1696.0,3.8284424379232505,3.9012374699948946,7,86.0,0.39940037847299026,5,44.0,0.3935866350073669,7,435.0,0.10204507406261806,2,8.0,0.38769555549949547,16,575.0,0.21267808617142941,11,502.0,0.15559687013765705,5,246.0,0.3324111484041082,19,440.0,0.23233237205212606,10,121.0,0.24688413135723142,3,20.0,0.3767875954458258,13,188.0,0.09420530360214413,4,193.0,0.16039385997064967,26,1093.0,0.18944024620396793,3,17.0,0.2582949061909399,9,629.0,0.2780038238529028,2,89.0,0.23515660794019796,142,4686.0
1190.0,176,2105.0,4.586056644880174,3.866732179184491,4,74.0,0.40551669476118196,3,28.0,0.28957179026597196,13,486.0,0.17517882660055173,7,35.0,0.05697598392571929,18,551.0,0.06762502998085018,11,488.0,0.2405014702838884,13,281.0,0.2206524415215896,23,549.0,0.2550208723818406,4,75.0,0.464835700364701,3,23.0,0.4615788458955685,21,278.0,0.08612779181460019,8,214.0,0.15363046070371564,29,1235.0,0.08947495409585919,1,16.0,0.2286287171905856,10,459.0,0.18798442071831897,8,90.0,0.46617619520679116,176,4882.0
1195.0,173,2441.0,5.329694323144105,3.9237942928455274,6,45.0,0.3909616942059427,2,27.0,0.2743505571841915,20,570.0,0.1983066573132019,1,39.0,0.522603222045888,17,613.0,0.07987880282482188,7,418.0,0.26441501688979496,14,280.0,0.2087597837263507,23,668.0,0.16840116669289806,1,78.0,0.43772313631971316,6,35.0,0.5327388265212706,21,319.0,0.2108298721013549,15,281.0,0.0708057545692756,29,1382.0,0.018740571497396715,0,5.0,0.8038037097902355,7,393.0,0.12545815248804276,4,82.0,0.5452213006700768,173,5235.0
1200.0,187,2901.0,6.347921225382932,3.961816883614577,12,77.0,0.2094837078428416,6,47.0,0.25488680559669474,27,697.0,0.15472889887055738,0,11.0,0.872490455177733,18,681.0,0.17033717293609243,10,334.0,0.18471402668569062,9,210.0,0.2948462924368443,23,783.0,0.20334083541002873,9,97.0,0.2615797014326503,4,44.0,0.2962629557158411,12,284.0,0.35919929911626713,19,373.0,0.30524815162215946,29,1529.0,0.15020039127460685,0,4.0,0.8272876125493275,7,412.0,0.15161326146428317,2,39.0,0.29951340235562096,187,5622.0
1205.0,180,2908.0,6.294372294372295,3.563893618247971,19,158.0,0.19629792363437926,14,103.0,0.13898380020815193,28,731.0,0.030271060823362762,0,4.0,0.6718760381347069,13,675.0,0.23588475941238427,4,322.0,0.24743297993681393,4,199.0,0.20618266068584482,19,760.0,0.09024848117353713,8,112.0,0.2557712487014956,2,29.0,0.4158499339944382,8,304.0,0.3480424113178683,15,389.0,0.2985389046612215,29,1676.0,0.18104878502515426,0,4.0,0.34406044358448595,13,462.0,0.15480171141689827,4,40.0,0.1438628318735423,180,5968.0
1210.0,170,2653.0,5.6931330472103,4.0028862330037365,17,217.0,0.21883487897495482,19,194.0,0.17687654593434,24,670.0,0.14640195683347532,0,6.0,0.813058514430641,8,552.0,0.16464620040601735,8,327.0,0.3668139990508861,7,205.0,0.15250216594097868,13,638.0,0.26797523978909965,2,76.0,0.3716149047026292,3,25.0,0.5374793896720229,6,335.0,0.2411957195294469,11,332.0,0.25661011361228603,29,1819.0,0.13932548757752067,1,5.0,0.109866420923233,13,423.0,0.25594544421552123,9,70.0,0.15461067525499902,170,5894.0
1215.0,159,2188.0,4.705376344086021,4.27514743171015,11,218.0,0.24448694080887476,19,291.0,0.29193456740361756,15,532.0,0.24020538329038624,0,4.0,0.881067020780583,9,548.0,0.10923378047289511,8,310.0,0.29167064340075766,9,193.0,0.11577348604811447,6,470.0,0.37748210229863144,2,49.0,0.353418606110801,6,46.0,0.5523201903971109,13,386.0,0.09820841580263213,9,349.0,0.17081194402243874,28,1769.0,0.036435687414924554,0,9.0,0.6665268788421883,11,337.0,0.31981558761132445,13,115.0,0.2602044878819906,159,5626.0
1220.0,136,1347.0,2.9030172413793105,3.842309261908086,4,236.0,0.3040494149264897,16,325.0,0.1610579044743004,5,547.0,0.22667471122143465,0,4.0,0.8538520781457265,11,583.0,0.15908315524136815,8,245.0,0.14331556545354968,6,139.0,0.2642565698830602,1,436.0,0.32370209957891255,7,67.0,0.3651834200592605,5,50.0,0.23458845196959688,14,402.0,0.10166607577209211,11,393.0,0.12900573085805425,23,1420.0,0.19282699834536363,0,8.0,0.9170598666447711,11,367.0,0.1865085671520346,14,180.0,0.17134388149484894,136,5402.0
1225.0,131,860.0,1.8415417558886509,4.298313058799598,9,265.0,0.29208921523016046,12,302.0,0.21568720580206582,8,556.0,0.24764834624678647,2,5.0,0.5314474800869359,9,548.0,0.23766833917220945,6,252.0,0.18787259688825306,2,118.0,0.2824348735057721,7,458.0,0.2369065501822051,2,61.0,0.5388279589618393,3,35.0,0.39017830559184846,12,328.0,0.2823431945685777,15,435.0,0.22136148594026242,14,1491.0,0.25131015440616067,2,9.0,0.6060888590071206,14,433.0,0.1370111492302154,14,232.0,0.20157179931186398,131,5528.0
1230.0,145,844.0,1.8111587982832618,4.262841891997392,11,272.0,0.2381759240016068,5,335.0,0.25510717847371217,9,517.0,0.23045926952378576,6,26.0,0.045169672307356794,8,419.0,0.28506880118472594,8,273.0,0.336399798771522,8,145.0,0.3069387233329786,7,397.0,0.29530264809770546,4,30.0,0.6031166468882002,3,40.0,0.4238494185947783,7,259.0,0.40532299099469077,24,543.0,0.11507640204681516,11,1541.0,0.16683731605891042,5,33.0,0.32936851357118035,12,415.0,0.10892838369387674,17,289.0,0.2504217344524034,145,5534.0
1235.0,126,772.0,1.6460554371002132,4.173026486845551,7,198.0,0.2960293540623539,11,366.0,0.3389075408184936,6,406.0,0.3544733221436131,1,34.0,0.5118507170496001,3,383.0,0.12859669337182728,9,263.0,0.22724854397892716,13,199.0,0.1554216891815297,4,260.0,0.35263737511329424,1,21.0,0.3801146520977427,8,65.0,0.42022223448471896,3,268.0,0.32041715344626204,23,536.0,0.16682080224261403,14,1606.0,0.12085338492082195,0,30.0,0.5379264483471657,10,347.0,0.152913978780324,13,301.0,0.25780586237510067,126,5283.0
1240.0,122,702.0,1.4872881355932204,4.460857086232301,2,196.0,0.366418914521009,10,358.0,0.22509703730530914,1,244.0,0.4126855704623747,0,13.0,0.8234010539100765,8,404.0,0.13850103233911948,8,191.0,0.12428844717226487,22,295.0,0.12550042776281975,4,250.0,0.23177972210373396,5,28.0,0.40002490313558525,6,71.0,0.2616831249144157,8,303.0,0.23889950790092943,16,554.0,0.21303482560698928,14,1480.0,0.19744292412359676,1,13.0,0.7315730233677965,8,254.0,0.29271071204502325,9,246.0,0.2339591055050941,122,4900.0
1245.0,109,551.0,1.1748400852878464,4.279692999837381,7,219.0,0.274613238456288,9,288.0,0.20713863855724252,3,241.0,0.25119849937436395,1,15.0,0.6447545244735163,10,383.0,0.12246672281709962,3,209.0,0.14926243243673662,21,346.0,0.0489958058779695,8,279.0,0.15864787563558094,2,31.0,0.5586004617220585,3,56.0,0.35086730959726026,8,286.0,0.2717204410758684,11,585.0,0.15464312587592688,12,1087.0,0.25484794567902475,1,14.0,0.7952469007280876,2,257.0,0.2661762308342231,8,162.0,0.31275292598681015,109,4458.0
1250.0,125,614.0,1.311965811965812,4.633271706419415,13,270.0,0.2295120959862151,8,170.0,0.3125051165879725,8,262.0,0.27314006713621386,7,36.0,0.35846011369114533,9,290.0,0.24499988495255845,10,233.0,0.21987575349618071,13,324.0,0.2567125832493444,16,342.0,0.3045815182848794,3,20.0,0.7268015442544659,2,38.0,0.5118858019292036,5,202.0,0.3466531344032154,10,542.0,0.0982163941744247,10,1141.0,0.18815709978584982,1,21.0,0.7193177638820233,8,233.0,0.20315025839725417,2,157.0,0.3787579327920398,125,4281.0
1255.0,121,596.0,1.2627118644067796,4.122125853558652,13,276.0,0.2336973472237686,2,168.0,0.354840748022268,11,246.0,0.2814073342027999,8,59.0,0.2369548230738652,3,246.0,0.24412871083173318,15,295.0,0.2049939082686741,6,246.0,0.4201829509471941,12,323.0,0.27541377929279115,6,38.0,0.5616587117860065,6,54.0,0.5525385226695869,4,199.0,0.2712587033817776,9,467.0,0.11044606723244683,8,1185.0,0.1160085017799815,0,6.0,0.6345599400223713,10,227.0,0.1636635904678462,8,145.0,0.22067104019305625,121,4180.0
1260.0,110,443.0,0.9385593220338984,4.043136081357559,11,224.0,0.22959504562768548,8,181.0,0.3637915643160895,7,180.0,0.28290307285267885,5,53.0,0.3838289533504695,7,241.0,0.17050388802675528,16,300.0,0.23026360627367193,2,255.0,0.3980181916985756,9,233.0,0.1542667324998625,3,34.0,0.30392075075523867,4,55.0,0.31597013900698756,7,226.0,0.15079649777217108,4,479.0,0.203029796769379,7,1051.0,0.12670133580385864,0,8.0,0.8063015415453447,11,200.0,0.23946692794896687,9,146.0,0.22383525879635255,110,3866.0
1265.0,109,446.0,0.9195876288659793,4.405117084962798,7,251.0,0.27812282405287125,8,166.0,0.2537593218302656,5,77.0,0.29614581887146885,3,54.0,0.49527201106685514,8,229.0,0.1479850540739586,14,262.0,0.16481425858217497,6,277.0,0.28528731829655257,9,284.0,0.1517889588431992,7,33.0,0.31669097077841185,3,33.0,0.3272411274765207,12,281.0,0.10245178245041714,10,486.0,0.24251842498311957,5,757.0,0.2610004601136139,0,4.0,0.7248282254555235,5,207.0,0.20529219388578057,7,96.0,0.31880982524059837,109,3497.0
1270.0,112,545.0,1.1237113402061856,4.60219112284295,8,279.0,0.2808523958322568,6,119.0,0.26206292175808327,6,83.0,0.2327114068450088,7,56.0,0.4356947118399993,6,170.0,0.27519167796313604,6,257.0,0.18916765723381193,7,271.0,0.160586347334848,9,322.0,0.2451942111548432,7,67.0,0.5338743070948513,4,29.0,0.44697931677525793,21,369.0,0.20622728981902438,10,444.0,0.15722303315266364,3,387.0,0.45517975236689545,1,9.0,0.7257921197394842,9,209.0,0.1455867369295943,2,98.0,0.31980197201837574,112,3169.0
1275.0,124,684.0,1.4430379746835442,4.1339486153073075,9,253.0,0.2127671461700874,3,129.0,0.289977287735987,8,88.0,0.22944048027372563,14,102.0,0.2507349647400588,4,176.0,0.2885635059306463,7,285.0,0.2627266257455622,5,192.0,0.28885681094390836,9,299.0,0.333944520205273,1,63.0,0.49394881123564566,1,27.0,0.3263380998203608,26,489.0,0.19206192267318842,10,337.0,0.09226356207484777,2,393.0,0.36622112667858114,3,22.0,0.5024252159408887,14,253.0,0.14404188063567736,8,112.0,0.19388559266086872,124,3220.0
1280.0,154,996.0,2.088050314465409,3.953558980308929,7,188.0,0.268852277202365,9,156.0,0.3616137993646071,13,140.0,0.26210700482319077,12,139.0,0.06497315887510277,10,200.0,0.2522895635391981,13,333.0,0.27103276841178386,2,207.0,0.40868839249963507,9,224.0,0.23559323564403647,3,23.0,0.4332802297180963,6,29.0,0.5159211834192124,29,625.0,0.10648462301818555,8,370.0,0.23444410886478423,8,420.0,0.24045496868719374,1,20.0,0.3922166405468033,16,274.0,0.14252941089013607,8,126.0,0.12223516696252414,154,3474.0
1285.0,153,999.0,2.0640495867768593,4.075046554934137,7,209.0,0.2575316747419733,11,162.0,0.2356454998501904,13,170.0,0.39490997478756545,6,127.0,0.18191676926688682,12,207.0,0.12359732891721346,20,422.0,0.09735956179000707,7,226.0,0.2785289339880119,9,259.0,0.11558363882914503,2,23.0,0.3627818823220163,2,32.0,0.5460246302415384,26,666.0,0.062016251459701945,10,396.0,0.29471598928993936,9,345.0,0.10565196344017361,0,10.0,0.6398053670280619,13,249.0,0.19647184911233412,6,110.0,0.4664234600360013,153,3613.0
1290.0,148,907.0,1.8701030927835052,4.061274068567315,8,237.0,0.23220641452725163,6,132.0,0.24005693238935885,8,141.0,0.19832714649691002,3,134.0,0.36325061001465386,16,191.0,0.11262046714404962,20,460.0,0.12862924625556996,13,282.0,0.09593227644451668,9,294.0,0.16593666490381953,6,43.0,0.5190339855362879,4,20.0,0.41380221989753757,18,605.0,0.22560026025800622,12,367.0,0.18008199221420607,9,229.0,0.27202357724695714,1,9.0,0.48170770484743525,14,298.0,0.14604466946856035,1,81.0,0.4334825313241586,148,3523.0
1295.0,139,726.0,1.5062240663900415,4.39146132422316,10,233.0,0.21069868557616075,5,90.0,0.37211279144196724,10,120.0,0.16418236553996363,9,149.0,0.3315371679032076,13,220.0,0.21769729231048857,17,428.0,0.22181389810818844,14,293.0,0.24029326054357755,13,294.0,0.2045967479171117,0,34.0,0.6350263612672437,1,19.0,0.32300195741902643,10,579.0,0.295974705848951,12,264.0,0.08772400965037623,3,125.0,0.4700645832903706,1,17.0,0.5738596494896934,14,359.0,0.10160753218544773,7,91.0,0.2637604922542096,139,3315.0
1300.0,117,508.0,1.0694736842105264,4.362121182801746,8,184.0,0.2736457477688609,3,84.0,0.44301719608114953,4,137.0,0.25486592992594526,9,157.0,0.281364678827384,13,239.0,0.22786887271511352,13,450.0,0.32297335361632484,6,195.0,0.1759572123185017,9,227.0,0.29342755704287776,2,12.0,0.548087333489153,6,32.0,0.5173818538066411,11,629.0,0.20066155091777704,8,303.0,0.14428417346504493,2,101.0,0.26657746866687,2,17.0,0.6206967927857132,9,355.0,0.2073734725931485,12,147.0,0.06953978871258476,117,3269.0
1305.0,103,399.0,0.8471337579617835,4.536861472797666,3,167.0,0.26449755163050054,7,71.0,0.42062246903900774,7,119.0,0.2902541968509354,5,120.0,0.3752274767870745,11,250.0,0.14409029671913962,9,502.0,0.2878796181421849,1,179.0,0.3717324140404484,5,247.0,0.1316669323789425,4,22.0,0.4732054039413116,2,36.0,0.5512244047829796,8,594.0,0.15594633721871484,8,312.0,0.287504111488451,7,120.0,0.22146406667141721,7,44.0,0.34200029012598193,9,288.0,0.26237027620382686,10,171.0,0.3885737326397161,103,3242.0
1310.0,120,471.0,0.9832985386221295,4.337130093271686,7,191.0,0.295553443554252,9,79.0,0.20524987175924003,7,124.0,0.46150100820166334,3,120.0,0.35630481991580226,10,234.0,0.1341251763235429,11,482.0,0.15157905277249517,6,201.0,0.3817663998557667,10,253.0,0.19688723213106496,3,17.0,0.338102570054964,4,27.0,0.45964843761421664,6,450.0,0.2750301790477833,14,362.0,0.29761367436696085,7,125.0,0.08784803455411504,13,100.0,0.15729230924439938,8,284.0,0.17191157627106482,2,118.0,0.43845908303472547,120,3167.0
1315.0,114,458.0,0.950207468879668,4.185171171326291,7,181.0,0.2779391094222644,6,72.0,0.2990094019143666,3,90.0,0.29865653979511064,8,149.0,0.37528651610803626,8,251.0,0.21559081965407462,11,404.0,0.14610071603531294,8,179.0,0.30230255689336305,9,252.0,0.27175678574969986,6,34.0,0.5549454358679435,3,27.0,0.3512028877491169,4,451.0,0.26014820617005097,16,363.0,0.1234821693331132,5,98.0,0.3719854851806687,8,123.0,0.32563307113177914,10,329.0,0.13642756641768916,2,109.0,0.2971144162478818,114,3112.0
1320.0,111,387.0,0.8164556962025317,4.167584652309121,6,131.0,0.26093121147835957,3,75.0,0.43299344848831006,4,80.0,0.17956959460124033,10,148.0,0.1888281435641924,10,255.0,0.23226656275032753,7,404.0,0.27916352175030146,9,139.0,0.19054329835628347,6,175.0,0.29123476101362783,1,37.0,0.5650787517387968,8,42.0,0.2783733230295396,8,477.0,0.16708756394101776,16,310.0,0.10756511275261996,4,104.0,0.5005260378996804,2,88.0,0.44912132107511543,10,317.0,0.22503289406666704,7,138.0,0.14534729337191907,111,2920.0
1325.0,122,597.0,1.2334710743801653,4.4481840499713705,4,128.0,0.3003556160077533,8,81.0,0.33779748567681694,8,102.0,0.26960340615952505,7,106.0,0.10269436478685001,14,305.0,0.14482081549957698,7,414.0,0.2650509698903896,4,136.0,0.2925363826597717,3,162.0,0.14053074266728183,3,12.0,0.4719643003364036,6,66.0,0.42267882804321283,16,538.0,0.10454436160644955,11,351.0,0.2405647951206376,10,135.0,0.2739927144967002,2,38.0,0.5880874921911511,6,269.0,0.2838045602603896,13,191.0,0.24387639008064851,122,3034.0
1330.0,135,745.0,1.5142276422764227,4.343305228644907,7,154.0,0.29581356310507695,9,94.0,0.2071015480426888,15,165.0,0.3632181933253306,2,114.0,0.21984867942086433,18,330.0,0.06532350554897692,14,473.0,0.1564562853081275,7,138.0,0.36008963726813864,6,190.0,0.1933003508556893,2,16.0,0.41335591685803896,4,54.0,0.4751061659791155,14,529.0,0.19849170369226252,8,370.0,0.2902521442468643,15,207.0,0.05518268486655722,2,20.0,0.16902741263464813,2,249.0,0.20003873040348394,10,200.0,0.28308004305841483,135,3303.0
1335.0,171,1090.0,2.2708333333333335,4.497811079893988,8,157.0,0.2119893804513869,6,92.0,0.3019692451749919,15,238.0,0.36668920325243043,9,140.0,0.262866824230019,15,311.0,0.2076087264776675,20,565.0,0.09978932928896744,9,140.0,0.28446250228321757,7,186.0,0.2608546634881754,5,31.0,0.6179163863484026,6,48.0,0.4076299253687195,13,434.0,0.25493140890690863,16,423.0,0.19669239819412887,21,301.0,0.19699590962943467,7,39.0,0.10589513625626105,7,270.0,0.14388052475996382,7,127.0,0.4396451300211275,171,3502.0
1340.0,147,1038.0,2.2467532467532467,3.9700007148451535,11,132.0,0.25486503411184513,0,74.0,0.48767425839331874,10,241.0,0.1795145478902869,7,150.0,0.36837366060361226,13,343.0,0.21716852987916704,27,686.0,0.06428263559112604,9,111.0,0.2166539872051747,5,131.0,0.3240682321276742,0,24.0,0.6334277994449717,4,50.0,0.26723422223188553,12,456.0,0.14827039482248308,15,430.0,0.06862982306659855,15,334.0,0.2649694523950589,7,78.0,0.10070176491594657,12,273.0,0.14474774687030575,0,118.0,0.42479340971723173,147,3631.0
1345.0,131,759.0,1.6357758620689655,4.356300102520002,4,155.0,0.27835525239316333,7,82.0,0.3463260497871048,9,169.0,0.12014297683887865,0,104.0,0.47162405829362697,14,405.0,0.1579503558248047,26,722.0,0.20258472525005572,7,107.0,0.1710448599010394,4,149.0,0.13536942096389645,2,7.0,0.6281063422715347,5,34.0,0.5307276002700919,13,522.0,0.11180843006970748,15,378.0,0.23206623702473478,7,276.0,0.31960297080886596,1,67.0,0.6473892481348632,9,215.0,0.23785283248392508,8,139.0,0.3884106236070305,131,3531.0
1350.0,113,630.0,1.3665943600867678,4.323323960042243,9,184.0,0.23884509619936908,8,101.0,0.17861640230163645,1,167.0,0.253011722848977,3,93.0,0.25578414830012675,9,407.0,0.13397517393359273,17,641.0,0.2799582428322531,8,115.0,0.32179204380476756,11,191.0,0.13104079093737678,1,7.0,0.41295571882388743,5,52.0,0.569297728786875,15,590.0,0.20841442684549252,9,392.0,0.28245919652340246,4,265.0,0.16775631999763385,0,19.0,0.838903213106259,4,232.0,0.17289864125438595,9,144.0,0.15073385775622042,113,3600.0
1355.0,133,751.0,1.60813704496788,4.308072486659245,11,195.0,0.21249901738789428,4,90.0,0.3123388381034066,7,177.0,0.4007196725650222,9,123.0,0.2148382400586068,8,421.0,0.21144199001158784,14,716.0,0.12382287999255714,10,138.0,0.410218967133409,15,259.0,0.19403264625024716,5,23.0,0.5961702786197173,2,44.0,0.3362614576689843,15,575.0,0.1947700077380497,8,429.0,0.18874477454031455,8,289.0,0.3167847953168998,2,7.0,0.5721583402117428,10,243.0,0.13209281744312718,5,114.0,0.31038964164663535,133,3843.0
1360.0,147,790.0,1.7025862068965518,4.070807555647968,11,174.0,0.27395873806635584,1,80.0,0.44023972120983473,12,225.0,0.3180033439731293,10,131.0,0.32133565965672495,13,468.0,0.22062115767933915,14,787.0,0.12855996430337652,9,144.0,0.2648768274090297,23,362.0,0.2099455070307975,0,22.0,0.6484819917206369,2,17.0,0.4206910176637302,12,458.0,0.10977124786232038,9,412.0,0.17150653121736534,14,346.0,0.23057082588945596,6,24.0,0.30718493983840633,11,244.0,0.10526304751220232,0,85.0,0.41680592895059865,147,3979.0
1365.0,154,958.0,2.0602150537634407,4.09534642800889,6,183.0,0.25150942333094517,8,83.0,0.42455687205286163,13,228.0,0.2158575861337139,2,92.0,0.44954296043998637,16,536.0,0.12405181223287066,11,735.0,0.23403967583040317,2,101.0,0.24054743395414313,27,492.0,0.1732249623551091,3,11.0,0.5064960800037653,4,24.0,0.49894946228896847,17,358.0,0.11692428067734106,8,299.0,0.26045572984313203,21,436.0,0.19661206448470053,3,29.0,0.12826532589838147,7,173.0,0.13260347899818928,6,102.0,0.37412823814718005,154,3882.0
1370.0,163,1192.0,2.547008547008547,3.8583112607076733,9,205.0,0.27466379641900035,9,92.0,0.2206998251159193,13,192.0,0.2543712048270111,3,83.0,0.3505863191797648,22,633.0,0.04079636348153685,8,602.0,0.2828515926207609,1,88.0,0.3941486494045157,28,556.0,0.046127390004499155,3,17.0,0.3561719318698631,7,48.0,0.5121668800431785,11,377.0,0.27761434269085344,7,314.0,0.27838380719428973,24,548.0,0.04201021014098644,2,20.0,0.6561448336397752,3,183.0,0.12630293960973213,13,158.0,0.1531474436407839,163,4116.0
1375.0,166,1354.0,2.911827956989247,3.9636829095081154,11,209.0,0.2318177404231403,3,73.0,0.32380092327917576,5,202.0,0.1760779642990385,8,110.0,0.307130916353795,30,765.0,0.08044477354090293,8,407.0,0.22011867735622795,7,106.0,0.4076701539175215,22,539.0,0.20095543842658845,5,34.0,0.6110399988083631,4,54.0,0.37029919059868976,5,386.0,0.31140828384888564,7,339.0,0.1621078280465239,28,683.0,0.14693965977016943,1,12.0,0.7989357004081743,10,221.0,0.12281264553731351,12,178.0,0.21510290415596567,166,4318.0
1380.0,155,1402.0,3.054466230936819,4.19672199544127,9,180.0,0.26125422669400594,1,58.0,0.4681113814494116,9,214.0,0.27473779483398714,8,118.0,0.2454813161034294,34,930.0,0.07293563310428139,9,302.0,0.2634434881190315,13,157.0,0.3647966541689073,12,601.0,0.2477575930058414,0,27.0,0.670444698405954,2,29.0,0.4140883729429137,12,386.0,0.20563418650831966,10,313.0,0.1390081403283115,22,710.0,0.20523514334721177,1,9.0,0.6350105081477118,8,214.0,0.24564079498010288,5,145.0,0.389834146797927,155,4393.0
1385.0,136,1299.0,2.7875536480686693,4.451702429595049,4,179.0,0.2711724344396112,7,64.0,0.4444591844504465,16,267.0,0.19084923163472936,4,91.0,0.45009227465993934,36,1105.0,3.9277854479625576e-05,4,283.0,0.28269866857048853,11,170.0,0.32346967124393117,9,638.0,0.18434097239709424,2,8.0,0.45737764668181724,2,28.0,0.512096217420792,14,392.0,0.11617505181608569,7,240.0,0.2787923670266566,13,602.0,0.20920706123537486,1,18.0,0.6649812342314924,6,163.0,0.29778110981822814,0,80.0,0.49359355058746635,136,4328.0
1390.0,144,1190.0,2.5211864406779663,3.8772178146618543,9,199.0,0.29613658689077127,6,71.0,0.24418406178094548,21,363.0,0.05589510896223933,3,77.0,0.320474253810957,31,1154.0,0.01779184171669756,8,278.0,0.2269834964038629,10,141.0,0.26102553269190387,12,620.0,0.11352986016125313,3,16.0,0.36448515767303313,7,49.0,0.4876674664700681,14,353.0,0.22700446156588996,3,198.0,0.3253292833781867,11,572.0,0.14797433248555186,0,8.0,0.8894535141120824,4,106.0,0.1879174894778358,2,87.0,0.36534565221070114,144,4292.0
1395.0,148,1144.0,2.4444444444444446,3.997137280455478,11,204.0,0.1879635584915629,4,53.0,0.3421297837614559,26,487.0,0.15036849681115194,8,94.0,0.1582219500450941,22,1066.0,0.09983353733839578,8,252.0,0.4314373666171141,6,178.0,0.14356071073883742,13,547.0,0.22644334626381438,6,34.0,0.5524762775288742,4,51.0,0.29140667378500207,10,391.0,0.22617340414546233,7,217.0,0.19125189725013153,10,625.0,0.2488559051034624,0,4.0,0.8749028059975587,5,125.0,0.21056641991766317,8,110.0,0.3320244882048499,148,4438.0
1400.0,134,1152.0,2.4615384615384617,4.450875629262516,9,168.0,0.26076311330679336,4,58.0,0.44026469960339115,28,627.0,0.1869338373072244,5,91.0,0.15454523408065904,13,848.0,0.28321118789278055,3,162.0,0.5930960936635536,8,202.0,0.2205559314821896,7,511.0,0.25148866044272256,0,32.0,0.5236095776865414,2,26.0,0.420441236111707,11,416.0,0.15755276425423817,13,273.0,0.1215683469652879,13,675.0,0.23380044748322729,3,6.0,0.1710895105670654,8,148.0,0.3370118587848157,7,119.0,0.33237245140569865,134,4362.0
1405.0,142,1268.0,2.658280922431866,4.661866922071363,4,145.0,0.30697299462100863,7,71.0,0.46041224143591986,29,768.0,0.19219848735451392,5,58.0,0.5026276586358693,5,676.0,0.45450430093771865,1,90.0,0.34943403571269815,17,266.0,0.18139536950684068,8,514.0,0.18283283880856985,3,17.0,0.48159990068637504,1,22.0,0.5286003664528713,11,405.0,0.1289158461210559,14,280.0,0.21564601588371657,20,759.0,0.1177678167768446,3,25.0,0.1936081699740485,7,156.0,0.31061210984069776,7,90.0,0.29123786657886197,142,4342.0
1410.0,149,1248.0,2.6496815286624202,4.233843436544475,6,147.0,0.29246783650282776,11,118.0,0.21654331147730352,28,808.0,0.1286493833205961,1,54.0,0.26305147189696754,1,634.0,0.41899512999797656,6,95.0,0.252450666962947,21,363.0,0.15055062549496356,12,559.0,0.1251583251280593,3,19.0,0.27002579542845034,6,38.0,0.5252007743710665,11,313.0,0.22937608036987847,12,232.0,0.33806807808935657,20,752.0,0.11076186226766027,0,15.0,0.7302286121303826,6,118.0,0.17263854147981164,5,107.0,0.27618668028515686,149,4372.0
1415.0,164,1228.0,2.5852631578947367,4.02023898606015,12,196.0,0.22315688847256995,15,187.0,0.19334538627541542,20,746.0,0.1408513860556426,3,48.0,0.501911163915878,6,658.0,0.25872425210673844,14,150.0,0.22260901339437664,23,415.0,0.09748023561968079,13,551.0,0.2031069328822894,7,42.0,0.344877121305669,3,39.0,0.31155796513144296,5,330.0,0.308732604923721,11,235.0,0.20354092361922652,18,624.0,0.21032891173502868,0,8.0,0.8847847117341275,4,141.0,0.1352731404360243,10,137.0,0.1764403646879145,164,4507.0
1420.0,148,940.0,1.9915254237288136,4.156629471471492,13,214.0,0.2093206777810335,10,202.0,0.24780315326700414,11,774.0,0.13611903511615345,4,27.0,0.5583968742347319,13,710.0,0.2936256092574544,14,159.0,0.2704221527136607,16,398.0,0.11632003521088939,11,458.0,0.3453065432674467,1,45.0,0.42686091224736217,1,21.0,0.5670150007940424,8,350.0,0.2399302473040513,10,282.0,0.14171267327478995,15,700.0,0.23917335987940624,0,4.0,0.8559596571013086,10,171.0,0.24051355357604684,11,150.0,0.0688893301481266,148,4665.0
1425.0,129,669.0,1.4356223175965666,4.269359428786934,11,190.0,0.24441821602514655,2,146.0,0.4558192948488751,11,823.0,0.203823233876086,5,32.0,0.5705748514804098,13,674.0,0.27600502344078476,8,137.0,0.21612381301898573,10,451.0,0.2916945121552843,8,457.0,0.18721479632716437,3,21.0,0.6203556236335087,1,9.0,0.5370238724072854,15,409.0,0.12932742466028166,12,321.0,0.14388153819841262,11,761.0,0.14272875137455762,1,7.0,0.27500476489702735,8,173.0,0.3220836512969274,10,187.0,0.23989711146752568,129,4798.0
1430.0,123,591.0,1.2442105263157894,4.234149635684094,5,212.0,0.2669853178466434,5,74.0,0.46321554725640235,15,882.0,0.24063541411032344,1,28.0,0.41433104664463993,10,493.0,0.13855666464115438,3,150.0,0.3300306330377997,10,490.0,0.24377956934109007,10,507.0,0.1474123020712592,1,12.0,0.7417147430360882,4,28.0,0.5696812898724242,16,418.0,0.09593929933500642,15,330.0,0.06864130768849772,15,830.0,0.10741269461291757,0,7.0,0.5640797548654468,6,136.0,0.2948490444951848,7,214.0,0.37115527103690266,123,4811.0
1435.0,152,774.0,1.615866388308977,3.9605590343280697,9,243.0,0.2727962534151732,7,56.0,0.4537297637690844,16,856.0,0.1779130339329826,2,13.0,0.34249380767965043,16,343.0,0.13076353194528037,8,172.0,0.3391466584083899,10,473.0,0.17253105950779668,17,580.0,0.22397479497710368,2,14.0,0.6171112079920889,2,26.0,0.39048728077319855,13,346.0,0.23698247671039774,14,301.0,0.16318801679189604,15,802.0,0.19014153014090046,0,6.0,0.7404466401319736,7,164.0,0.1323457195574798,14,267.0,0.14123896864348034,152,4662.0
1440.0,164,914.0,1.9242105263157894,3.8256001841968454,9,240.0,0.20353493937180606,4,57.0,0.28823534681113294,16,731.0,0.10554182606613453,2,25.0,0.6496476057305781,9,386.0,0.29124493403500507,14,229.0,0.3052734768821122,11,405.0,0.0977184418714673,22,679.0,0.3362527032034821,8,40.0,0.31181240831740875,2,10.0,0.4194116002704003,12,372.0,0.2643348468044946,11,346.0,0.1223905113369315,12,611.0,0.274809641168548,0,4.0,0.7940044178713964,11,207.0,0.13636687142195333,21,358.0,0.020328765577921445,164,4700.0
1445.0,174,1213.0,2.553684210526316,3.969436121808885,7,193.0,0.25388862653112443,4,34.0,0.5549890352875928,10,781.0,0.1607219974750161,0,4.0,0.8477092765770547,7,392.0,0.3750472992033887,17,257.0,0.1261601411894061,9,423.0,0.1595160295850892,28,804.0,0.1835133345017225,14,102.0,0.17577188985761574,4,17.0,0.31694971228845553,12,428.0,0.16090966995722653,10,382.0,0.21473770005811868,11,622.0,0.2561639419824611,0,8.0,0.7808632830275881,16,273.0,0.1738420167386317,25,480.0,0.1267254873338324,174,5200.0
1450.0,181,1551.0,3.2045454545454546,4.23934137359135,4,193.0,0.2747509409740655,4,46.0,0.6298668066153355,8,805.0,0.30062315649703863,0,0.0,0.7799940363397622,10,345.0,0.2699395074093754,17,256.0,0.12847437552729205,8,437.0,0.28878594827342735,32,958.0,0.07207810933529361,19,190.0,0.1660900474025612,4,30.0,0.48195232751684647,14,493.0,0.10889057373549414,17,448.0,0.29184415482920273,8,669.0,0.2168667385900978,0,4.0,0.8212350881601735,17,301.0,0.21061653008660014,19,515.0,0.16759252366947286,181,5690.0
1455.0,177,1708.0,3.5216494845360824,3.7011750224889934,7,216.0,0.2513272209167194,6,70.0,0.37483683876388635,10,751.0,0.30903855585415385,1,8.0,0.36137083266991754,12,231.0,0.13727303498937155,6,280.0,0.20887121723892174,14,495.0,0.22898802443835845,32,1118.0,3.544811075284301e-07,19,285.0,0.128798377272152,1,19.0,0.6019445343892054,15,489.0,0.1911483887688624,16,439.0,0.22092355803036984,13,720.0,0.2401008999087929,0,4.0,0.8275238152428619,15,255.0,0.17063979990296493,10,450.0,0.22668433828092124,177,5830.0
1460.0,175,1684.0,3.4650205761316872,3.228547547884803,7,205.0,0.24536230583214053,11,122.0,0.27101668260497147,11,599.0,0.17662214552926545,0,6.0,0.6195068195632176,11,209.0,0.11517172073683299,8,294.0,0.12997703808327637,20,580.0,0.07777332528736854,26,1131.0,0.04870409878351037,19,380.0,0.13161077286271725,3,10.0,0.5240683852163353,10,406.0,0.2511685657096182,14,508.0,0.15586109622569222,13,678.0,0.1566604031492624,0,2.0,0.5405627240938726,14,297.0,0.12169441687581167,8,320.0,0.17039957076747986,175,5747.0
1465.0,152,1377.0,2.8450413223140494,3.835301698485285,6,134.0,0.273789965287259,6,119.0,0.44773515360842725,10,580.0,0.10956713564539317,0,4.0,0.8713708581588312,8,219.0,0.2564146165707535,14,356.0,0.10747027091845314,28,707.0,0.03257023150230069,16,967.0,0.23261502671638304,13,403.0,0.2631629664061119,0,9.0,0.585072394200547,11,389.0,0.14815170387892695,16,570.0,0.11671295999299224,11,529.0,0.14831432987699605,0,8.0,0.7484671256934875,11,356.0,0.14023538361524435,2,329.0,0.3542059591293111,152,5679.0
1470.0,149,1239.0,2.619450317124736,4.123363288293938,4,154.0,0.26525803237222906,3,61.0,0.46035311473514035,11,624.0,0.15828984049961745,0,0.0,0.667108214774372,14,248.0,0.2530657914105367,15,370.0,0.1562298995727238,30,857.0,0.15429487781730655,10,966.0,0.2768927645054077,5,330.0,0.4283265252922898,0,4.0,0.9133986406151401,18,470.0,0.10603420634353654,16,651.0,0.09766348301893038,7,521.0,0.14197439433745596,0,8.0,0.8895300085680228,9,353.0,0.13000682218360327,7,344.0,0.43537023034941413,149,5961.0
1475.0,161,1346.0,2.8041666666666667,3.926941714265894,8,178.0,0.2783064866254468,4,69.0,0.32609730820975064,15,680.0,0.2135282136094759,3,6.0,0.09298563628829601,15,273.0,0.102155120176433,11,312.0,0.29982636975066324,30,1009.0,0.2388572356189096,9,1003.0,0.20684393818983046,2,310.0,0.3321254064382592,1,5.0,0.7997296666191686,14,530.0,0.21447130191161815,23,757.0,0.04638674892163167,7,554.0,0.1445019599471879,0,4.0,0.8837775775498673,5,275.0,0.16298578693870494,14,397.0,0.39004664310410037,161,6362.0
1480.0,176,1392.0,2.8524590163934427,3.5009017630879193,8,168.0,0.25232731987910284,9,100.0,0.30302433185276617,15,646.0,0.20871450083221157,1,17.0,0.2194464039686874,19,271.0,0.08193313278697434,6,331.0,0.2819515686495691,30,1037.0,0.13662919592670975,10,922.0,0.12224215015463083,7,332.0,0.25987450980259824,3,12.0,0.5739745857398928,19,588.0,0.1973980310583221,24,778.0,0.15665880842454177,8,504.0,0.26818648724220856,2,9.0,0.20851907408417691,1,252.0,0.2685211848006319,14,396.0,0.2032178231054131,176,6363.0
1485.0,167,1216.0,2.5020576131687244,3.532706583281866,8,113.0,0.22691806179645113,8,112.0,0.40111557183729274,15,501.0,0.15778271810140104,0,11.0,0.7231331777383078,14,333.0,0.13001093351832935,9,373.0,0.1070164022894261,27,937.0,0.06881889657914603,7,682.0,0.332084461199194,8,312.0,0.23931158341312225,2,14.0,0.41151900657243046,26,693.0,0.060919418400686765,17,696.0,0.22018649286955808,5,367.0,0.40144776396584847,0,11.0,0.5886824225254293,6,273.0,0.31086884682656235,15,322.0,0.073453797851294,167,5750.0
1490.0,156,1031.0,2.1083844580777096,4.049865194669101,8,97.0,0.3520463740731771,4,59.0,0.5160641866896378,13,506.0,0.15348571366241912,0,6.0,0.901783929928382,15,365.0,0.19969356158638704,15,425.0,0.09259592118925651,19,981.0,0.10594106218313412,8,698.0,0.2866846238091201,3,209.0,0.44687304917263543,2,17.0,0.7302275213865692,28,733.0,0.017137627843296026,12,757.0,0.1400544801052861,5,353.0,0.20957742125871312,0,6.0,0.8672464099219472,13,320.0,0.2888323028066995,11,378.0,0.1525958888010384,156,5910.0
1495.0,139,840.0,1.696969696969697,4.3500788710611555,1,82.0,0.40325210552090657,2,57.0,0.33445393525831274,11,555.0,0.2624715547077625,0,4.0,0.9180414848276909,13,370.0,0.20948503979636457,19,491.0,0.21694053193234378,13,1026.0,0.22532994969518755,8,734.0,0.1776430212551056,3,47.0,0.45000704979078743,0,4.0,0.8569195562889032,26,788.0,0.0531802208562147,10,808.0,0.10548224247733011,9,395.0,0.12299579023585218,0,6.0,0.7339818123907428,15,336.0,0.12633833908393627,9,390.0,0.30707507186248273,139,6093.0
1500.0,152,946.0,1.8995983935742973,4.046617481776841,5,74.0,0.3532662129730252,9,76.0,0.2417324693092617,7,492.0,0.27889244307222205,0,2.0,0.47897634322529314,10,318.0,0.14469489086622955,24,593.0,0.21825953621048053,10,949.0,0.23415587691203182,13,791.0,0.13958327005806667,2,47.0,0.3839672132096691,2,6.0,0.7398599155212892,19,888.0,0.16744247354220915,7,757.0,0.23930406645467198,15,465.0,0.09235160353458464,1,5.0,0.3101050059336173,16,313.0,0.09474012554281223,12,364.0,0.22785830605170687,152,6140.0
1505.0,158,1066.0,2.149193548387097,3.6453087730483613,11,118.0,0.25005321163486954,11,96.0,0.19374661102957774,7,339.0,0.16121348943505073,1,9.0,0.7253628977883247,5,298.0,0.12858594815273897,30,724.0,0.07145390672192574,9,755.0,0.12207468746278198,13,731.0,0.28067776166799446,7,65.0,0.2624788427902422,0,0.0,0.4550901464434933,17,975.0,0.2411286790395487,5,608.0,0.29976497709818073,15,453.0,0.2858677467225578,1,12.0,0.19571710892643523,15,266.0,0.1519133600351293,11,277.0,0.13402896291462862,158,5726.0
1510.0,156,1173.0,2.4285714285714284,3.958369380287547,18,196.0,0.23009371156951056,5,81.0,0.3090429317886771,6,368.0,0.10713974454559519,0,7.0,0.8867822299113163,10,323.0,0.17191613499397104,35,890.0,0.009850381557025827,8,676.0,0.15523434907232903,9,563.0,0.24132879762683312,12,117.0,0.3716355922532456,6,19.0,0.3641474512489666,17,1049.0,0.20813799063438007,2,381.0,0.2597684190810107,11,348.0,0.3386392965364085,0,9.0,0.7875560599071177,8,299.0,0.25979309637644193,9,288.0,0.12084322901248457,156,5614.0
1515.0,149,1182.0,2.4676409185803756,4.046142954925327,15,239.0,0.19461221704911089,3,84.0,0.3090417336925588,11,402.0,0.14218585649540022,0,1.0,0.9318485247483008,9,338.0,0.24640985120157632,29,947.0,0.149923584069218,7,680.0,0.33008281762037517,12,612.0,0.11721394712489014,7,129.0,0.28701258652719563,6,51.0,0.38565058712364647,18,1023.0,0.1028168335118362,2,392.0,0.2563760085313202,9,364.0,0.21327102723103303,2,14.0,0.75487589436143,9,278.0,0.31200065808841904,10,307.0,0.17301290526162788,149,5861.0
1520.0,155,1040.0,2.1443298969072164,4.102637609646167,11,219.0,0.2838147988249599,8,108.0,0.39732596773435724,17,473.0,0.23384109762281394,2,5.0,0.46508194951739223,15,394.0,0.2378069890003634,20,815.0,0.22425820301370625,9,617.0,0.31830674958438326,10,672.0,0.17037671308677263,4,91.0,0.30333912188792356,0,48.0,0.5966085672324317,19,904.0,0.07220261832005564,7,413.0,0.373482361913707,10,419.0,0.14961876575742647,4,24.0,0.35111005588291844,9,274.0,0.22024004122692376,10,290.0,0.25398223267853914,155,5766.0
1525.0,150,985.0,2.0061099796334014,3.777585354635399,4,150.0,0.40037983462082216,7,119.0,0.44422583136829474,18,458.0,0.25805620155874454,2,19.0,0.233720908151263,18,468.0,0.07134390412504765,15,893.0,0.1615978424541654,7,482.0,0.1548713904021285,9,603.0,0.25667534735590347,3,96.0,0.34557632389636933,2,9.0,0.7053715422831469,18,782.0,0.11458784588790416,10,388.0,0.3131298127347435,15,482.0,0.12073904466793087,4,30.0,0.10675619497476002,10,207.0,0.14136400858534492,8,240.0,0.2978398149150084,150,5426.0
1530.0,132,849.0,1.7397540983606556,3.5557967305951026,2,145.0,0.3809568173333616,5,87.0,0.3187154772169337,16,405.0,0.12666923045490736,0,8.0,0.8297240914545637,24,573.0,0.04268549015264708,11,949.0,0.10185377992757061,5,451.0,0.12262940085930162,5,428.0,0.24018977417555276,11,136.0,0.3648155081466879,0,4.0,0.5987141496920266,8,827.0,0.1666976035588224,7,282.0,0.13706593568890593,22,583.0,0.20551773032246642,3,29.0,0.28634196445203935,8,233.0,0.1421920722359243,5,231.0,0.15407274384686173,132,5371.0
1535.0,163,1143.0,2.33265306122449,3.7955264768536674,8,153.0,0.31775741436017263,3,74.0,0.30957551256595073,17,494.0,0.08324499884072464,0,8.0,0.9038251269445038,29,714.0,0.03174452353325533,8,887.0,0.24522604405821632,8,458.0,0.20380787859494345,7,397.0,0.15427682674180374,13,198.0,0.2704489062678094,3,11.0,0.4280452261292012,7,817.0,0.28781030711761674,10,268.0,0.14590808686320172,29,712.0,0.163098826772709,1,16.0,0.6188004312832374,9,258.0,0.24783922660131275,11,276.0,0.12524468440022274,163,5741.0
1540.0,184,1611.0,3.2877551020408164,3.810662314839413,13,207.0,0.27268925585142595,8,98.0,0.23878627445365866,13,557.0,0.21343029627653073,2,7.0,0.304257090326127,33,874.0,0.11188175609673771,4,681.0,0.345322482266911,9,413.0,0.26598273026439284,9,439.0,0.15668550430356307,12,214.0,0.20785423409714116,0,15.0,0.48330350832595037,8,748.0,0.32408227176615184,8,294.0,0.27318623631540817,34,869.0,0.09340438797361753,2,18.0,0.6264906720322152,13,276.0,0.2482326134976975,16,339.0,0.10268982788363878,184,6049.0
1545.0,184,1817.0,3.7386831275720165,3.3793081131719007,13,229.0,0.21864156824959094,9,111.0,0.22213417936479693,12,544.0,0.22178620719175404,6,37.0,0.13507531149263674,37,1050.0,0.12928241488778353,4,697.0,0.2517858470500035,6,292.0,0.26013034833325716,13,497.0,0.2711177463222236,5,168.0,0.26955796070796684,2,10.0,0.6780504862418182,5,541.0,0.20286522899506054,11,302.0,0.3029393869067889,31,913.0,0.043562113513050976,0,10.0,0.2732517417817132,14,294.0,0.12166552182446419,16,359.0,0.18282239477065437,184,6054.0
1550.0,165,1578.0,3.213849287169043,3.6217222483842706,10,168.0,0.295329670263891,4,85.0,0.47348361679697254,9,457.0,0.16609593951865606,0,36.0,0.6470278495618278,33,1109.0,0.04372277524374037,9,733.0,0.14218687284016515,4,293.0,0.11966846338353991,14,454.0,0.1959659573733932,3,176.0,0.43449021838692486,0,5.0,0.7724832599094628,10,386.0,0.13880466461320085,18,362.0,0.15011048560688453,23,829.0,0.08690507297592964,0,8.0,0.6646970582908127,15,272.0,0.10115506784396752,13,313.0,0.3293602195675074,165,5686.0
1555.0,154,1289.0,2.5728542914171655,3.8714409682604156,2,155.0,0.39421813941065914,3,74.0,0.3672720903617092,7,423.0,0.15309402170712935,0,8.0,0.9012002038902985,27,1054.0,0.10618907444547186,9,672.0,0.24582352676314834,9,300.0,0.17847895640540273,16,327.0,0.08857254813611604,10,208.0,0.2892927945637501,2,9.0,0.5858390662653453,5,410.0,0.1906363013666767,26,477.0,0.03472165257629762,12,865.0,0.23707642094201306,2,13.0,0.7780753095111692,10,311.0,0.14331159316010908,14,378.0,0.23195616034000857,154,5684.0
1560.0,156,1164.0,2.3373493975903616,3.9723746305242527,7,167.0,0.3277947237165124,7,93.0,0.2573796036430422,8,453.0,0.2110104157815617,1,3.0,0.42164229175404866,15,1039.0,0.2411987750493656,6,466.0,0.32713916679888577,11,270.0,0.25813107521479384,14,403.0,0.13870232778640385,11,203.0,0.1856601814105978,0,6.0,0.4684114715386331,8,421.0,0.31183745467635077,34,633.0,0.12344572682808541,9,915.0,0.2465633882487886,2,19.0,0.6312570199126587,11,343.0,0.21486226954350873,12,438.0,0.1522655426223608,156,5872.0
1565.0,165,1223.0,2.4558232931726907,4.0373477793643096,13,219.0,0.2486246388737883,13,150.0,0.17859615514944951,7,417.0,0.3246363533941674,7,27.0,0.14668442900581,11,1083.0,0.24950376820094078,5,304.0,0.3918615683655752,14,294.0,0.2029995730939122,10,441.0,0.25223704723899326,7,156.0,0.25907111774119057,2,11.0,0.6637993664724111,9,390.0,0.2859782520580436,34,794.0,0.17087682943979682,14,968.0,0.1507609123627287,0,5.0,0.22550078794573306,9,334.0,0.24896298288027252,10,429.0,0.14355083363105164,165,6022.0
1570.0,157,1348.0,2.6693069306930695,3.595611067984206,14,231.0,0.2405569333454624,18,234.0,0.22101174952989042,4,290.0,0.24076339345295403,1,36.0,0.6156059268129935,8,1018.0,0.16120528387799904,1,313.0,0.3189358109655868,14,347.0,0.05421658215239091,16,503.0,0.2026135062465974,3,143.0,0.37577103861032957,0,10.0,0.7570032704253693,13,446.0,0.1440864055881421,35,955.0,0.0908381725075667,14,930.0,0.06801690918015194,1,12.0,0.38469845301407163,7,267.0,0.1322720463798754,8,360.0,0.2534525853695944,157,6095.0
1575.0,165,1408.0,2.7992047713717696,3.652753773205282,9,190.0,0.2907920993327802,13,261.0,0.31965281848173216,1,273.0,0.16851479588259272,0,12.0,0.8521000806720058,11,864.0,0.13965066653175784,7,341.0,0.3167105325343977,13,383.0,0.10173526403397631,21,598.0,0.013750238365262084,7,167.0,0.25238479190891744,2,7.0,0.40982224038240334,17,500.0,0.04994840904367889,31,996.0,0.08253722864441364,12,785.0,0.28383298614503144,1,10.0,0.7990656094821926,14,320.0,0.10407653745283976,6,384.0,0.2550839045836836,165,6091.0
1580.0,154,1313.0,2.58974358974359,4.0399376467089,2,181.0,0.3123840867259649,8,216.0,0.271358733958306,7,292.0,0.1685618666187598,2,13.0,0.35740616646724016,9,640.0,0.17688198032636857,12,390.0,0.28432434000612095,18,450.0,0.16600900839005214,22,621.0,0.0817053462366089,7,159.0,0.3955208998343051,0,9.0,0.4324400563200621,17,550.0,0.09280864701332132,23,889.0,0.09752246310291146,6,575.0,0.3892637081095693,1,12.0,0.8659000890094932,10,360.0,0.2063964509384475,10,412.0,0.15985490689878473,154,5769.0
1585.0,161,1306.0,2.5912698412698414,4.088886646164175,7,201.0,0.3222575298696796,4,231.0,0.2639853858031341,13,348.0,0.15513193305743828,7,37.0,0.002791805309290971,4,643.0,0.3004745428696138,14,372.0,0.22922852328498955,26,565.0,0.19119769011699558,14,545.0,0.2891202966537865,2,92.0,0.42071301552159507,2,9.0,0.68214625656479,23,634.0,0.1390230097699426,15,906.0,0.11561488261146805,3,579.0,0.2829834245205004,3,17.0,0.5227549633151187,15,398.0,0.27138366692482724,9,394.0,0.11156299684218397,161,5971.0
1590.0,175,1439.0,2.8953722334004026,4.069110864158614,15,259.0,0.22180440761802847,9,255.0,0.22549153512706394,12,346.0,0.27204891431680545,3,51.0,0.19098003585528672,7,636.0,0.33614147912740416,12,350.0,0.12425616096591746,32,710.0,0.09830774032610769,7,519.0,0.2900249178562088,3,35.0,0.4828487519690537,0,6.0,0.8061979577229363,29,765.0,0.17792921047837737,12,964.0,0.22260218078263272,8,604.0,0.22017241437584545,3,25.0,0.22655087155799383,16,401.0,0.20088700836073176,7,332.0,0.25151976325291786,175,6258.0
1595.0,177,1453.0,2.900199600798403,3.7163303852834444,20,346.0,0.19553904344173922,10,249.0,0.2076621933484355,9,278.0,0.259658375392691,0,26.0,0.7719781900983236,10,583.0,0.17483832985086495,12,421.0,0.1201687523126842,36,881.0,0.00013316665635198247,6,546.0,0.18683749764199112,3,35.0,0.340665708588175,2,7.0,0.6136596729448165,31,786.0,0.1098670691649722,8,917.0,0.2866442212631806,7,557.0,0.15005276035868614,6,35.0,0.4345596197724968,15,364.0,0.112063526646336,2,287.0,0.2728621760579325,177,6318.0
1600.0,183,1480.0,2.9718875502008033,3.5715806735944917,23,456.0,0.18867041983557378,4,156.0,0.3039262232110925,11,300.0,0.20956428655738407,3,33.0,0.7194758149744214,13,467.0,0.14943653701762086,11,463.0,0.22843655225586873,30,913.0,0.055401344084703104,12,594.0,0.051533340230401084,7,48.0,0.5039230761998561,1,7.0,0.285668281774624,27,923.0,0.1133517110625602,8,771.0,0.16547507631340383,5,414.0,0.38909846838615025,1,39.0,0.6277361258071547,21,443.0,0.09123290075888772,6,302.0,0.17549604473687638,183,6329.0
1605.0,156,1319.0,2.659274193548387,4.014271831204887,19,480.0,0.1589348490334557,2,165.0,0.34466439954183087,8,350.0,0.1309700586847599,5,47.0,0.3062849361134491,8,459.0,0.22298822376636496,17,536.0,0.20298349645476482,20,809.0,0.21695988248126596,13,575.0,0.31108575897346163,3,49.0,0.47573962646716095,3,17.0,0.42459414022417175,23,1039.0,0.13074799151307434,9,579.0,0.15584766456464477,2,196.0,0.41504720492208447,3,21.0,0.6174131307802422,14,500.0,0.22443799851812427,7,278.0,0.13399816633133185,156,6100.0
1610.0,140,1134.0,2.2816901408450705,4.220966116195922,12,399.0,0.25272645175370134,9,188.0,0.4007058882425634,13,405.0,0.12672527241702178,4,45.0,0.13666742231999635,7,466.0,0.22847876245730134,25,638.0,0.06555942765193123,12,662.0,0.3172062634843537,9,390.0,0.28976168705935373,3,28.0,0.3978000098197184,2,16.0,0.5125235032241924,19,1140.0,0.07118266346411611,7,477.0,0.3675881437908956,2,197.0,0.2863371628811441,1,20.0,0.4323654983055447,11,489.0,0.2905976643751787,4,207.0,0.161017437750793,140,5767.0
1615.0,141,912.0,1.8313253012048192,3.9858316565997294,7,411.0,0.2881605192230366,6,169.0,0.37247257284532864,15,401.0,0.21827245293851147,2,30.0,0.5851040861323366,10,412.0,0.16286251227561274,33,787.0,0.026843807004945337,5,626.0,0.30557862129453983,6,293.0,0.23374117955507168,2,15.0,0.39498686145627393,5,31.0,0.641270300177319,17,1080.0,0.048130526068495286,4,504.0,0.3493531590692321,8,228.0,0.21645385617935295,6,21.0,0.3575494177266163,11,421.0,0.18449374476942598,4,217.0,0.1770649548100374,141,5646.0
1620.0,154,870.0,1.7791411042944785,3.560429638230984,9,447.0,0.24442926191225056,3,71.0,0.3096867386792855,12,331.0,0.23656561904850962,3,26.0,0.7141485813571581,12,425.0,0.09576380029312771,30,810.0,0.04566895704417534,5,646.0,0.24058545530935593,6,156.0,0.2583917877706075,6,32.0,0.5106018007565236,2,31.0,0.28452020812342005,14,895.0,0.19524648026492866,10,512.0,0.20956571401189694,9,194.0,0.28369104560662395,11,69.0,0.34016858952475026,13,467.0,0.0881836972368638,9,253.0,0.10764534224055454,154,5365.0
1625.0,140,830.0,1.690427698574338,4.005204557143627,8,414.0,0.24248503316267694,3,32.0,0.4983056720632084,14,400.0,0.15885638365365554,3,37.0,0.6825656004651377,11,463.0,0.16567890734873317,24,932.0,0.052626599706842254,11,687.0,0.19868229470285745,1,160.0,0.4913599991998989,2,39.0,0.6501623881753481,4,26.0,0.42302110252540037,14,959.0,0.21602361902739878,14,519.0,0.13123827370560973,5,92.0,0.3105323321374311,6,88.0,0.33766705993460044,11,498.0,0.13026775269268784,9,249.0,0.20105944435742534,140,5595.0
1630.0,150,924.0,1.8666666666666667,4.05542515712115,6,273.0,0.24222336727836696,2,23.0,0.4663426264494431,11,458.0,0.15147127770914404,5,55.0,0.21792201915442394,16,501.0,0.23516950480045273,21,1041.0,0.026415277978279694,17,762.0,0.1945449670620588,8,166.0,0.42929098008876543,2,21.0,0.49338510242339356,2,25.0,0.4426290291085162,14,1025.0,0.13002274062025523,14,506.0,0.07547447532861327,3,93.0,0.29858318237635023,5,63.0,0.3944898379060528,16,545.0,0.2178216372720337,8,256.0,0.21342785069233125,150,5813.0
1635.0,169,1084.0,2.1987829614604464,4.037485865473583,2,285.0,0.24346899707505462,7,42.0,0.4627153254249264,16,529.0,0.240025161299616,3,47.0,0.1343245290098489,20,579.0,0.23755584393839746,13,991.0,0.0842227538869119,18,763.0,0.24599853088761614,13,218.0,0.2798117991670559,5,32.0,0.4372502731978265,7,44.0,0.5631039646276499,10,950.0,0.10467159322738477,13,364.0,0.27246186009991713,6,111.0,0.2149410286075798,2,64.0,0.40687444428227504,22,634.0,0.13975832621591225,12,304.0,0.11473454619648317,169,5957.0
1640.0,158,1000.0,2.044989775051125,3.72260653583,8,309.0,0.2559902311849527,6,54.0,0.23588218615231435,16,524.0,0.18778758563935638,0,12.0,0.6752595314450462,21,569.0,0.1591844631208701,9,809.0,0.26908902906816806,10,598.0,0.2820605094467559,12,215.0,0.2609999043955375,2,26.0,0.27677855268873586,11,88.0,0.29692659149153355,7,763.0,0.22466728726450486,4,323.0,0.3964986678360158,8,125.0,0.17272116398249768,7,77.0,0.39408073862871584,23,653.0,0.06879900728181376,14,364.0,0.06520778006409547,158,5509.0
1645.0,156,788.0,1.604887983706721,3.7252113220822363,9,283.0,0.24809097614159317,4,48.0,0.3612222010801777,15,458.0,0.1535808268588544,1,15.0,0.7576438453148765,29,697.0,0.040254772207595775,7,758.0,0.2612261480521917,6,584.0,0.15512614457782659,9,162.0,0.17169504742870972,7,34.0,0.5036192030824913,10,112.0,0.22584017461072786,5,566.0,0.2824177140726981,9,312.0,0.25839957873654434,2,87.0,0.2803188999622967,7,80.0,0.40506506045438206,22,587.0,0.05815912681277037,14,369.0,0.2593252179479566,156,5152.0
1650.0,133,697.0,1.431211498973306,4.029402953606693,6,167.0,0.22343783581112636,6,52.0,0.4985915281133063,9,515.0,0.14409709957014924,2,21.0,0.6952963983482319,33,849.0,0.02969058247872516,10,805.0,0.1539493155231963,5,610.0,0.18935139724253625,4,181.0,0.2538981252658318,7,69.0,0.546328324649705,5,91.0,0.25651497348423125,1,554.0,0.19761413975948702,10,262.0,0.09848722910634759,2,61.0,0.48493460665565247,6,56.0,0.3494300181519028,17,546.0,0.15552950576736127,10,293.0,0.29384720060104663,133,5132.0
1655.0,132,733.0,1.4959183673469387,3.986357870793334,5,188.0,0.2875836528850373,7,83.0,0.47335192047591207,11,557.0,0.1425925705681355,1,10.0,0.2841040591468192,21,950.0,0.07955161755292015,7,751.0,0.13204328518906666,13,658.0,0.24768732040785515,9,203.0,0.22712196146482644,9,108.0,0.382176645756614,2,91.0,0.3264069292057283,8,584.0,0.2093710515120541,12,171.0,0.09657908613394135,2,61.0,0.46720813755973434,5,73.0,0.22010962020134617,7,543.0,0.2973860638740386,13,327.0,0.10614178319025735,132,5358.0
1660.0,154,871.0,1.788501026694045,3.866024113306348,8,212.0,0.2694426232764055,5,79.0,0.3432622995376965,10,527.0,0.2756469525342875,1,15.0,0.6741708188254848,22,912.0,0.10775978028642187,3,603.0,0.1564484123495798,13,617.0,0.3070040758858008,17,274.0,0.032065001371891035,14,169.0,0.1866866173970541,7,105.0,0.29002560649279774,13,640.0,0.2545717195598072,4,173.0,0.1688143293758651,8,88.0,0.3317528439547138,10,89.0,0.27578562528113754,8,571.0,0.32677587144206693,11,383.0,0.1083078998879154,154,5457.0
1665.0,166,928.0,1.9213250517598344,3.669360008690689,8,189.0,0.2215119881970041,6,46.0,0.3227363606760643,6,385.0,0.33513089651510986,2,10.0,0.7461410876316044,24,760.0,0.08874423814412868,4,581.0,0.3313136906042451,11,468.0,0.13826499765632425,14,304.0,0.24211562431699465,14,199.0,0.17625719537656312,6,112.0,0.3052767050990541,14,622.0,0.2592787419274953,6,165.0,0.3024217919396304,14,145.0,0.10588526613899417,15,141.0,0.24009825038428884,9,538.0,0.18913468751916046,13,448.0,0.23410142410070478,166,5113.0
1670.0,166,1024.0,2.085539714867617,3.7965473773063203,7,124.0,0.2638270998015868,2,36.0,0.5080624265911461,5,401.0,0.25312739274001506,2,18.0,0.7815675230921579,19,836.0,0.07442899198827842,9,610.0,0.2671050980076285,9,513.0,0.12530416375060308,5,241.0,0.2870874472469957,9,171.0,0.2970742740151856,2,68.0,0.5816025717665516,10,456.0,0.14058074013122648,15,208.0,0.3903048181835299,21,235.0,0.039720418347612016,18,224.0,0.10453577936051413,12,454.0,0.12023383314208437,21,538.0,0.22006680163601766,166,5133.0
1675.0,173,1357.0,2.714,3.758619534519765,4,128.0,0.30621327403037274,6,35.0,0.5342977654198761,7,436.0,0.21385394407034453,1,5.0,0.4492714599660119,16,866.0,0.1406848733735982,10,568.0,0.21511488995673841,9,555.0,0.2538950125416566,2,213.0,0.34912595284713926,3,160.0,0.41276051607659625,2,70.0,0.5055064191364073,15,337.0,0.14762136948813462,19,292.0,0.20665159396374913,23,353.0,0.03591336963904018,18,318.0,0.05384568740779806,9,492.0,0.10007493115167282,29,660.0,0.171360682244135,173,5488.0
1680.0,182,1569.0,3.1442885771543088,3.5599894744299694,7,153.0,0.26930002048421,4,37.0,0.304094256065073,8,397.0,0.1138105660859097,5,22.0,0.25815455631496886,10,818.0,0.2134817169311641,11,457.0,0.26959469282545184,9,493.0,0.3089011280303396,7,232.0,0.2349787002032259,8,182.0,0.26408719043602286,9,98.0,0.25222835935390087,6,339.0,0.2987575674129208,26,406.0,0.03016153044078221,17,395.0,0.21548894179874517,12,339.0,0.2712548883877652,10,512.0,0.1260574385532417,33,816.0,0.16768635076196314,182,5696.0
1685.0,185,1646.0,3.292,3.8575649656119,8,155.0,0.2380878186146159,6,37.0,0.3868343522539201,13,306.0,0.10245094777906313,7,41.0,0.3169749914373987,10,709.0,0.2344219107702506,6,439.0,0.3294995672716136,9,327.0,0.22132534925541866,13,291.0,0.23264550225527103,10,182.0,0.18413511834940505,8,111.0,0.2605450438512151,7,340.0,0.3522800161189229,30,550.0,0.14164909385900773,8,342.0,0.32463365368644703,2,261.0,0.5199573804490624,13,521.0,0.22019379565377564,35,993.0,0.10065812441671536,185,5605.0
1690.0,149,1459.0,2.872047244094488,3.955880494398223,4,119.0,0.25667030700580273,1,35.0,0.4733764091232924,4,306.0,0.2290206725039788,2,33.0,0.5777774432023802,10,607.0,0.14073836012792426,9,445.0,0.2223919612722947,9,311.0,0.1405258316135771,12,293.0,0.2370778962495842,7,150.0,0.26372956476528364,3,68.0,0.5035372551072846,12,373.0,0.18758783155005096,25,607.0,0.19854656048208671,4,360.0,0.2228453407498751,1,124.0,0.33582229577223144,16,593.0,0.2631115503104919,30,1046.0,0.0526881402350142,149,5470.0
1695.0,157,1344.0,2.6508875739644973,4.09632760429185,4,130.0,0.25653749203203485,6,32.0,0.4801551978181084,8,314.0,0.4157556669043122,3,21.0,0.168710515295036,9,595.0,0.1712220108582606,15,504.0,0.16705386977164408,8,352.0,0.2881896010361808,7,221.0,0.32628549251626526,3,159.0,0.35783262730715293,2,66.0,0.42570161084085234,19,456.0,0.08533475158663577,17,551.0,0.14811635106869225,8,375.0,0.2614002002348085,5,45.0,0.38553857968512,20,682.0,0.18632713071184134,23,962.0,0.058051353210405596,157,5465.0
1700.0,174,1420.0,2.784313725490196,3.816187863703258,10,166.0,0.2547388081492677,2,37.0,0.3201628614267215,14,364.0,0.21908343016614773,5,44.0,0.23504423453586537,10,595.0,0.29084369282289696,20,600.0,0.09528099097968935,8,305.0,0.2773191718240948,3,249.0,0.25331337397409925,9,186.0,0.24623685406684237,9,88.0,0.25762506210115144,20,458.0,0.15506089568810633,11,590.0,0.146398165534542,10,362.0,0.2622905755920825,1,34.0,0.40851632081483147,28,810.0,0.11591785446431367,14,1043.0,0.10694539826531257,174,5931.0
1705.0,189,1365.0,2.687007874015748,3.834231322007674,10,175.0,0.26278827389288584,5,27.0,0.33862221099215717,17,362.0,0.040774505379149784,5,71.0,0.4549786011611178,12,586.0,0.22151206993032602,22,604.0,0.09923403837414041,6,225.0,0.25020881366082465,9,280.0,0.2162242072644951,13,194.0,0.17692991381867637,8,108.0,0.26856784442639403,18,370.0,0.21403695074520557,9,625.0,0.26184110961196255,6,277.0,0.32865020460401934,6,35.0,0.6197760380811186,31,963.0,0.02182808114708487,12,1104.0,0.2167476165782671,189,6006.0
1710.0,170,1319.0,2.6754563894523327,4.099832980851803,7,135.0,0.2374292080552922,6,52.0,0.5578386078669213,11,294.0,0.1982452760421061,5,98.0,0.5982211250564946,19,631.0,0.1283388044045481,17,502.0,0.17350931410736853,7,153.0,0.3323358577280094,8,263.0,0.17987727845674378,10,165.0,0.2534522624049019,3,74.0,0.5595697609541185,15,445.0,0.1301359996573189,16,689.0,0.2951868080834371,3,291.0,0.20053345810871157,1,33.0,0.4261627957917196,33,1009.0,0.04597747976802651,9,1048.0,0.26521949994718896,170,5882.0
1715.0,145,1108.0,2.256619144602851,3.874480802834142,7,173.0,0.25409841855239484,0,41.0,0.5469027205797278,4,307.0,0.40723328246127244,2,76.0,0.4250753207914395,25,753.0,0.13526464626833815,11,510.0,0.11097277631035991,5,167.0,0.2416407218552235,6,186.0,0.15776256250634277,0,131.0,0.3386950758751197,2,75.0,0.46176377608611574,15,519.0,0.09746007955338033,21,782.0,0.1969306158263814,8,324.0,0.10787477502111868,6,26.0,0.21789081053581633,24,1134.0,0.14908078189873697,9,890.0,0.21226313428675,145,6094.0
1720.0,169,1317.0,2.6987704918032787,4.057952116526978,10,211.0,0.2581960601044166,3,10.0,0.47702718029317925,10,329.0,0.2409697719136661,1,19.0,0.358551106852535,32,900.0,0.11373493390655207,8,553.0,0.12987222468868545,7,166.0,0.3309017939155415,6,192.0,0.26168693361632456,6,137.0,0.41644061181959635,8,96.0,0.25139268782565904,8,498.0,0.22531059313883514,29,912.0,0.07035175796369822,10,299.0,0.27307802457280334,3,37.0,0.3902345884843954,23,1229.0,0.15038568003984068,5,920.0,0.2623210604166528,169,6508.0
1725.0,169,1430.0,2.9545454545454546,3.8845923802946722,10,214.0,0.18766414474401974,2,14.0,0.35426146229113314,8,300.0,0.06195710978561192,2,26.0,0.40365476496062025,31,944.0,0.21304661583258927,8,495.0,0.25223803847187176,10,164.0,0.26807566209977535,8,228.0,0.307521451543993,7,130.0,0.2773799688178961,8,105.0,0.2607193556512898,6,413.0,0.24641177959506944,31,1069.0,0.07382228659918617,3,193.0,0.49386050318794855,5,38.0,0.64711656170951,22,1339.0,0.06761507486028658,8,953.0,0.26944181299632597,169,6625.0
1730.0,151,1233.0,2.5957894736842104,4.238592825490614,9,183.0,0.254309873146566,4,26.0,0.6386008970868936,9,217.0,0.19820955319094227,5,42.0,0.6183600075310935,23,860.0,0.1774927310715385,6,349.0,0.4417467000428606,8,125.0,0.32579920610812285,14,282.0,0.20983227796344087,4,99.0,0.2864244269692077,1,65.0,0.562520979644925,5,438.0,0.14631632338388562,30,1103.0,0.14874279669069687,1,136.0,0.42625778015845855,1,32.0,0.5146627834012931,17,1281.0,0.033893455172861416,14,1021.0,0.1661800992281615,151,6259.0
1735.0,132,962.0,1.995850622406639,3.9508781421652994,3,176.0,0.29312653217721574,1,19.0,0.6656583206621035,3,205.0,0.3999070316444784,2,38.0,0.4335602972701899,18,715.0,0.12588467762237557,4,370.0,0.2746878822407511,4,119.0,0.18072222607219204,17,302.0,0.09511009809456608,3,92.0,0.33514223989049474,3,30.0,0.5497433332440891,9,482.0,0.10436560446130015,20,942.0,0.23195643811345212,7,163.0,0.32997469209412117,6,25.0,0.193672555015078,15,1101.0,0.10337990692555651,17,980.0,0.13214597211534768,132,5759.0
1740.0,147,892.0,1.8622129436325678,4.294277540971166,8,203.0,0.24412789877903407,3,11.0,0.5323739006594838,8,230.0,0.4082359261652449,2,19.0,0.3143135120435265,14,779.0,0.14844912291919207,10,405.0,0.14935390462471895,7,125.0,0.23865872706563684,15,274.0,0.2127092597621702,9,122.0,0.3714865915067852,2,28.0,0.3581683406767404,15,537.0,0.18718368152923773,13,965.0,0.20194572257980076,4,126.0,0.4706297206601724,4,41.0,0.1697034982631953,14,942.0,0.2661499234630678,19,838.0,0.14278564327953672,147,5645.0
1745.0,152,866.0,1.819327731092437,4.44170399484016,8,200.0,0.23516185563998,4,35.0,0.41829702764793714,14,288.0,0.18846614727798294,6,32.0,0.4034882558192741,9,806.0,0.206303684134862,15,474.0,0.10102107304317638,9,129.0,0.2787681386613487,9,215.0,0.4364759115070614,11,133.0,0.3380727247023801,8,50.0,0.30753069383850473,21,632.0,0.18086582458559833,9,1021.0,0.12528068383890653,0,63.0,0.4295801297524592,5,44.0,0.559253760283534,10,985.0,0.28179966085034963,14,907.0,0.234850378190676,152,6014.0
1750.0,137,849.0,1.7836134453781514,4.235792443602333,6,154.0,0.28690470968398657,0,25.0,0.6465750344952784,19,374.0,0.06065586175818027,1,34.0,0.5550730924237094,10,737.0,0.21854958383690595,15,469.0,0.19282737181240345,8,131.0,0.2784093691987324,3,213.0,0.35299551758053416,8,89.0,0.2520246191247041,10,102.0,0.4478639382177591,22,618.0,0.08933238476200991,12,1080.0,0.12372991498077615,3,51.0,0.30331547387336627,0,36.0,0.6694183363146807,8,1027.0,0.20965560161022764,12,940.0,0.24749400109691191,137,6080.0
1755.0,133,718.0,1.517970401691332,3.855787019828532,5,151.0,0.26254248264494134,0,2.0,0.8189602111915727,16,385.0,0.23809258939229563,2,10.0,0.23589483292171384,10,583.0,0.21708490079131565,12,396.0,0.3015187187388045,8,155.0,0.27868970737441795,8,240.0,0.23473602509853733,2,91.0,0.2535710442569944,5,105.0,0.38647628378152565,22,611.0,0.07428043244533791,13,1027.0,0.22661848608031776,8,83.0,0.1040467294369047,1,9.0,0.4504578569259731,10,951.0,0.13344192321847037,11,869.0,0.1488335374786623,133,5668.0
1760.0,127,599.0,1.2505219206680585,3.9302953849092486,9,185.0,0.24813465806340032,1,2.0,0.6403727601084191,6,292.0,0.416612562099586,1,11.0,0.5250906231110397,9,608.0,0.09917277821207932,14,455.0,0.1522767458937302,10,169.0,0.1762386671329053,9,245.0,0.11426819342287074,7,110.0,0.3245726678740258,2,56.0,0.3623712452467399,20,652.0,0.18604872990774032,10,838.0,0.25410649153786347,5,78.0,0.517734068610173,3,17.0,0.15689259691854202,9,759.0,0.11631843455263223,12,689.0,0.122609546927165,127,5166.0
1765.0,120,535.0,1.1122661122661122,4.513610474491273,10,186.0,0.26123865872677404,3,18.0,0.39546027202642625,3,155.0,0.23402883031411265,0,8.0,0.8611803038120307,12,653.0,0.10542627291253018,14,526.0,0.09768103554147228,16,226.0,0.07064814548419804,11,222.0,0.25222794722039826,7,114.0,0.34941168005504386,1,34.0,0.42869314038312095,12,705.0,0.20039496213787322,13,888.0,0.15334091103990427,0,36.0,0.6421586728504927,6,40.0,0.4302545108411504,7,782.0,0.11576697904468704,5,664.0,0.1540027768189927,120,5257.0
1770.0,113,490.0,1.047008547008547,4.509067174270192,6,138.0,0.2626688134542002,0,15.0,0.6281793661249306,2,161.0,0.3240259766853881,1,8.0,0.6626364612492456,10,604.0,0.16281261257286989,10,502.0,0.243897308994604,16,265.0,0.09301331196201844,2,207.0,0.33403478271104076,7,81.0,0.2473430909943061,8,54.0,0.43499947563176605,13,717.0,0.16298564825832867,14,957.0,0.101320631352931,2,31.0,0.3337034633783792,3,45.0,0.5753373762456987,10,818.0,0.21436209436557804,9,683.0,0.2685656970738983,113,5286.0
1775.0,106,517.0,1.121475054229935,4.695300083814729,7,93.0,0.3173845950174054,0,4.0,0.8495320669267603,9,182.0,0.35978824579945345,1,8.0,0.19628362964163204,7,483.0,0.19581981892074315,6,391.0,0.25969323915665304,6,197.0,0.4492125285550268,6,202.0,0.31975600456203984,2,77.0,0.29933225562387306,4,51.0,0.4883666933424619,19,788.0,0.08776780391157454,10,877.0,0.2458159656448459,7,64.0,0.15289207547551162,3,31.0,0.5563915013567744,11,757.0,0.29459272460578734,8,604.0,0.26205328983263887,106,4809.0
1780.0,108,549.0,1.1705756929637527,4.313642937165382,2,89.0,0.3828010275615988,2,7.0,0.677686530990179,9,178.0,0.4170971202829101,6,28.0,0.22122494395540568,8,510.0,0.09524192571086006,5,224.0,0.17467344510537927,1,171.0,0.41657298549737437,12,240.0,0.16188296553981668,6,95.0,0.28618833320963544,2,29.0,0.3811499428613135,25,903.0,0.02938637738367475,6,659.0,0.30554692033141095,4,72.0,0.5603353536302648,4,29.0,0.19357761165910517,9,593.0,0.25658401952469734,7,412.0,0.1433988828466669,108,4239.0
1785.0,125,627.0,1.3368869936034116,3.859457153004704,8,99.0,0.31416228556743925,7,30.0,0.29176378940759773,6,118.0,0.19179838177085604,2,38.0,0.5000994883085144,13,575.0,0.08613260524743853,2,246.0,0.22535036564153058,7,190.0,0.2017459770884863,14,257.0,0.07172549335582633,7,91.0,0.1902754681602748,1,16.0,0.40011288249426463,28,930.0,0.13933055609140702,8,696.0,0.3175306199780429,0,30.0,0.6783548362543661,6,42.0,0.40535702718441324,8,624.0,0.11803675096243206,8,447.0,0.13435571402965138,125,4429.0
1790.0,148,812.0,1.742489270386266,4.430916607194116,14,156.0,0.2202760441716064,12,85.0,0.1886962930767335,8,69.0,0.263797334623956,5,35.0,0.6447515622980506,14,624.0,0.2058945834920805,8,269.0,0.34174369694140927,8,179.0,0.09660304469652611,10,212.0,0.30290184531739184,4,75.0,0.34859955158686556,6,35.0,0.4498100912797659,21,841.0,0.2554662427560998,10,737.0,0.25682080128211004,3,33.0,0.1681418153815087,2,45.0,0.5380680394960843,11,673.0,0.1261197800637256,12,486.0,0.23686192829389593,148,4554.0
1795.0,146,943.0,2.023605150214592,4.2947659975084465,16,193.0,0.21502579143136172,12,149.0,0.2607630803972344,4,84.0,0.3925051162864484,8,64.0,0.37587107858786506,23,706.0,0.18069875637869837,7,250.0,0.2825702954783889,5,130.0,0.1767919784512991,1,203.0,0.4765528399327899,4,45.0,0.42720211092806903,4,44.0,0.506830830668828,18,933.0,0.20787143611757777,10,656.0,0.20045775529163645,8,63.0,0.04220760371650293,3,28.0,0.4802041350362406,13,626.0,0.13740777020267397,10,425.0,0.25341509378044763,146,4599.0
1800.0,139,935.0,2.010752688172043,3.908535347219408,10,183.0,0.23732447036409024,7,157.0,0.43639661790486206,7,83.0,0.370324580248816,14,125.0,0.08133278522108822,29,834.0,0.09710145254818878,5,196.0,0.17795494627703054,2,149.0,0.3790356217163033,7,222.0,0.34990063613890465,2,43.0,0.28535568076937173,2,23.0,0.36344946265970496,15,1012.0,0.1321676623722799,9,481.0,0.13038490135077818,4,74.0,0.4133448347535051,5,31.0,0.13451955730465368,13,483.0,0.21967359043751197,8,274.0,0.16917323259059125,139,4370.0
1805.0,138,895.0,1.9206008583690988,4.313730379993473,2,182.0,0.29275500822430794,2,106.0,0.4339345618650604,11,122.0,0.35469777481731785,11,157.0,0.2638148378805886,31,878.0,0.04107775077363587,6,137.0,0.2714633573970439,10,181.0,0.34663423674530547,13,274.0,0.2034709280302733,6,55.0,0.5620346619674856,2,18.0,0.3423763628880901,11,960.0,0.1099558109771319,11,327.0,0.17311622009574476,0,27.0,0.7322732416638924,6,52.0,0.4239063564950689,6,514.0,0.19872072744139546,10,181.0,0.1261105519770798,138,4171.0
1810.0,121,842.0,1.7991452991452992,4.516962383305397,7,205.0,0.30620088594125827,5,31.0,0.43119597001263177,15,187.0,0.0842560455654256,1,90.0,0.47724143060752355,25,748.0,0.1934817642570769,2,141.0,0.39983764741412114,11,181.0,0.2771717504197614,19,362.0,0.07495711215789065,0,45.0,0.6098209810721219,6,39.0,0.2909336320179414,7,792.0,0.23948477714089156,3,293.0,0.2733380161722439,2,31.0,0.5421180038998269,3,55.0,0.5582447680816963,10,530.0,0.1432240631887405,5,207.0,0.20572774894906695,121,3937.0
1815.0,137,901.0,1.9460043196544277,4.220728535492969,9,205.0,0.2058621323569565,1,28.0,0.2984078250852059,21,279.0,0.11220074477367147,2,49.0,0.3815591952269892,14,771.0,0.25885694591430414,8,139.0,0.3502458929702009,11,142.0,0.12942760183528695,17,385.0,0.19977745590183296,3,14.0,0.5499921931681708,7,58.0,0.3822586780083635,8,630.0,0.2971922008980717,8,285.0,0.2198469864759545,7,59.0,0.22173127668411205,3,32.0,0.4943008745802757,11,474.0,0.1058154452133232,7,207.0,0.3425882392550428,137,3757.0
1820.0,146,966.0,2.0553191489361704,4.063984352130455,9,169.0,0.26657569259789693,7,31.0,0.5062022395849649,23,398.0,0.23965804535418445,1,35.0,0.17004466656883344,11,822.0,0.21524520925183677,15,198.0,0.21733931183536698,10,157.0,0.1216291818367936,12,293.0,0.1376580479002868,4,19.0,0.34947575974631134,3,48.0,0.3915439675802539,8,574.0,0.17829014702045748,7,243.0,0.2966377636676199,14,125.0,0.0961174128647791,1,18.0,0.1552117497397177,12,327.0,0.10587809481696825,9,195.0,0.3066067928355664,146,3652.0
1825.0,132,1005.0,2.161290322580645,4.665968373225992,7,117.0,0.3778247357457406,3,37.0,0.5601815344577274,23,513.0,0.2803283065458791,4,50.0,0.5445276157846255,9,751.0,0.1420277348861182,15,221.0,0.17692457846092974,6,173.0,0.2556203977193403,8,306.0,0.29073862685350693,10,53.0,0.2828403180315011,2,41.0,0.37912330858844384,8,475.0,0.20848696618673296,4,154.0,0.33976168330437734,9,146.0,0.4489957305999799,5,29.0,0.2412866832552282,11,229.0,0.13061947990503495,8,160.0,0.16801456982587268,132,3455.0
1830.0,122,1062.0,2.323851203501094,4.490725953124033,2,110.0,0.35838614136164926,4,27.0,0.41810294443172047,27,636.0,0.06906757896685613,0,27.0,0.7623747324261715,7,576.0,0.14765778024919118,9,183.0,0.2754122686955971,14,209.0,0.3268728249116692,7,337.0,0.2903455068799509,12,111.0,0.370747845001879,9,65.0,0.23731538082002163,7,475.0,0.2172005928374643,1,58.0,0.22247246300548293,1,98.0,0.5349986220259881,5,54.0,0.5892429841763454,5,243.0,0.1896096741445362,12,141.0,0.15413944622706077,122,3350.0
1835.0,130,1073.0,2.3427947598253276,4.135902066440977,8,117.0,0.3310876853820564,3,31.0,0.32915388806206547,26,686.0,0.07016098223586255,2,12.0,0.499534237945415,6,595.0,0.23375727290489223,4,201.0,0.1804044538720095,19,291.0,0.19084419209352474,14,391.0,0.0959954382294018,6,125.0,0.3554321828123769,13,128.0,0.24079423763170668,9,467.0,0.3081244977776031,3,69.0,0.23220239005180587,3,89.0,0.31573199973148114,0,39.0,0.7292774079818589,8,233.0,0.2970826962155744,6,150.0,0.2084726421517261,130,3624.0
1840.0,165,1276.0,2.709129511677282,4.357791477388025,9,119.0,0.24875408405958052,9,45.0,0.28606735120208593,19,596.0,0.25695311203222493,0,9.0,0.42023918436035157,8,615.0,0.2176329926342851,9,221.0,0.2731767017867328,26,410.0,0.0802418672975776,21,479.0,0.0032344900956094683,3,76.0,0.34853213640734043,13,193.0,0.390292380507428,14,507.0,0.25226365738144035,7,85.0,0.3451379194531372,9,120.0,0.17107972364176263,1,3.0,0.48540646218598743,9,232.0,0.33249707315780713,8,138.0,0.35352601795394656,165,3848.0
1845.0,172,1581.0,3.356687898089172,3.9896218296166035,7,88.0,0.3116494917397106,12,100.0,0.3963437093113344,12,668.0,0.27001914666121335,0,4.0,0.7110661461791964,9,563.0,0.15660775618540654,15,289.0,0.28528861996302995,28,550.0,0.06537309249666752,23,597.0,0.1502618823373145,0,60.0,0.36099312477157125,13,258.0,0.2883311661833783,15,488.0,0.1089870028114757,7,92.0,0.33924288277270137,8,138.0,0.136472334070519,2,19.0,0.34276640214210086,8,186.0,0.25528646602945937,13,174.0,0.3243617844979735,172,4274.0
1850.0,183,1707.0,3.6012658227848102,3.7906628511443734,1,77.0,0.33987043530085276,12,160.0,0.32243575901892646,10,724.0,0.21027646403079356,3,12.0,0.6104517566352519,12,463.0,0.08980733577188575,20,379.0,0.3095297733442626,22,601.0,0.14231625894536118,23,716.0,0.2085939486072201,8,79.0,0.2794108440037331,13,272.0,0.1677138084206663,16,398.0,0.09519970772455695,6,75.0,0.35512225013657334,3,98.0,0.46459987239976946,5,35.0,0.5295854532310768,10,136.0,0.14819692157945355,19,231.0,0.12274682545488187,183,4456.0
1855.0,170,1588.0,3.3572938689217757,3.646472149613835,7,92.0,0.3530358945575405,16,231.0,0.17283150799345987,15,789.0,0.09732707499217165,4,32.0,0.5208383491952676,9,495.0,0.10307542541904659,23,483.0,0.06783474419691285,12,541.0,0.30041888498300157,18,716.0,0.20276253637536623,11,129.0,0.26124841335155075,7,215.0,0.2901182937007889,12,380.0,0.2272479122324274,4,90.0,0.20025615990135884,0,43.0,0.5470165080837612,3,32.0,0.5464338103736276,8,169.0,0.18542988985724634,21,272.0,0.0643505100511438,170,4709.0
1860.0,162,1522.0,3.197478991596639,3.8613991165814863,7,105.0,0.26503791416764916,19,322.0,0.17704383010950261,15,767.0,0.10733811759047758,0,23.0,0.18801704911271636,11,529.0,0.2016539910701269,26,612.0,0.03093886737065184,7,587.0,0.26797201610605376,14,603.0,0.1115334446652981,11,184.0,0.25933436634615326,3,196.0,0.31725567834521107,11,418.0,0.2618043703494458,8,116.0,0.2271815370296126,2,42.0,0.45808226469814306,6,38.0,0.3693595565386993,6,167.0,0.3265769629593756,16,353.0,0.185212806145987,162,5062.0
1865.0,159,1408.0,2.9394572025052192,4.204624021060403,5,81.0,0.3557223421844902,14,347.0,0.31569905828992867,13,648.0,0.20826864329551242,0,4.0,0.6742980396202761,15,593.0,0.22478729900150562,26,742.0,0.1693806898078497,9,622.0,0.1711030913215229,6,551.0,0.2951216435566472,6,172.0,0.3003609610393757,8,227.0,0.2657166590983216,14,474.0,0.15221353649823802,11,134.0,0.08762857496911108,7,72.0,0.2504680537285286,1,37.0,0.4282618121537782,9,169.0,0.29692140565511965,15,413.0,0.2001450206122389,159,5286.0
1870.0,166,1214.0,2.529166666666667,4.049796461268009,4,81.0,0.36624010831319426,7,281.0,0.24436845677665453,9,459.0,0.2881932706632327,3,14.0,0.6959148244218117,16,584.0,0.09571954620072065,20,757.0,0.2773304001364627,10,595.0,0.06274190164185908,6,562.0,0.3274238671351859,3,97.0,0.6006164832866822,13,285.0,0.38282511729410235,14,465.0,0.11074004759713571,13,138.0,0.10933533324568696,9,90.0,0.28657422035998115,8,29.0,0.4187080872246368,14,197.0,0.17775345341631413,17,490.0,0.10485441606819725,166,5124.0
1875.0,142,995.0,2.0991561181434597,4.057286016115531,9,113.0,0.2732943001749111,6,184.0,0.27768739900410444,2,338.0,0.2984183781533879,4,30.0,0.7138881154229685,18,497.0,0.09566230704083337,12,639.0,0.310284007270632,8,457.0,0.2896010931873447,12,607.0,0.21866560442755797,1,58.0,0.621972617300183,8,268.0,0.30782352686329256,11,370.0,0.22885235266002907,4,167.0,0.2645874942706694,4,77.0,0.29964951083393676,9,71.0,0.4510579569755691,13,240.0,0.07904888371350674,21,586.0,0.030319923838111766,142,4702.0
1880.0,144,1014.0,2.099378881987578,3.934293507786546,16,178.0,0.22208588086942582,2,153.0,0.35724515788250905,5,209.0,0.45603089118328,1,24.0,0.5130477105370634,17,435.0,0.2359084133143515,9,679.0,0.14293957867487847,2,307.0,0.2588528223004384,18,686.0,0.11742380696544596,6,71.0,0.4629902723673536,4,148.0,0.27608677602168724,8,263.0,0.3348050711675142,7,161.0,0.20637026308391077,3,80.0,0.3598570404753189,3,79.0,0.3318085048955265,14,272.0,0.09741274908798657,29,720.0,0.14373590683498902,144,4465.0
1885.0,167,1232.0,2.5194274028629855,4.019535529112445,14,210.0,0.27074822250189434,6,159.0,0.2952185263212612,5,133.0,0.5523316388476502,7,21.0,0.39916412208264823,9,480.0,0.3037443525468834,12,733.0,0.13091906744912796,2,288.0,0.28593318104198273,24,799.0,0.14461395412844202,6,61.0,0.2336649523599318,3,162.0,0.3413744544112674,6,285.0,0.2854135401447877,15,211.0,0.2210570365228324,9,97.0,0.30071728636628425,2,48.0,0.25118588890846144,19,332.0,0.13883685836486787,28,778.0,0.18852556264334028,167,4797.0
1890.0,191,1471.0,3.0267489711934155,4.0150051265458435,6,172.0,0.28344755327482635,11,204.0,0.37078285851644216,5,84.0,0.5832606417097971,13,77.0,0.28619400981375454,12,483.0,0.24736242228979766,14,689.0,0.08517862566883701,8,317.0,0.11427651186555804,30,938.0,0.21191736465789626,3,38.0,0.34001624757945964,9,187.0,0.37531339538211,9,313.0,0.2483720199899824,14,244.0,0.2696386257504793,14,152.0,0.15015958413829877,3,38.0,0.43438364926930756,20,373.0,0.17714585000988853,20,728.0,0.16029635006342005,191,5037.0
1895.0,206,1753.0,3.5702647657841142,3.5054842492325253,3,164.0,0.3141464691037731,13,268.0,0.27406340725625705,8,115.0,0.5337404542916622,15,128.0,0.11121774822681213,17,549.0,0.1591144850036447,12,562.0,0.12141275223110175,9,289.0,0.27605632160268556,33,1102.0,0.16722860723047878,3,40.0,0.277292633861308,9,178.0,0.2163439261001477,10,313.0,0.16709898258112157,12,229.0,0.27679595341987145,15,231.0,0.255352506372679,8,69.0,0.3857135245742545,25,490.0,0.1636544779092506,14,758.0,0.10265737676499029,206,5485.0
1900.0,188,1652.0,3.304,3.3245348222423026,8,189.0,0.3106754001791034,14,265.0,0.2014868220312679,5,99.0,0.3013300196720702,14,157.0,0.1414350757587978,24,658.0,0.06480799526776514,7,538.0,0.2698351417291531,3,280.0,0.18059491662231433,35,1271.0,0.08494446628354134,9,71.0,0.3198031594053985,8,121.0,0.2580306293625229,6,263.0,0.26659540219349387,10,283.0,0.20100264623523656,9,234.0,0.2987714957435521,3,63.0,0.2758183419490735,23,595.0,0.05134534051841629,10,811.0,0.16504298791111624,188,5898.0
1905.0,159,1438.0,2.870259481037924,4.0045168198353425,9,194.0,0.21964597073531864,5,189.0,0.3110389656145098,4,49.0,0.20529712722887425,9,151.0,0.18325934575368674,23,674.0,0.14360444214115908,8,540.0,0.32385714547342503,8,307.0,0.2338649698276481,31,1281.0,0.019945271119542158,3,74.0,0.4907497527289089,2,119.0,0.30672764368293537,7,254.0,0.2676277757107768,10,329.0,0.14699377434738262,4,152.0,0.3743757518143944,6,40.0,0.4253859812224956,22,681.0,0.08317720778624664,8,768.0,0.26711796746641975,159,5802.0
1910.0,135,1137.0,2.283132530120482,4.429577270472662,7,155.0,0.31989426743378985,3,174.0,0.47639917188216224,2,52.0,0.43509741522445805,2,156.0,0.2941900489216455,21,583.0,0.2844490539158586,10,486.0,0.2501144258261542,12,359.0,0.25440228510983215,24,1131.0,0.08040600757142982,2,37.0,0.5969783519736679,7,133.0,0.3813434897089213,6,259.0,0.12534139596690874,11,331.0,0.13001040695595795,1,161.0,0.26522613208222495,0,32.0,0.6590589774061564,23,784.0,0.03836847176168924,4,629.0,0.3063146088336805,135,5462.0
1915.0,161,1166.0,2.404123711340206,4.359088416869915,2,141.0,0.3742749328411088,8,203.0,0.3285094255073432,9,66.0,0.5783052213231809,8,140.0,0.4072172772664081,17,494.0,0.25539301395861147,11,364.0,0.14910870492810502,19,441.0,0.25705045168267143,16,840.0,0.2504666060373667,2,27.0,0.38993140502375473,7,128.0,0.31348768616644995,11,292.0,0.1518609151918914,12,284.0,0.2169579328105679,8,191.0,0.28207339208937315,2,10.0,0.678466117646368,24,811.0,0.042004645434343235,5,474.0,0.26683931941196615,161,4906.0
1920.0,148,978.0,2.029045643153527,3.753371210045042,8,166.0,0.3002276765862378,9,188.0,0.1970812697591454,4,69.0,0.35345496681405925,9,154.0,0.3635195504198653,6,505.0,0.16864879371777197,7,398.0,0.11983115675562844,23,546.0,0.06335497642442024,5,861.0,0.33789452149156596,7,51.0,0.29996388617890263,4,89.0,0.25892668145381764,18,366.0,0.2198321958987661,8,297.0,0.22105989416032815,13,246.0,0.2942625874425693,5,24.0,0.29075143887076405,21,742.0,0.19829977725229767,1,446.0,0.3061757429790235,148,5148.0
1925.0,153,1003.0,2.055327868852459,4.258445222485785,8,162.0,0.2575619518853619,6,144.0,0.2803103580795387,6,54.0,0.1574079231207333,6,129.0,0.32470968544403644,7,524.0,0.24474320344103404,10,424.0,0.2237783351400217,21,543.0,0.18266140464211258,8,859.0,0.2555004585361226,9,96.0,0.4556247432618414,1,78.0,0.33437783435130675,18,392.0,0.19860047233593542,9,319.0,0.2027171362375283,19,330.0,0.26277216541543785,3,28.0,0.20571218364939167,16,789.0,0.22841576018095994,6,463.0,0.3595289388450669,153,5334.0
1930.0,146,887.0,1.8065173116089612,4.136293581461554,5,107.0,0.34427587602634596,4,153.0,0.4140704553749182,11,77.0,0.21828572336279511,4,151.0,0.15381409579486857,9,500.0,0.2547822624282578,15,484.0,0.23906108661932615,11,400.0,0.3697257407750532,9,774.0,0.18675583230884266,3,86.0,0.4336392900266379,8,107.0,0.2923096338585617,17,352.0,0.12926770357718578,11,316.0,0.15717524849808226,16,348.0,0.1679877991299674,2,26.0,0.5848216210107722,14,858.0,0.14953014085677405,7,419.0,0.2922684121259137,146,5158.0
1935.0,126,692.0,1.4268041237113402,4.1776530752665275,3,117.0,0.3160127447185745,10,182.0,0.2714816538522553,7,97.0,0.33808390386590564,9,184.0,0.17676655042756279,9,426.0,0.26896761223116905,22,578.0,0.14322159919600305,3,393.0,0.33240614054508966,7,573.0,0.2798302341047016,2,42.0,0.4000840731240556,8,113.0,0.441280109814592,15,426.0,0.11606174513157641,8,256.0,0.24979702520019825,10,283.0,0.25300150463307874,1,17.0,0.8221469503158972,8,819.0,0.14299887245297704,4,267.0,0.16127017590505013,126,4773.0
1940.0,123,680.0,1.402061855670103,4.298714974156372,10,150.0,0.27087994539922755,10,179.0,0.19407674904329228,5,74.0,0.3451192876644923,15,244.0,0.34949450363530626,10,401.0,0.12809591997165945,25,589.0,0.046098324173757955,8,420.0,0.21288826370159666,4,538.0,0.39444786882221117,1,22.0,0.41156858307570676,1,67.0,0.4390331613663283,14,499.0,0.21872180758423296,6,199.0,0.36112806182738216,3,268.0,0.23554765629727395,1,18.0,0.7648232190199955,5,675.0,0.2707899331411496,5,289.0,0.27127654158538,123,4632.0
1945.0,132,675.0,1.3803680981595092,4.2856989292841146,10,152.0,0.2612126452852536,6,139.0,0.32013717922670876,3,72.0,0.3920506808312905,19,328.0,0.24982190841525012,14,439.0,0.10106862019794836,23,497.0,0.17915151291208314,10,378.0,0.2286432599099929,8,570.0,0.3198664546864955,6,39.0,0.530657829515448,2,59.0,0.3583088909414518,10,487.0,0.2584191672402572,1,169.0,0.320534779839643,7,266.0,0.29652363694130945,0,5.0,0.3036992425204766,4,481.0,0.3403342283924872,9,313.0,0.2163795410995391,132,4394.0
1950.0,145,877.0,1.8008213552361396,4.262586869638577,8,125.0,0.317509453248129,3,121.0,0.4514220883303095,9,79.0,0.37420515904341944,23,432.0,0.10588690601200065,12,441.0,0.16912218906292195,16,573.0,0.2341085364785635,9,303.0,0.25822170321154725,8,519.0,0.27106330622137575,2,34.0,0.5322297641783778,8,92.0,0.2564122760339991,9,364.0,0.14994528736274793,7,175.0,0.29212501996964824,13,315.0,0.22730963373028432,2,11.0,0.6425652762836715,1,491.0,0.2727655872305797,15,377.0,0.23046875783273707,145,4452.0
1955.0,159,1180.0,2.4130879345603273,4.1621451170376496,3,120.0,0.3538942318673037,8,148.0,0.2847166673292359,11,134.0,0.29929132640202394,24,551.0,0.019807944451746565,18,493.0,0.20965666109161413,14,635.0,0.17649956578844553,4,299.0,0.3575830104235688,12,400.0,0.24294667176898035,2,10.0,0.4379297040578602,9,103.0,0.3966109293057656,5,365.0,0.14440463862008138,12,227.0,0.2726695674556403,14,310.0,0.09247401864333332,1,10.0,0.6831380511153324,7,523.0,0.201341626421127,15,369.0,0.2843930410839497,159,4697.0
1960.0,156,1098.0,2.2271805273833674,4.117930420304663,9,152.0,0.31446512667330806,8,149.0,0.2217764527018983,11,189.0,0.3510718207230179,18,577.0,0.21381917865855435,21,504.0,0.15233866962156012,11,596.0,0.09731016168747939,8,309.0,0.336332072154711,6,398.0,0.17267141229151878,0,9.0,0.4057564604290093,2,70.0,0.37461019108850246,8,395.0,0.24208034325989333,15,243.0,0.2414286157563171,15,277.0,0.14615557205612853,1,13.0,0.7543013814403233,8,488.0,0.2645651500387311,15,275.0,0.25220846182793266,156,4644.0
1965.0,136,912.0,1.8688524590163935,4.282045792859696,14,213.0,0.22540711983387185,5,107.0,0.2893338163708566,11,248.0,0.2813480045207618,8,443.0,0.37956124981771217,21,476.0,0.0692597978533179,10,518.0,0.13474615325536532,14,365.0,0.3422460139348641,8,412.0,0.17166355309240228,6,30.0,0.5177977396606882,3,63.0,0.27049677338794287,7,375.0,0.2923743362125804,13,201.0,0.16543230607406895,5,312.0,0.348786113740254,1,20.0,0.7044511890446258,5,371.0,0.32886579815144784,5,289.0,0.19020895998027698,136,4443.0
1970.0,130,764.0,1.5591836734693878,3.896461103217275,15,240.0,0.23343099717925248,2,111.0,0.27964043313528447,10,237.0,0.25589352753784533,2,460.0,0.2713562317965588,19,561.0,0.06497683725616732,8,509.0,0.25633586252817353,18,450.0,0.10586757207874757,14,460.0,0.1297840328731332,0,32.0,0.5974111345169784,9,94.0,0.23379327604055838,5,268.0,0.23724815020044743,7,243.0,0.2145690829856958,10,334.0,0.26947685325758913,0,4.0,0.6156707128337232,4,297.0,0.1805954870386189,7,317.0,0.1718183248174227,130,4617.0
1975.0,143,879.0,1.8049281314168377,4.226680057420914,8,209.0,0.28509819022970223,9,146.0,0.3751759716551481,3,152.0,0.5197437636015987,8,492.0,0.26857872748972855,14,626.0,0.08597555499511061,10,542.0,0.307878444672798,19,461.0,0.02787658582372028,19,547.0,0.22871895541241538,2,12.0,0.48385628496730876,8,108.0,0.4199108267359239,2,256.0,0.16842314757818352,8,264.0,0.24690869306273616,16,396.0,0.111015638034924,0,2.0,0.8818509651497891,3,286.0,0.13989953055810667,14,375.0,0.22458312230339436,143,4874.0
1980.0,149,1018.0,2.120833333333333,3.9807993422738805,3,225.0,0.2516258951739531,7,149.0,0.283369941733799,1,42.0,0.5888800620088538,8,445.0,0.24528911223068453,12,593.0,0.10244909733229045,14,602.0,0.2546617664997417,10,369.0,0.10978108816853309,23,661.0,0.2686933453351313,2,15.0,0.31925131266804363,3,77.0,0.31097243362916416,8,281.0,0.15793206084373862,16,325.0,0.22622707252872626,22,497.0,0.03556827311524175,0,0.0,0.596004135931196,7,298.0,0.2464599095756252,13,372.0,0.2302141571584225,149,4951.0
1985.0,165,1403.0,2.941299790356394,3.8990887990733754,7,249.0,0.2726852416177422,4,106.0,0.2946464309969293,1,39.0,0.40851592460825825,6,316.0,0.32472029810275377,9,490.0,0.21057056359831397,21,693.0,0.13105519423688397,4,351.0,0.1744812874828058,27,783.0,0.0982886961135383,5,33.0,0.5874823442757438,1,54.0,0.3523783313311205,7,268.0,0.23453623534530335,23,425.0,0.08506123799084926,27,626.0,0.14665381697324467,0,4.0,0.4232729328988272,11,327.0,0.2453086135837307,12,305.0,0.2067435077188559,165,5069.0
1990.0,188,1876.0,3.9002079002079,3.8460915823536825,16,311.0,0.21691741480542237,4,57.0,0.4599662630627026,5,56.0,0.45236378558539325,5,271.0,0.3045764364697892,7,505.0,0.2402446768435405,25,718.0,0.04578826765671737,7,382.0,0.31350771896493185,30,928.0,0.03227577430234199,0,29.0,0.7098629798613445,6,76.0,0.31269450496648776,4,198.0,0.3036745030055911,27,556.0,0.08067700315771785,27,761.0,0.1675006374926124,0,4.0,0.9110738652661248,16,312.0,0.09910571490309723,9,334.0,0.24405726473756323,188,5498.0
1995.0,186,1817.0,3.801255230125523,3.306392959314033,21,405.0,0.16456470383771438,3,52.0,0.28804426809676037,3,48.0,0.14347577990707125,6,298.0,0.20602043421754107,12,550.0,0.12697407173343378,22,662.0,0.2108444257132387,7,334.0,0.42009322033676766,24,923.0,0.17301133424908943,3,12.0,0.49748442687730976,8,86.0,0.353910802840143,3,184.0,0.22523606267471574,26,606.0,0.04799307797383471,22,775.0,0.07142184498365298,0,8.0,0.7187768737717095,17,238.0,0.09179148833818393,9,370.0,0.200520014417203,186,5551.0
2000.0,157,1399.0,2.9085239085239087,3.7286667067492516,21,441.0,0.18693756501104236,8,70.0,0.3450230257030799,5,30.0,0.23823441173579119,6,255.0,0.253776702423828,12,567.0,0.10224901353131315,12,689.0,0.30773402608256356,4,220.0,0.22630607918239937,14,677.0,0.2617627548888702,1,10.0,0.3435596664558497,4,68.0,0.34181411216521645,9,215.0,0.18234589203394733,19,538.0,0.2268815649068987,16,665.0,0.17192833398983165,0,4.0,0.8355902591922281,12,290.0,0.21438628772047166,14,431.0,0.1479018025567253,157,5170.0
2005.0,145,977.0,1.9979550102249488,3.978984119486471,14,392.0,0.2693162012745913,2,66.0,0.5617880825094221,3,39.0,0.1393537332850518,2,148.0,0.29461356874596595,16,638.0,0.16653801851008665,11,731.0,0.2323489458002926,4,239.0,0.15525654828272195,14,744.0,0.18459940091977117,7,31.0,0.31064394852758836,2,67.0,0.2906521698489145,15,277.0,0.11963627661897688,13,583.0,0.31296829083023225,11,489.0,0.26828971126656387,0,4.0,0.865178453278439,13,317.0,0.22500966704674977,18,445.0,0.054155473495403825,145,5210.0
2010.0,151,914.0,1.8729508196721312,4.232434768206645,9,399.0,0.21618214213685535,3,29.0,0.6039339001246722,6,49.0,0.4522589501070771,3,129.0,0.26940961774951644,21,728.0,0.2334620859291301,9,688.0,0.13421521454969612,9,269.0,0.26082426502653805,11,806.0,0.14264076224585825,10,81.0,0.4252621113884463,7,85.0,0.2515125168993639,22,376.0,0.05896618727929586,8,628.0,0.23219114442557956,5,498.0,0.3841924677186215,0,4.0,0.8136589366825245,14,372.0,0.20274735551065992,14,395.0,0.20975301287695206,151,5536.0
2015.0,157,1030.0,2.0977596741344198,4.330138313061014,7,432.0,0.23116388857917852,4,29.0,0.5463688148834277,0,43.0,0.6739269950362996,7,157.0,0.16563749136268005,27,844.0,0.18412194748220156,12,578.0,0.09171889568171693,9,255.0,0.38905598121491747,15,872.0,0.18804034718359233,4,92.0,0.4846358000207687,8,101.0,0.2812330919314102,22,417.0,0.14879775913332965,9,599.0,0.152618817602334,7,489.0,0.3074983329024476,0,2.0,0.812801750008942,18,371.0,0.07709823844754392,8,287.0,0.3468752174063046,157,5568.0
2020.0,150,1092.0,2.233128834355828,4.04437106796644,13,486.0,0.2445696284376137,6,56.0,0.3466043816775654,0,8.0,0.7103504615829029,8,149.0,0.2711926374651679,29,985.0,0.0874860317162188,8,620.0,0.14005259114471338,4,176.0,0.14956092746871047,16,806.0,0.1839280921896163,2,56.0,0.4767983633041842,2,69.0,0.4885863283190693,19,379.0,0.21497138045608707,9,492.0,0.19059548283241826,12,542.0,0.20881691006574296,2,2.0,0.4527873429902034,18,351.0,0.07026135262493541,2,277.0,0.2860751022387611,150,5454.0
2025.0,158,1074.0,2.2236024844720497,3.6166252379951462,16,479.0,0.1694683798911498,3,54.0,0.35336077225554335,3,13.0,0.4380914580760504,5,106.0,0.3442017232673983,29,1008.0,0.02964851001674463,10,635.0,0.2569459570714074,3,188.0,0.19376528888062197,15,680.0,0.10888638937027521,3,42.0,0.3219038720118444,3,35.0,0.4176407395840248,16,396.0,0.1831946293542973,6,510.0,0.1367162518898473,21,634.0,0.05258795949703397,4,20.0,7.675706900738914e-06,13,391.0,0.138490470865496,8,306.0,0.20528936714946883,158,5497.0
2030.0,161,1055.0,2.1797520661157024,4.241468229541477,15,405.0,0.21906432812918658,0,13.0,0.719564939088056,8,49.0,0.2778365054338243,5,118.0,0.34797589515738003,25,915.0,0.16549000299305403,15,692.0,0.29489902198557477,9,217.0,0.3183064228273527,11,693.0,0.13227702118346552,10,74.0,0.2602801512910507,2,38.0,0.3919475616726614,13,466.0,0.1448757673622923,9,552.0,0.22884620087801305,20,640.0,0.18798904596664473,0,20.0,0.3766426338523957,12,438.0,0.22166516240998616,7,293.0,0.17926279574944692,161,5623.0
2035.0,141,830.0,1.762208067940552,4.353244884675304,9,374.0,0.2527463862473628,0,4.0,0.8688805126373152,8,73.0,0.2829529742736907,9,157.0,0.23504279070558842,15,947.0,0.21819533021738777,19,671.0,0.13512202853076943,16,285.0,0.2722413890260655,9,736.0,0.20803446245170695,9,90.0,0.19551932918659007,7,49.0,0.29784411980150444,7,448.0,0.15332532723562964,9,520.0,0.33315405320721964,13,529.0,0.29175297102707076,0,8.0,0.830019457682183,7,420.0,0.27147935430533315,4,215.0,0.21481329437294314,141,5526.0
2040.0,124,673.0,1.4411134903640257,4.191380554878538,7,404.0,0.23855182239913653,0,0.0,0.645996289173285,5,67.0,0.3262559379305378,14,214.0,0.20322279821239292,13,1004.0,0.1611500014373169,20,569.0,0.11799668753498367,14,296.0,0.260127548774376,15,802.0,0.2786324196735477,4,78.0,0.33550227721461623,7,71.0,0.3774137968008562,3,370.0,0.26972763569047986,7,402.0,0.2643960220642563,6,323.0,0.25989997137426396,0,8.0,0.8873675422595211,6,327.0,0.14435871911883208,3,225.0,0.21917557895357537,124,5160.0
2045.0,110,598.0,1.2696390658174097,3.669929071307908,7,368.0,0.26874655890432675,1,6.0,0.5639086271271958,5,59.0,0.33363252502733487,15,243.0,0.19411519866442545,9,944.0,0.14234267600312533,9,536.0,0.21430637255193494,11,230.0,0.15450436082155075,21,893.0,0.1801378682780376,3,66.0,0.4851153737902123,5,59.0,0.4861713222648392,2,354.0,0.25640674918275413,7,427.0,0.11190437457052385,3,337.0,0.23138609280386327,0,4.0,0.5063833322997403,3,318.0,0.1297237300625197,9,261.0,0.11244298989336134,110,5105.0
2050.0,124,583.0,1.212058212058212,3.8821214704461315,6,272.0,0.2945489324421898,0,5.0,0.7750289933641854,2,53.0,0.40127965415552486,11,217.0,0.2403779321897623,8,787.0,0.24747455227169307,7,540.0,0.22029138605871845,5,239.0,0.17498255325709092,21,875.0,0.08792936273787864,7,87.0,0.316722510980764,6,57.0,0.4611625752682308,9,380.0,0.16823568875413894,12,468.0,0.1395414475113841,7,358.0,0.3438646663696058,7,25.0,0.08970597728266783,6,331.0,0.20820432110234488,10,250.0,0.2309155504706934,124,4944.0
2055.0,145,726.0,1.5188284518828452,4.15089906970786,5,256.0,0.2487853093127092,0,4.0,0.9014157405448,6,39.0,0.5880005734685144,10,240.0,0.2539634941479575,4,633.0,0.30179836053580167,12,576.0,0.10697110567085037,8,246.0,0.25916676728639204,22,752.0,0.08729917171135189,7,99.0,0.22341660389642842,4,62.0,0.2593046412982369,11,378.0,0.12577790669630332,17,542.0,0.19834762226045075,7,314.0,0.3135617446871688,12,80.0,0.10337135141731478,13,381.0,0.20590256883602823,7,184.0,0.3922948455913134,145,4786.0
2060.0,126,646.0,1.326488706365503,4.148464169165681,8,284.0,0.24712218918029416,0,0.0,0.6958783356491451,0,32.0,0.485620230479134,7,283.0,0.16795187582282592,5,627.0,0.18630857295099257,14,540.0,0.12281852699073738,12,269.0,0.24030063204888352,15,834.0,0.18683901002423386,4,71.0,0.35584360496285905,6,41.0,0.5086374892724704,9,324.0,0.24611931938247392,18,543.0,0.18557849650424238,5,220.0,0.22925416126902984,6,102.0,0.48354279472818845,13,387.0,0.16031830018702883,4,157.0,0.3500450121329754,126,4714.0
2065.0,128,642.0,1.3375,4.121179137437308,9,266.0,0.2619301507027621,2,8.0,0.628998040722986,5,21.0,0.3688445193646097,13,338.0,0.11999601193338943,9,658.0,0.1843758418796818,10,414.0,0.2776011865645128,15,342.0,0.2152647422665805,13,888.0,0.1964340071220542,3,75.0,0.46257835716712814,6,64.0,0.5340486405821353,6,344.0,0.2442552890941256,18,452.0,0.0926098031983207,1,207.0,0.30161634301389945,0,54.0,0.6779655079063168,11,331.0,0.10280438460072132,7,183.0,0.3075267207485214,128,4645.0
2070.0,140,710.0,1.457905544147844,3.668317855929572,7,192.0,0.23499812616114166,0,4.0,0.7438548563625124,1,24.0,0.4363026637935189,20,421.0,0.10193766624195315,12,611.0,0.11093977323742188,7,282.0,0.3895672900818058,15,409.0,0.1409376335924072,10,812.0,0.13799518042511796,9,105.0,0.25923890074243283,4,60.0,0.2738021450127504,10,375.0,0.16926596999445917,16,534.0,0.11193641628313326,8,228.0,0.2941911915465298,1,40.0,0.5101851882589982,13,247.0,0.2621274433627741,7,178.0,0.1567377211466872,140,4522.0
2075.0,164,1100.0,2.2448979591836733,3.9238157374552203,5,175.0,0.27734950692476784,0,4.0,0.9269106865721608,6,32.0,0.618392543203609,27,543.0,0.17064062053078274,9,475.0,0.11187619786237463,3,262.0,0.2556670614659602,21,500.0,0.13304096885895828,11,581.0,0.11628593390018689,15,164.0,0.17117395593355236,2,21.0,0.4235475175903655,16,441.0,0.07728407780059322,12,585.0,0.2385956526196576,15,288.0,0.23588682838262268,7,64.0,0.19508745223614415,10,259.0,0.33120540421282546,5,129.0,0.26994692334544573,164,4523.0
2080.0,173,1460.0,2.9614604462474645,3.811590880742508,7,204.0,0.2634555215548882,1,1.0,0.620952360587384,3,40.0,0.5185054414053122,33,697.0,0.2368575375041596,5,487.0,0.0975924406604112,7,289.0,0.22919763553811734,27,622.0,0.12900916517355218,5,550.0,0.15612738146566113,14,197.0,0.2506879436692404,2,14.0,0.4375720830702503,19,466.0,0.17148130700990283,10,546.0,0.2552875806058211,21,381.0,0.18370770176050183,11,114.0,0.062396244373217224,7,224.0,0.2538015043078459,1,122.0,0.27701717163303763,173,4954.0
2085.0,186,1799.0,3.6490872210953347,3.645297053594579,9,194.0,0.2253127827683954,3,15.0,0.5046475691330562,8,60.0,0.2844156648832155,35,866.0,0.1287893257992713,9,514.0,0.08094619182191518,8,259.0,0.2984410724432347,30,764.0,0.052194075874973184,8,570.0,0.27757490748723807,6,149.0,0.35319840665507696,4,28.0,0.6070920531445372,16,530.0,0.176763024340036,7,412.0,0.16418027594760465,22,491.0,0.22477129140574195,5,114.0,0.3731380930132349,9,235.0,0.21229658089419648,7,144.0,0.1760434975346032,186,5345.0
2090.0,179,1805.0,3.6538461538461537,3.4680408293033205,6,134.0,0.2619664636366443,0,9.0,0.6393980175363799,16,128.0,0.13943216604479308,31,929.0,0.03560360620594828,8,471.0,0.20764758915627354,6,211.0,0.3438520439125043,27,804.0,0.04157158414111604,13,626.0,0.24043757506008756,1,139.0,0.28787118435853604,1,23.0,0.684064838708583,20,599.0,0.0846922888449902,8,280.0,0.18376769047304173,19,513.0,0.13592064995509776,0,54.0,0.6136674251152949,10,230.0,0.27911708704465427,13,198.0,0.08843245515041276,179,5348.0
2095.0,178,1591.0,3.182,3.777132501034588,5,158.0,0.27564695381141635,0,4.0,0.9405544110691711,17,187.0,0.05120201790561141,25,881.0,0.08069073008339146,4,326.0,0.31441517242281486,7,232.0,0.22643212589906112,22,732.0,0.11342100828402615,19,711.0,0.23595108043727708,6,156.0,0.2838870454839766,3,16.0,0.5190067068425618,21,708.0,0.04340300422086498,2,294.0,0.3761901926221002,14,395.0,0.19326250202827472,2,13.0,0.4871977033051627,16,280.0,0.282037002239637,15,227.0,0.07213207996245005,178,5320.0
2100.0,159,1353.0,2.7005988023952097,4.098199724757504,10,197.0,0.21177878398152758,0,0.0,0.7244938821053842,10,204.0,0.281302697309166,12,868.0,0.1477678190456608,1,146.0,0.35096447275686393,11,274.0,0.14878135152945382,14,563.0,0.27882382433800096,20,682.0,0.11801619293489055,8,152.0,0.2534319199685269,1,14.0,0.3480398724131465,17,708.0,0.16661657424897616,7,295.0,0.35334137539279104,11,452.0,0.26173341374446907,0,14.0,0.6136715754714722,25,379.0,0.16717027236525037,12,205.0,0.25421109788661483,159,5153.0
2105.0,166,1361.0,2.7111553784860556,4.387694158894608,16,267.0,0.1876559634833295,2,7.0,0.5592093046237209,12,240.0,0.39666296161404024,9,903.0,0.2487386059234233,2,153.0,0.3289920387993159,17,350.0,0.06453369574894569,5,542.0,0.3858100280965085,18,578.0,0.18618770592531686,4,111.0,0.35935723031966593,4,23.0,0.6203261902893296,16,614.0,0.2409731472573556,14,348.0,0.2555148656933899,8,495.0,0.14678998283538652,2,10.0,0.5138258659758188,31,518.0,0.05387959525608874,6,159.0,0.4319703124178152,166,5318.0
2110.0,172,1186.0,2.3911290322580645,3.683174166142405,16,288.0,0.20585828351047114,0,6.0,0.5761493665883051,15,254.0,0.3071919908899179,12,958.0,0.2628883619842388,7,176.0,0.28073345165585173,18,371.0,0.037365276536624234,10,578.0,0.2500263377627963,15,641.0,0.20870552105146845,3,113.0,0.25645730388716603,0,17.0,0.6990179744703097,17,647.0,0.1514867309155675,16,362.0,0.08107675834140556,9,461.0,0.1455528681222349,0,12.0,0.513752548493359,32,600.0,0.05112234652109922,2,122.0,0.4719891426214497,172,5606.0
2115.0,174,1099.0,2.22020202020202,3.6853329586444006,15,267.0,0.20061079320854883,0,4.0,0.8196225095963507,16,226.0,0.10724339013346953,19,1042.0,0.10772637733022596,11,154.0,0.16712618661767292,16,323.0,0.11753553509939547,13,597.0,0.16549089364239497,13,703.0,0.23120686562133988,9,145.0,0.21017603780273592,3,11.0,0.5069103719737292,14,720.0,0.12299772658262,13,318.0,0.25754828839802113,5,367.0,0.311660956641021,2,14.0,0.4951891450572625,24,594.0,0.19880873991817136,1,106.0,0.4213026601639189,174,5591.0
2120.0,150,1043.0,2.0776892430278884,4.015205938514944,11,222.0,0.2936319164453966,0,4.0,0.8825837157880153,12,260.0,0.10107426750293677,25,1166.0,0.03177848781242685,15,202.0,0.1120854303149619,9,286.0,0.3007707433115602,18,658.0,0.1598453086958286,9,647.0,0.25076517741751864,11,152.0,0.20707682923262552,1,13.0,0.4039390536065893,9,677.0,0.1278684305148008,5,322.0,0.3480689294193018,4,354.0,0.2856400644992856,0,15.0,0.5546953096863648,15,547.0,0.2499560065823237,6,123.0,0.3528873505390887,150,5648.0
2125.0,146,986.0,1.9563492063492063,4.113499207689239,8,201.0,0.35793622285852955,2,5.0,0.7619464972227699,9,242.0,0.27437863104352905,34,1320.0,0.12928336659456738,15,273.0,0.08048645292633276,5,296.0,0.3369847190464265,21,664.0,0.15741978403162543,9,506.0,0.17142340988521373,4,103.0,0.42294820691956186,2,11.0,0.7123164531142483,5,529.0,0.13430692612439074,8,340.0,0.30529217944664744,8,382.0,0.17368424942928753,1,10.0,0.5149007831616126,6,545.0,0.20155375053633878,9,136.0,0.25826690973839883,146,5563.0
2130.0,140,1002.0,2.0160965794768613,4.106643572107215,3,172.0,0.37603341511708227,0,2.0,0.6030521769303417,15,258.0,0.31873680422054684,28,1341.0,0.16958026447318844,15,305.0,0.19056741368654168,8,323.0,0.2650901792470214,18,580.0,0.2894241984670099,6,498.0,0.15373867054952647,2,94.0,0.3256815170077091,1,3.0,0.7752073887130667,2,357.0,0.21501178655304243,9,328.0,0.14937132918027562,14,444.0,0.12200256962263431,6,32.0,0.43889453321969363,7,569.0,0.2254079593649905,6,115.0,0.3051295447453201,140,5421.0
2135.0,169,1280.0,2.5396825396825395,3.806991343718093,8,157.0,0.3728228583644602,5,14.0,0.3692512134186216,21,343.0,0.13067629295787198,20,1196.0,0.20050597727407668,21,365.0,0.203550615539744,10,319.0,0.09973375977296943,13,644.0,0.27629929869201175,8,528.0,0.11080972163275662,7,120.0,0.24995419358827728,2,8.0,0.6106729022338562,5,369.0,0.32669846269593905,6,252.0,0.26262777650883756,21,535.0,0.20852935272533196,7,63.0,0.24434816380578628,13,620.0,0.12526458019577585,2,105.0,0.19529166174139811,169,5638.0
2140.0,191,1542.0,3.0058479532163744,3.5857632339971928,13,202.0,0.2740787302088644,4,28.0,0.29848487474768565,29,473.0,0.0006213088176814686,12,1208.0,0.25034413112063614,29,487.0,0.12807198466521158,9,342.0,0.20846947401941504,11,682.0,0.2257840124840563,9,475.0,0.12156431663955866,14,178.0,0.22403861888505805,1,5.0,0.4306097517150442,8,396.0,0.3792462669876763,4,238.0,0.2755715231789488,21,556.0,0.1878140223088959,7,106.0,0.15440782983128076,13,609.0,0.08386568055794698,7,117.0,0.20400428197095088,191,6102.0
2145.0,183,1390.0,2.736220472440945,3.728374693064879,14,228.0,0.22270958788294487,3,24.0,0.4710986682085984,23,517.0,0.03827359259261255,8,1260.0,0.22375353398394893,28,544.0,0.020649128726133545,8,377.0,0.2527538074708643,16,748.0,0.1565271111062149,6,346.0,0.26305653191118267,18,264.0,0.3041804863416363,2,11.0,0.5638995795781484,9,375.0,0.28086887449662223,8,263.0,0.1981724126466428,18,483.0,0.18792531510752478,1,90.0,0.6145249214533344,9,515.0,0.11442041129490252,12,127.0,0.34857744318509987,183,6172.0
2150.0,178,1330.0,2.6232741617357003,4.148178917035716,8,173.0,0.3193236256541103,1,16.0,0.535798895968635,13,454.0,0.1391768659682834,14,1318.0,0.12225538528981422,26,554.0,0.05424687393622023,14,428.0,0.2365807369149821,22,847.0,0.15433541677084084,5,329.0,0.39598859336875564,14,287.0,0.240853145983596,1,5.0,0.6052788341891598,12,310.0,0.14812514106712846,15,325.0,0.13019781118016735,17,372.0,0.22670588385775373,0,23.0,0.8669962323204692,9,365.0,0.14908351437144146,7,108.0,0.41999410821145405,178,5914.0
2155.0,164,1189.0,2.3544554455445543,3.8085552975459462,2,161.0,0.36893282069259936,4,28.0,0.6055621674896641,13,515.0,0.1117455046416988,20,1404.0,0.09601056366945405,18,522.0,0.12138447797198156,20,517.0,0.11062504927934101,23,845.0,0.054966659339858545,8,355.0,0.3698127520328634,11,243.0,0.23614056844922354,3,18.0,0.6155316392170308,14,271.0,0.14935198292264565,14,324.0,0.20709753096226108,3,403.0,0.21748916133544888,2,22.0,0.5234855402383993,5,288.0,0.33745168951199617,4,103.0,0.2075201702164282,164,6019.0
2160.0,148,1093.0,2.2036290322580645,3.816158089305889,7,181.0,0.3290822190407242,2,26.0,0.3799511810061337,10,576.0,0.20805903989616542,26,1524.0,0.13942498402945053,10,511.0,0.22326238649988978,19,536.0,0.16880140992805756,20,738.0,0.0892688540894238,7,313.0,0.25568820414068183,5,159.0,0.3097584634813742,0,11.0,0.7665813160519397,8,277.0,0.25775125609002164,11,257.0,0.21964503059364726,9,407.0,0.2419734329744697,6,45.0,0.1227386569255856,0,172.0,0.4935324164650852,8,107.0,0.1633521197074713,148,5840.0
2165.0,158,1020.0,2.052313883299799,3.7356977650605483,13,235.0,0.22801357584313695,3,14.0,0.41722087041755884,10,556.0,0.25090917452329237,27,1501.0,0.13943322198751407,9,552.0,0.21694366558797712,17,485.0,0.28367276021349164,12,801.0,0.14248359696778878,8,221.0,0.1000304626922866,2,158.0,0.4285555254232351,2,7.0,0.5962376453651629,8,269.0,0.2655962986983522,13,313.0,0.14762052920076438,9,388.0,0.16055029985049402,11,94.0,0.3048143006575256,0,129.0,0.5430485184302066,14,160.0,0.16123810290427837,158,5883.0
2170.0,164,911.0,1.7827788649706457,3.4940944321215057,13,245.0,0.23120866455155456,4,19.0,0.3239320594365043,10,570.0,0.12762285936510356,22,1214.0,0.06990569717435736,11,559.0,0.1863225684534431,14,560.0,0.24629709600115887,12,830.0,0.08198346210388034,6,251.0,0.1240558687427134,8,170.0,0.3344554346732291,1,10.0,0.3123960161339945,16,280.0,0.16033323626989715,13,380.0,0.0986282069652115,8,307.0,0.24328324332043252,6,102.0,0.520349257813496,4,138.0,0.444337113824144,16,203.0,0.19651744788543865,164,5838.0
2175.0,155,877.0,1.6800766283524904,3.8094272532074256,9,203.0,0.27641325587490984,6,41.0,0.5272043071589488,9,615.0,0.10768343904690743,12,1216.0,0.1343767549262626,17,587.0,0.15638768050959329,11,626.0,0.1568657876549272,16,899.0,0.0926855201177732,8,261.0,0.17709329812681726,10,176.0,0.15526019342113173,3,18.0,0.42815967524050325,15,290.0,0.10040907628690725,8,361.0,0.25175713417963624,7,323.0,0.30638743180550454,1,65.0,0.42970667768071635,10,171.0,0.296728688495006,13,200.0,0.213283243187871,155,6052.0
2180.0,164,862.0,1.6142322097378277,3.776625049590481,4,195.0,0.311252635047375,0,39.0,0.6222361662142437,14,678.0,0.1782410376299906,10,1261.0,0.14397550510770749,17,595.0,0.20849770781520496,15,688.0,0.08361480221481528,17,852.0,0.1839923453088639,8,239.0,0.25486129740805336,8,146.0,0.2803960486640092,4,24.0,0.46300417323397364,18,265.0,0.08583765305844418,4,280.0,0.3026245055967871,9,346.0,0.25621374883067405,3,57.0,0.22626104106402234,17,244.0,0.1892301404086721,16,256.0,0.08669191633386147,164,6165.0
2185.0,163,994.0,1.9115384615384616,3.739573877741413,9,220.0,0.3417895196235297,1,8.0,0.45989058633904056,19,765.0,0.1839134921418422,8,1141.0,0.2723117860600367,15,525.0,0.3010493466781938,16,679.0,0.05067107524535956,12,674.0,0.3040576001782498,5,161.0,0.4414364262722543,3,154.0,0.41501921140588294,6,44.0,0.49178556352498326,15,341.0,0.18701331125658643,3,265.0,0.17869988645608198,12,337.0,0.11145037695527427,7,85.0,0.3428272850685139,23,349.0,0.0783893977145535,9,279.0,0.16673356629607103,163,6027.0
2190.0,173,1099.0,2.12984496124031,3.5535526230760994,15,283.0,0.22224678365625422,1,8.0,0.3981599484896719,28,890.0,0.08045091838237074,4,868.0,0.33356605038566833,17,606.0,0.19568249064274337,13,573.0,0.08943368621297235,8,613.0,0.31885408393797005,3,131.0,0.18655957379513335,10,172.0,0.2880386868050943,5,49.0,0.2768013461580355,14,383.0,0.25418086975220944,7,290.0,0.11712569331218137,8,248.0,0.24726815203091407,11,137.0,0.4778184163530274,22,383.0,0.1519641857684687,7,285.0,0.27546328686156335,173,5919.0
2195.0,191,1443.0,2.7485714285714287,3.9441411821451196,22,380.0,0.16636935671836514,5,27.0,0.38429643182315254,34,1044.0,0.0008848486008502107,4,473.0,0.3721324952102724,14,679.0,0.1567630243692211,13,640.0,0.1936783263734896,7,651.0,0.2809990024224881,8,155.0,0.14396664799439882,15,236.0,0.16235434555251194,3,24.0,0.4458089467664073,11,378.0,0.18279108779546865,6,280.0,0.25129411034785365,6,184.0,0.4095747145296767,11,188.0,0.389176123708121,21,372.0,0.23223312051669873,11,297.0,0.22424878317563732,191,6008.0
2200.0,198,1799.0,3.4071969696969697,3.5591864376503373,24,497.0,0.18290897978675028,6,57.0,0.4336026477621342,30,1088.0,0.042460478604146486,2,482.0,0.38715556281031527,16,750.0,0.07369523326737228,10,699.0,0.28115089640306923,14,707.0,0.19765431392722127,10,154.0,0.072881269844883,20,327.0,0.18767055930557747,1,11.0,0.40156607267596534,13,337.0,0.14398827016488344,4,219.0,0.29930548714879335,1,148.0,0.38526606913912076,16,260.0,0.13310303656477526,15,352.0,0.1710995607821704,16,343.0,0.13200612069261505,198,6431.0
2205.0,192,1655.0,3.2135922330097086,3.240814743589839,20,524.0,0.16131465370487597,1,47.0,0.42805949686958944,20,974.0,0.20421310558299532,8,503.0,0.32450348665720047,17,704.0,0.07090166913151286,8,651.0,0.3165561692736555,15,661.0,0.08123453248997596,6,122.0,0.3262338762440904,15,353.0,0.171658752897464,4,26.0,0.4731179179643322,19,373.0,0.12606515360980244,5,236.0,0.2101815255255674,7,152.0,0.2963606311463599,16,277.0,0.21311948085931684,8,398.0,0.16614057758926148,23,442.0,0.07966039127926193,192,6443.0
2210.0,176,1297.0,2.533203125,3.567545698039083,13,448.0,0.2749365658592069,3,14.0,0.6332840144041266,14,1053.0,0.28666272252663066,10,424.0,0.11216984207126969,14,765.0,0.17684493733632153,12,521.0,0.19479846239666398,15,543.0,0.16818925370554852,3,129.0,0.4568350502141642,7,286.0,0.3738213661714659,1,20.0,0.7433432908672758,16,446.0,0.08583830441751378,10,277.0,0.13642496790287822,13,203.0,0.11536861975131163,8,197.0,0.3624620042510018,7,425.0,0.1815437228644503,30,576.0,0.1380122992034894,176,6327.0
2215.0,184,1330.0,2.54302103250478,3.719316641579189,9,317.0,0.3141282008177639,0,8.0,0.7782095767672819,11,1111.0,0.2890953077393764,13,290.0,0.10583978282553534,19,852.0,0.18496117747976915,9,517.0,0.12491923467244657,11,498.0,0.23798524183477082,9,159.0,0.1950433164243769,5,189.0,0.31700190022070907,2,11.0,0.773791387669336,12,447.0,0.1257445815927403,15,346.0,0.09769941593190068,19,287.0,0.004017313727113177,1,117.0,0.3097184458388683,14,486.0,0.1797482799529683,35,740.0,0.1358522784392752,184,6375.0
2220.0,169,1397.0,2.6458333333333335,3.8604403695361085,2,326.0,0.32966873496472165,1,6.0,0.6038581430445099,15,1180.0,0.22338794556077668,4,266.0,0.1886327923511559,20,948.0,0.09768217999055309,7,543.0,0.19835718455810028,9,533.0,0.3083788320936621,9,167.0,0.09199823255748647,2,165.0,0.35620165321534103,3,22.0,0.6119256394473421,17,468.0,0.13290604275596682,15,364.0,0.1803016372900026,16,322.0,0.08816747724208134,2,121.0,0.2575467303600942,18,542.0,0.229021796861914,29,816.0,0.10186706382542215,169,6789.0
2225.0,201,1590.0,3.0228136882129277,4.001064239784965,7,337.0,0.3275002130465659,1,5.0,0.3965832248519296,20,1272.0,0.07045182538000258,8,265.0,0.29429316596876365,22,1046.0,0.03163614381071998,14,578.0,0.153367857736826,14,585.0,0.30989615682089333,6,132.0,0.3097487687182035,10,182.0,0.2676830776859673,1,13.0,0.44583648018416405,25,554.0,0.142039883158805,12,316.0,0.25802598761509704,6,263.0,0.4116301146795253,8,148.0,0.295377293411043,24,645.0,0.22637369417743675,23,781.0,0.10539927087891546,201,7122.0
2230.0,231,2066.0,3.996131528046422,3.695439472488552,13,390.0,0.2366469969589186,3,12.0,0.4565910216787598,29,1397.0,0.008818137978653674,14,309.0,0.29586458037469654,23,1043.0,0.052793586888953754,22,670.0,0.14508376598497214,19,670.0,0.20208198437951075,1,80.0,0.5343085525488173,9,179.0,0.38195784758656,6,23.0,0.37643089014963715,30,694.0,0.18712066417324685,8,221.0,0.19054063363882864,5,283.0,0.35339388117681314,6,153.0,0.38715636956574123,29,775.0,0.09951075705545115,14,854.0,0.09864402131105007,231,7753.0
2235.0,235,2475.0,4.920477137176938,3.772538587217118,14,389.0,0.20767571171743252,5,37.0,0.3334082891878698,29,1395.0,0.11713360248292477,15,382.0,0.13727154500778377,20,917.0,0.2019172844405776,25,789.0,0.22383564634907321,26,785.0,0.11029890033243737,1,40.0,0.5526164700438185,4,117.0,0.42323482290894215,3,38.0,0.523780233138245,35,855.0,0.12929112445234198,6,174.0,0.3138871012848618,10,320.0,0.16458511722514224,0,82.0,0.46457343962397024,29,915.0,0.12655801062472974,13,910.0,0.08520648478044951,235,8145.0
2240.0,223,2661.0,5.300796812749004,3.7835527440474372,12,323.0,0.2785715337843477,1,32.0,0.6203920107054006,20,1227.0,0.23112519300919412,15,459.0,0.287991485145546,14,778.0,0.3749437506936247,24,790.0,0.16111235176762967,27,921.0,0.017679962165173247,2,31.0,0.35284054895632955,2,93.0,0.31085534564258277,5,33.0,0.5923774482969966,34,928.0,0.02576518400671361,3,185.0,0.33305654583956884,17,396.0,0.09839517200315713,2,64.0,0.33428162396967953,29,1057.0,0.10655069693993507,16,984.0,0.09554311742126759,223,8301.0
2245.0,208,2545.0,5.131048387096774,3.7820164875225575,7,189.0,0.34985450598810097,0,4.0,0.8515869608603284,13,1032.0,0.2647822233648776,9,422.0,0.3718643429471956,8,829.0,0.29430558794354594,20,692.0,0.125461131620279,21,905.0,0.11085201694734896,6,49.0,0.1937494482409876,7,113.0,0.2812539778477715,1,24.0,0.4732724605163984,28,901.0,0.06736617634456901,7,190.0,0.3858775266425854,17,414.0,0.18168649240507873,7,93.0,0.10708841967784319,34,1217.0,0.026547800123650066,23,1084.0,0.14961090334052665,208,8158.0
2250.0,187,2022.0,4.151950718685832,3.771974240742137,2,190.0,0.3343913611504625,1,5.0,0.650571212291278,8,710.0,0.25565654457171805,6,280.0,0.3309996814468976,11,872.0,0.1773721003085605,18,651.0,0.11893925363905226,15,732.0,0.10504140130985631,6,79.0,0.4368178787961971,7,96.0,0.1735641626135411,4,14.0,0.3800439647100147,16,961.0,0.12771672481904917,8,190.0,0.38258779289817485,14,364.0,0.28727490265599515,10,141.0,0.46207381505680706,31,1262.0,0.04162974896818158,30,1222.0,0.17195018757482539,187,7769.0
2255.0,152,1588.0,3.2342158859470467,3.7591893066629463,8,202.0,0.34956914890434376,0,5.0,0.4468246488906513,3,625.0,0.3635702533476937,4,304.0,0.12703879992669662,16,937.0,0.13246802416347642,13,724.0,0.2057177472940163,15,755.0,0.12237849151910782,1,64.0,0.4055756568703556,5,70.0,0.2872090315611219,1,21.0,0.5986087819039851,11,1002.0,0.21403841886230351,5,183.0,0.25710202357514794,13,424.0,0.14963501212467537,4,125.0,0.5118025749982631,23,1173.0,0.18988594178760357,30,1368.0,0.06651541782612035,152,7982.0
2260.0,158,1342.0,2.7111111111111112,4.027401146142011,11,190.0,0.2418873694902454,1,5.0,0.5559517655493196,7,630.0,0.4439882000649874,9,342.0,0.09660129206683833,24,1039.0,0.09573918380800682,12,755.0,0.274197489737114,11,819.0,0.2233216827387735,4,22.0,0.4574271862114487,2,79.0,0.4492224377587198,3,16.0,0.6841235122001538,7,954.0,0.25851167637079037,7,204.0,0.11856605735881845,12,491.0,0.09031770398615553,2,51.0,0.2998695583434952,17,1258.0,0.20063064916628096,29,1389.0,0.03329504277278905,158,8244.0
2265.0,166,1283.0,2.591919191919192,4.039757454318427,8,142.0,0.26076980427366975,2,7.0,0.5280162867668875,8,558.0,0.37709735657669263,11,297.0,0.10648767947462606,31,1178.0,0.07459141503205033,17,797.0,0.1235812094675905,9,747.0,0.2809201584418122,5,33.0,0.39695612496902083,9,111.0,0.24655178547792567,1,11.0,0.38571231947486195,3,796.0,0.22040231668057006,11,247.0,0.2536493180499112,10,466.0,0.2168393005423364,7,34.0,0.21387020752454047,14,1332.0,0.1404343722475086,20,1255.0,0.20718974721873684,166,8011.0
2270.0,166,1357.0,2.775051124744376,3.9335009471741174,1,130.0,0.3076434298197834,5,30.0,0.5490557744003901,6,398.0,0.15460326652819345,6,194.0,0.24076887817233122,36,1351.0,0.14847964123680568,20,777.0,0.03153127293327843,7,587.0,0.18347906955901247,7,52.0,0.45147271710058223,9,121.0,0.21692089783960092,5,23.0,0.3936516316380705,4,769.0,0.13309722116913827,18,322.0,0.19518706069781064,6,356.0,0.26901491528306026,5,47.0,0.48075890057569215,15,1404.0,0.09088788191164032,16,1339.0,0.2931651203298085,166,7900.0
2275.0,167,1515.0,3.11088295687885,4.239638408857907,8,142.0,0.323142967528769,3,36.0,0.35613905452980743,9,260.0,0.18256190298940272,5,158.0,0.2768145829287726,36,1529.0,0.09097349669095074,14,646.0,0.18671851567456357,4,513.0,0.2001428096281863,7,87.0,0.3758443074211632,7,110.0,0.31530311081909546,1,23.0,0.6583677511811258,8,803.0,0.2395667411234204,18,353.0,0.18289787972123478,7,225.0,0.22078676123368515,4,41.0,0.6877202875632588,24,1508.0,0.14768573888262426,12,1400.0,0.23230832628726103,167,7834.0
2280.0,142,1298.0,2.726890756302521,3.917790345266019,8,144.0,0.2557701464427487,2,20.0,0.4236098181172974,7,280.0,0.19567279471059126,8,192.0,0.3232656834545248,31,1520.0,0.05136949020654178,6,677.0,0.2953821227944893,6,534.0,0.1408074053901443,5,85.0,0.08518744325886828,3,106.0,0.44690828444754316,2,13.0,0.6307158550376365,8,748.0,0.26626735521002975,10,294.0,0.11430021118822264,6,174.0,0.3333063787885955,7,55.0,0.4463562213806453,22,1420.0,0.14722985657826748,11,1318.0,0.13886733341248136,142,7580.0
2285.0,137,984.0,2.0585774058577404,3.9244436430086234,6,100.0,0.31160540710338813,0,11.0,0.5605625250297315,10,270.0,0.2852568582593883,9,180.0,0.29161702797322614,26,1273.0,0.10758495245285228,10,708.0,0.26219158922189334,14,588.0,0.2416701893650377,0,36.0,0.3282171409845208,7,130.0,0.3147652333530472,1,8.0,0.45213723421633045,10,588.0,0.1471205558216858,1,293.0,0.2917044111851369,1,163.0,0.46802527586693,7,69.0,0.18109114444742488,22,1526.0,0.11381956952229334,13,1119.0,0.13606202878454576,137,7062.0
2290.0,144,945.0,1.9646569646569647,3.9627374261374158,0,72.0,0.36218474843669873,4,21.0,0.6552098243214441,10,219.0,0.37915547602126065,9,160.0,0.1364322252186576,16,1359.0,0.21549258943473776,10,639.0,0.09992081289375333,19,676.0,0.22015532077719976,2,27.0,0.22990073165593822,8,135.0,0.2126172106186705,4,20.0,0.4252958442469203,9,623.0,0.12158709986239503,8,310.0,0.2791616614444637,7,163.0,0.4002281866927979,5,55.0,0.29828389703158964,21,1637.0,0.0610818876709948,12,803.0,0.26012450045281893,144,6919.0
2295.0,127,726.0,1.5252100840336134,4.033085676142887,7,92.0,0.3257393638156929,2,23.0,0.4307616680051364,6,109.0,0.31270307832255034,7,163.0,0.18436296240080874,13,1418.0,0.22271277208943407,8,451.0,0.13537748043255748,26,791.0,0.1231309316463804,8,56.0,0.04480621831477257,6,112.0,0.2927557432708392,2,28.0,0.5665587355588262,9,644.0,0.2277797349349407,7,284.0,0.295429125950082,9,171.0,0.15140003581259318,2,48.0,0.3560944333953078,11,1566.0,0.17905341021902008,4,822.0,0.28851552028310024,127,6778.0
2300.0,123,762.0,1.6042105263157895,4.088076713382221,11,142.0,0.252761047480017,2,10.0,0.4504789678551739,4,115.0,0.14028884182887078,9,176.0,0.2790901472052172,10,1324.0,0.14104890740790194,2,417.0,0.34399891755984047,32,939.0,0.002814782307654464,2,56.0,0.4858899923228517,3,103.0,0.42123811582028703,4,23.0,0.5987237565886161,10,583.0,0.2491821851692955,5,210.0,0.17375240829336913,9,143.0,0.30887941733875146,8,66.0,0.3060235373441715,5,1228.0,0.22763772093708565,7,804.0,0.23173015836564015,123,6339.0
2305.0,149,1174.0,2.471578947368421,3.8299086539131317,18,220.0,0.24548222132007988,2,7.0,0.37327489623021587,7,131.0,0.17824040767262914,15,215.0,0.2979731592411849,11,1040.0,0.11688859166213487,7,438.0,0.4069905493574687,35,1111.0,0.06878219971753083,0,19.0,0.8199466220573682,8,125.0,0.3003417725316055,1,16.0,0.5442242330191374,10,456.0,0.1676447360436637,2,205.0,0.2883019699207762,1,124.0,0.3428165298962963,14,128.0,0.13732391068366215,4,1111.0,0.1491599780116711,14,851.0,0.1649292056464201,149,6197.0
2310.0,181,1402.0,2.9269311064718164,3.5990264806469505,16,261.0,0.1887732292560887,4,25.0,0.442406053236524,13,186.0,0.22962099707238273,17,243.0,0.14416786794904513,10,773.0,0.16516571174081016,13,485.0,0.2456381371209971,29,1132.0,0.18394157879166886,2,23.0,0.6771060798992029,8,127.0,0.1846130955936657,4,18.0,0.3702815020772799,12,300.0,0.15844860757236048,9,229.0,0.2959542638369368,7,124.0,0.3295767264214395,14,165.0,0.21832694653577794,7,1139.0,0.13590693866137724,16,796.0,0.185780133794029,181,6026.0
2315.0,148,1164.0,2.4149377593360994,4.210809331545846,11,231.0,0.28340346235729375,0,19.0,0.7269381184171082,13,204.0,0.378780098587299,18,246.0,0.11384315623866754,6,705.0,0.3094357831627568,17,512.0,0.09585916727337641,19,985.0,0.22561146491712775,2,33.0,0.7159183187290474,7,104.0,0.2647447793713176,0,20.0,0.6449485707397482,6,316.0,0.16873042028248703,14,291.0,0.2525386331748853,8,119.0,0.10911949931978698,6,152.0,0.39002567831974544,9,1177.0,0.13468057285081908,12,603.0,0.286029229650367,148,5717.0
2320.0,126,886.0,1.823045267489712,4.443649712269446,6,165.0,0.36243358109547796,2,11.0,0.7813198905717392,6,151.0,0.2996297076930269,5,252.0,0.20283839259346145,5,703.0,0.3254746939604641,25,618.0,0.02291868965724719,15,935.0,0.1379540269533133,3,12.0,0.5996505260744311,3,117.0,0.36145619030845527,2,11.0,0.7076625928455151,6,298.0,0.22504086201484116,21,378.0,0.1006002411033363,9,98.0,0.16544074189136224,0,93.0,0.42006369056741133,11,1084.0,0.2264620104839136,7,292.0,0.3066708178430426,126,5218.0
2325.0,131,931.0,1.8884381338742393,4.209206619564428,1,162.0,0.36233368660870396,1,4.0,0.621920340732046,4,155.0,0.1678294587441527,7,254.0,0.16081723102965154,10,677.0,0.20439848571921843,25,734.0,0.049559401477474875,12,1001.0,0.1656633029876479,3,23.0,0.6831539008232101,9,150.0,0.2393915691747791,0,8.0,0.461392462741485,13,309.0,0.16657589225449598,27,504.0,0.028526926759395478,5,112.0,0.31037581062283787,3,104.0,0.28296337713325365,8,837.0,0.3083284827040141,3,299.0,0.3601511545267357,131,5333.0
2330.0,177,1356.0,2.7338709677419355,4.078171459211539,7,167.0,0.3424083662641016,6,24.0,0.3326977307363401,6,180.0,0.29550960754687594,13,302.0,0.2342567767578958,13,613.0,0.09568783861986725,25,837.0,0.13745884847679138,14,1061.0,0.2377278559788151,1,15.0,0.5583091576753907,10,155.0,0.2015765779836054,5,22.0,0.44118729545702406,14,294.0,0.21165685802679862,29,651.0,0.16424790256997732,11,127.0,0.3266703978849794,7,125.0,0.32467314778502154,8,620.0,0.2703684199041959,8,320.0,0.23572137566871482,177,5513.0
2335.0,170,1445.0,2.919191919191919,3.6676315906371313,7,164.0,0.26123161785835075,4,45.0,0.3575389689593412,6,173.0,0.3198687664738673,13,320.0,0.2474312767046124,15,620.0,0.06349261867560245,28,971.0,0.14247522922364395,15,986.0,0.212083943461267,3,18.0,0.4077082747593034,7,125.0,0.2916182376607653,0,21.0,0.691441836923828,10,194.0,0.24620547873422827,24,687.0,0.21885736546319637,7,135.0,0.19963235198251697,14,183.0,0.2761854070085252,7,647.0,0.13843430702685908,10,287.0,0.14086204634228267,170,5576.0
2340.0,157,1317.0,2.6987704918032787,3.734167292898292,7,107.0,0.2982390802640957,2,29.0,0.5892365234725613,3,123.0,0.29945515172341886,12,275.0,0.20121044274392194,16,681.0,0.12309652112253332,32,1123.0,0.0499414965111684,11,791.0,0.14890292830346938,1,12.0,0.5492515947212502,2,136.0,0.3937012168203896,2,9.0,0.7037105405339544,13,218.0,0.14709377164069834,20,612.0,0.14518684178112143,3,84.0,0.4092907149341138,12,204.0,0.2734289818462565,8,675.0,0.17250739177669314,13,207.0,0.08615809448782251,157,5286.0
2345.0,153,1340.0,2.7016129032258065,3.7214312863428733,3,94.0,0.3588487115054437,1,22.0,0.5690613567837226,3,124.0,0.1590101103311963,15,329.0,0.08926157123302206,19,743.0,0.16575378073797328,36,1296.0,0.011335199899507707,9,556.0,0.1961398666918703,3,20.0,0.7125226456534989,8,158.0,0.2765443830447993,0,5.0,0.6081996670869515,13,274.0,0.13412032326205325,15,655.0,0.11107082399768448,2,88.0,0.46190481972044933,7,164.0,0.20146795899458744,11,602.0,0.1486993739887913,8,253.0,0.12814476540907932,153,5383.0
2350.0,155,1344.0,2.704225352112676,4.2495468061599215,6,102.0,0.368433235755967,8,46.0,0.2945556625395614,8,149.0,0.2979508735963187,9,380.0,0.12927889222717187,23,842.0,0.07867170041085424,30,1307.0,0.14075518403167223,0,565.0,0.4329645018147613,1,15.0,0.5922674662263642,10,163.0,0.21622075107663236,4,17.0,0.42197870752366956,11,308.0,0.2434204607916225,12,719.0,0.23696017241286782,8,107.0,0.30638256991636204,4,154.0,0.29601071602457146,12,354.0,0.22266330798514802,9,261.0,0.310851169135101,155,5489.0
2355.0,188,1631.0,3.3422131147540983,3.9422466652722226,13,154.0,0.25529992010154423,7,61.0,0.2852820872057766,9,152.0,0.3007118131736718,15,448.0,0.21072429642433027,27,966.0,0.012700232201781842,20,1139.0,0.25017986747006454,7,560.0,0.423216625339195,7,30.0,0.4046572311612049,7,135.0,0.2515827179714011,0,21.0,0.636369899821771,18,384.0,0.25661621905390974,13,764.0,0.23056943305859098,13,161.0,0.1468271102324337,7,159.0,0.28131227299241207,9,251.0,0.2699891052090262,16,305.0,0.23896146251099915,188,5690.0
2360.0,211,1954.0,3.9554655870445345,3.456541429376705,18,236.0,0.2351259466253095,2,37.0,0.41255145410447247,8,122.0,0.25227541298484,21,542.0,0.24437837173664712,36,1134.0,0.014634203919022494,13,903.0,0.2820389906241487,13,611.0,0.26383811913395383,12,77.0,0.19725082728308585,3,134.0,0.3940386769802543,1,9.0,0.6614173888250521,19,423.0,0.15191903390353365,14,737.0,0.12861297993378207,8,169.0,0.133741612511463,12,210.0,0.14051627268781144,8,268.0,0.17938788575418343,23,399.0,0.10536446118881895,211,6011.0
2365.0,230,2273.0,4.56425702811245,3.4229765174954827,14,252.0,0.25830252370813545,4,28.0,0.4437122149838285,8,136.0,0.14229401082711335,29,667.0,0.1323674126700587,36,1306.0,0.10455667051700523,10,701.0,0.35784818031977805,15,583.0,0.14258463416673878,12,141.0,0.22900055094239707,7,153.0,0.3175989566225237,0,4.0,0.5796151620986952,21,413.0,0.12777679413112422,18,637.0,0.109377163782047,1,80.0,0.6331732507402063,16,292.0,0.22721499587191,10,256.0,0.19632608113751732,29,532.0,0.002481913172251549,230,6181.0
2370.0,218,2333.0,4.675350701402806,3.456569862218125,7,205.0,0.2794768485483395,0,21.0,0.5815397076453982,9,159.0,0.134653224431209,31,727.0,0.07177024812156628,36,1486.0,0.1980289305951364,6,691.0,0.3007189557998378,12,457.0,0.24145907815972129,6,150.0,0.4651232833597158,10,158.0,0.19671202452265496,4,14.0,0.3931314503863678,20,505.0,0.08434714683410706,15,506.0,0.13795497216580763,2,76.0,0.6123289992509436,18,374.0,0.2573240541891976,15,308.0,0.19561906962459838,27,595.0,0.01786613799378884,218,6432.0
2375.0,178,1891.0,3.766932270916335,3.9755989695166822,3,221.0,0.2989014429722632,0,2.0,0.7817860436683496,15,194.0,0.3028166386371995,24,696.0,0.12453484266962635,33,1464.0,0.15608033500678545,7,699.0,0.23414320195011523,9,251.0,0.3523328639164727,2,96.0,0.472691360238718,9,133.0,0.22202684307195172,0,20.0,0.5424514259574752,14,564.0,0.13502273423633246,6,527.0,0.34390714416517393,8,103.0,0.34251751357762605,16,377.0,0.21513245609789386,15,317.0,0.1758408996630286,17,551.0,0.12266227584216084,178,6215.0
2380.0,163,1418.0,2.7858546168958744,3.9793904859708955,9,251.0,0.29468824429334134,2,5.0,0.5174666595724402,18,270.0,0.27754312837373607,16,773.0,0.09346449132362038,28,1290.0,0.0655902799168932,14,736.0,0.24597041311770454,2,258.0,0.28912933111425776,1,99.0,0.2390032389086808,4,146.0,0.25083243827250906,4,17.0,0.6708225972686781,13,563.0,0.1911581818723624,7,511.0,0.41724126508808446,9,115.0,0.08416327320206744,8,293.0,0.2003658401247138,17,363.0,0.16688353955230387,11,424.0,0.29026951122955796,163,6114.0
2385.0,155,1122.0,2.2043222003929275,3.703534232215092,10,247.0,0.20474923659834143,0,7.0,0.462767754701071,18,341.0,0.11099064703065575,14,828.0,0.12687942596487928,23,1406.0,0.08650978846981466,15,714.0,0.05363110468830189,8,280.0,0.21917967802460758,8,127.0,0.2614533512137641,9,172.0,0.25625177718468056,1,14.0,0.3487525445165243,13,506.0,0.19219089436409828,8,471.0,0.3089873921537453,4,72.0,0.400008209932573,2,251.0,0.3025918596996172,19,436.0,0.05777953322041415,3,333.0,0.508739768873574,155,6205.0
2390.0,155,956.0,1.904382470119522,3.9203826578674814,7,170.0,0.2702518149152666,1,9.0,0.7331500486674895,21,412.0,0.0886248965602219,16,896.0,0.20451735320241837,14,1465.0,0.2184256784619542,12,564.0,0.08973821423677494,9,239.0,0.3235820772930974,9,129.0,0.30257717368927706,11,179.0,0.3038357924593304,4,18.0,0.4470122276174272,14,545.0,0.09374702278437172,8,362.0,0.10822967715887642,3,78.0,0.5375805763716531,7,271.0,0.3146299051094546,17,521.0,0.08328106871795224,2,255.0,0.46554049686900295,155,6113.0
2395.0,149,1034.0,2.0846774193548385,4.122859675922646,1,180.0,0.33233498725686245,0,4.0,0.8498040473326315,28,538.0,0.13718745986944766,16,872.0,0.17902239244218107,16,1515.0,0.27029476261807106,4,586.0,0.19702423252988022,7,165.0,0.3700729228486961,4,73.0,0.3847353883814174,7,149.0,0.22988012460543492,2,26.0,0.5876460613770473,14,577.0,0.13774588829774215,11,263.0,0.16785328424377086,9,104.0,0.41126062709198935,6,238.0,0.27912502777553305,20,612.0,0.15520076082402176,4,262.0,0.2613936661200237,149,6164.0
2400.0,161,1306.0,2.6277665995975856,3.946397196458767,7,199.0,0.2736634157022589,1,5.0,0.448170824287706,34,695.0,0.11615030746291367,14,702.0,0.1424850126359612,16,1422.0,0.12417836927463011,9,603.0,0.30653152079049084,6,167.0,0.315008432824277,2,72.0,0.23473746179486976,7,129.0,0.2767190725974381,4,25.0,0.6657736413178834,10,559.0,0.2072608360091948,4,248.0,0.38526913555243464,9,117.0,0.12715972299819994,4,162.0,0.2074275066381465,27,737.0,0.1701145212798697,7,284.0,0.11514721424790059,161,6126.0
2405.0,179,1536.0,3.065868263473054,4.067936311649775,12,251.0,0.21533664046594664,6,26.0,0.34424968361764074,31,766.0,0.04585221111985295,6,701.0,0.16878082581995918,18,1098.0,0.15534315071228724,15,664.0,0.37169252253814733,8,195.0,0.2373533194789329,8,94.0,0.16187844325343756,1,112.0,0.3545224712868591,2,20.0,0.4952236679831863,9,471.0,0.2769706672810795,6,233.0,0.385186917416541,8,116.0,0.13704695997605756,1,151.0,0.33480330044586415,34,890.0,0.09204342530448703,14,342.0,0.24395605150741972,179,6130.0
2410.0,205,1768.0,3.5717171717171716,3.6376989978619103,20,336.0,0.20693420699046838,1,30.0,0.508316589650172,25,734.0,0.09853861384745541,7,728.0,0.2925873935421796,20,922.0,0.23355933690083366,20,745.0,0.24996798557215963,12,210.0,0.054416546619272026,14,157.0,0.23760701911161788,7,120.0,0.2964400507879689,5,25.0,0.36819186371453205,9,335.0,0.1699543896282822,8,203.0,0.2404441391217182,3,131.0,0.3087827440198954,8,173.0,0.33233712081292904,31,943.0,0.01683899253129762,15,421.0,0.29089736982898434,205,6213.0
2415.0,193,1721.0,3.5557851239669422,3.4976607201214103,18,362.0,0.17289422523356046,1,11.0,0.510123358846332,14,774.0,0.19571939807578845,14,780.0,0.2427280351548451,12,975.0,0.15559647617028904,25,854.0,0.08306454117545094,11,203.0,0.15208796965595694,12,189.0,0.38199383974500833,8,134.0,0.3539112871405895,6,43.0,0.31240343195869164,6,352.0,0.21855084153629672,10,150.0,0.12704513812030904,9,152.0,0.37439082238987725,8,162.0,0.31448200313242336,24,888.0,0.09732758661813988,15,492.0,0.2952399649657216,193,6521.0
2420.0,149,1526.0,3.1463917525773195,3.9399379642661962,11,267.0,0.23718242305899398,1,13.0,0.6759031516313114,10,817.0,0.19575367290401158,20,865.0,0.10688045427034801,9,974.0,0.21518902260862133,29,991.0,0.16483253793709304,2,193.0,0.366309098840034,4,154.0,0.31273818016117316,5,111.0,0.3084382727400544,3,34.0,0.5660266620883365,6,346.0,0.2352014594648001,6,149.0,0.1395777017725294,9,156.0,0.13310837872250916,4,92.0,0.20878774266813235,15,727.0,0.27385212818093174,15,569.0,0.23460191157613805,149,6458.0
2425.0,154,1495.0,2.9840319361277445,4.262704434565993,7,200.0,0.3722249724123725,1,9.0,0.8418131470193169,11,774.0,0.11610704649453633,25,990.0,0.05443892072884817,11,911.0,0.11808228490435306,30,1144.0,0.13281736601262012,7,186.0,0.2893083401547014,3,145.0,0.32968698996978246,2,96.0,0.3139935780511038,3,30.0,0.5017883369548423,10,326.0,0.14336241727698631,8,147.0,0.2945478585051001,11,137.0,0.13346364872212288,2,106.0,0.3401362377583231,7,635.0,0.41277813693600246,16,550.0,0.23416302469468975,154,6386.0
2430.0,158,1336.0,2.6881287726358147,4.062115815400179,3,199.0,0.33448167465806794,0,2.0,0.69075821854969,9,614.0,0.136336749394354,23,992.0,0.20912638562635658,13,746.0,0.12254303768379021,24,1128.0,0.07776134419626105,13,242.0,0.11161022973044447,8,171.0,0.26102902283596885,8,101.0,0.2751007148335892,7,51.0,0.2605256893645165,10,262.0,0.14346925093171456,8,136.0,0.31262572535004507,7,121.0,0.37309391420364313,9,132.0,0.3945126654240551,4,499.0,0.3721197377491475,12,426.0,0.24497114421107435,158,5822.0
2435.0,148,1031.0,2.074446680080483,3.8186665852389847,9,216.0,0.32829070676706806,1,1.0,0.5922862148641909,4,625.0,0.141191852212335,17,857.0,0.23384002748391783,9,765.0,0.12548817832041917,25,950.0,0.10409308185652705,8,243.0,0.3401268863581496,14,239.0,0.04685590439202282,10,111.0,0.37706185412940907,6,68.0,0.28382552222009877,9,203.0,0.2726228918381435,10,113.0,0.1592194991345233,2,120.0,0.4860358260982233,9,138.0,0.24633642908435446,5,481.0,0.32307910842295057,10,478.0,0.1679326862164537,148,5608.0
2440.0,125,753.0,1.4822834645669292,4.122860288092244,12,225.0,0.23493389444739624,3,15.0,0.4299475005849384,9,642.0,0.2202551262135954,15,935.0,0.12544370423396994,8,757.0,0.22770450503812262,15,951.0,0.2516784070266394,0,153.0,0.4456370097485048,12,255.0,0.3008371496270909,5,76.0,0.43118167701104765,3,48.0,0.5290754951728492,4,168.0,0.2841901813210615,7,114.0,0.1284679474912354,6,103.0,0.2839672172920391,5,110.0,0.11255816236225792,9,499.0,0.24981413833289315,12,539.0,0.11825701183293513,125,5590.0
2445.0,136,759.0,1.5,4.404834679933304,10,170.0,0.24780910852952034,0,11.0,0.6733046683804657,14,697.0,0.31268629274418325,11,1002.0,0.10584531928896582,17,806.0,0.2017191742198681,12,995.0,0.23552687593748592,2,160.0,0.33496625028235205,4,188.0,0.39466585462155457,6,60.0,0.31032911905404675,5,40.0,0.6477521009121187,7,131.0,0.22954191290525935,6,110.0,0.1687785449976311,14,154.0,0.07012638938634064,4,115.0,0.1527236934440376,10,469.0,0.2592168170584044,14,601.0,0.207196262213124,136,5709.0
2450.0,140,636.0,1.2495088408644401,3.949043038329577,3,181.0,0.3147468931185032,0,4.0,0.8859161569918711,14,583.0,0.22553933632144574,9,923.0,0.2406328185042483,21,709.0,0.06745644956263257,11,883.0,0.13100912324449646,9,192.0,0.10534046475957949,1,155.0,0.41758935433145195,2,55.0,0.35093257160822405,1,31.0,0.44808427951203916,11,133.0,0.1609080984387159,13,151.0,0.2564640153605747,14,187.0,0.06458148400407872,7,135.0,0.15794576625868043,9,368.0,0.2480315863472058,15,568.0,0.26588011571212433,140,5258.0
2455.0,142,591.0,1.1611001964636543,3.7903113906707007,7,186.0,0.33184134580393054,1,2.0,0.6892214035498115,13,641.0,0.13955755072466883,4,709.0,0.2858378653718119,16,774.0,0.08113132385212503,11,660.0,0.10365461200130903,9,177.0,0.3004761764472347,7,180.0,0.17997052712210077,6,38.0,0.34684527348164135,6,25.0,0.3139204846378702,11,136.0,0.26238222130096456,14,178.0,0.25182018004155365,5,158.0,0.3517527655683439,13,191.0,0.3599653488654731,7,390.0,0.12572825819165775,12,418.0,0.19546304139092913,142,4863.0
2460.0,151,687.0,1.349705304518664,3.8272238149783093,14,243.0,0.20871606846333599,3,12.0,0.48717720110060714,14,700.0,0.10514944798732877,5,619.0,0.17371315762673809,19,835.0,0.1997673112340363,9,465.0,0.16105218053518588,1,90.0,0.5095531037900755,7,162.0,0.3288688693037929,12,77.0,0.37608484838037515,12,77.0,0.17725987046477443,5,130.0,0.26500385239924135,12,171.0,0.12795677026553634,2,154.0,0.5232019127942277,12,213.0,0.33241619793370325,11,439.0,0.09309129664216727,13,421.0,0.10612056539349213,151,4808.0
2465.0,144,784.0,1.5402750491159136,3.870812319250558,14,252.0,0.23140773431354852,0,9.0,0.49290793602137284,10,671.0,0.1397091314533276,6,653.0,0.15882437832081148,14,767.0,0.17695742332799252,1,467.0,0.38140438075632244,3,81.0,0.36641282058046265,2,78.0,0.46583163077285183,15,148.0,0.18257598816818654,13,142.0,0.22290818447367283,8,123.0,0.17676562213874833,15,173.0,0.13342369475520421,8,178.0,0.4306957213576007,11,184.0,0.26109079788853556,14,500.0,0.19929267736054354,10,479.0,0.14306072654415272,144,4905.0
2470.0,143,886.0,1.7338551859099804,4.024568070666459,9,157.0,0.3109168245686781,0,4.0,0.8700101178737749,11,549.0,0.19184528665052017,12,705.0,0.12291780484093046,10,549.0,0.10667661670609048,7,444.0,0.35919579342521457,7,107.0,0.20124499478671845,0,23.0,0.5351702215603673,15,191.0,0.18553481072245515,13,209.0,0.24123209696785242,13,171.0,0.17003037415082975,8,195.0,0.39261682528576736,9,176.0,0.21623549412394044,5,197.0,0.22507368217355878,15,483.0,0.2699122947279231,9,426.0,0.11742132216882731,143,4586.0
2475.0,129,696.0,1.3567251461988303,3.6615338181262445,3,165.0,0.2890070593348879,1,8.0,0.7631234404562898,9,469.0,0.1688140489365167,12,645.0,0.21333403954621802,12,380.0,0.1757308046475088,8,408.0,0.2180135745767197,9,104.0,0.07998983606144579,2,21.0,0.31350859356922056,8,164.0,0.21788086778135182,7,215.0,0.4012904162875959,15,212.0,0.0938183877450644,2,176.0,0.4222015397053964,10,127.0,0.10859383573139204,9,225.0,0.31253869715730703,15,550.0,0.19635009406505047,7,386.0,0.11323038034470578,129,4255.0
2480.0,131,471.0,0.919921875,3.7841589155350364,8,191.0,0.3235660954337722,4,18.0,0.5838446547644875,8,486.0,0.13848105014977147,10,457.0,0.2605071971635611,7,404.0,0.27117425446053245,10,315.0,0.11949367218502624,6,91.0,0.30732888439056893,6,43.0,0.34811204732741957,1,166.0,0.42087282420096417,2,145.0,0.42278487737361736,16,216.0,0.2134383694551901,6,149.0,0.3146544763136941,8,169.0,0.14521027179595766,12,233.0,0.10740470138338169,20,637.0,0.1032364367047316,7,409.0,0.20111234571776854,131,4129.0
2485.0,134,586.0,1.137864077669903,4.140023921389245,9,194.0,0.2640255608786036,0,15.0,0.4469716140947841,9,470.0,0.27785840108021853,10,400.0,0.18829996701477708,11,408.0,0.331113279603248,4,342.0,0.1792751540903384,1,76.0,0.3334289835846444,4,52.0,0.3621805083840237,7,185.0,0.33903155794385853,4,46.0,0.43212976054514257,13,194.0,0.26800981578346833,8,160.0,0.20890434841423774,9,175.0,0.2739739107807861,13,209.0,0.09333703007110158,21,739.0,0.023230684227304378,11,445.0,0.2340650176200035,134,4110.0
2490.0,140,648.0,1.265625,4.08822715220476,7,149.0,0.2471292810043013,2,13.0,0.7816575229026437,16,492.0,0.2025066951287757,9,449.0,0.15396380829262743,17,462.0,0.21917501060379538,9,355.0,0.1888350471746543,7,94.0,0.31683374770229916,0,22.0,0.4891697081526629,9,187.0,0.1847626814026298,2,47.0,0.29358827191530473,7,216.0,0.20212498904142873,9,150.0,0.24515654203736986,11,181.0,0.28814305601602686,4,240.0,0.1733650173314307,18,716.0,0.05340594902914048,13,444.0,0.1614006253628667,140,4217.0
2495.0,142,630.0,1.237721021611002,3.9001606527569055,4,167.0,0.27546050021568314,1,6.0,0.8372308585792783,17,439.0,0.12240465315717627,6,411.0,0.2665656081038567,17,454.0,0.08442530651201852,9,316.0,0.083841204208297,10,110.0,0.14117617281720043,1,22.0,0.4471608348877255,5,145.0,0.28222923532746635,8,55.0,0.4795628043832233,8,229.0,0.2455073547247474,7,164.0,0.2499919934315446,10,151.0,0.135839622926931,9,244.0,0.36881009402744946,14,506.0,0.20111627637618057,16,388.0,0.20249897699757055,142,3807.0
2500.0,151,696.0,1.3864541832669324,4.0286760849228545,9,192.0,0.3071526203682711,2,9.0,0.5629784902130762,17,507.0,0.06366275532679289,2,298.0,0.30675347900349825,20,404.0,0.060294944477370556,8,195.0,0.23943147605093307,8,111.0,0.3386548251558744,7,46.0,0.39911041411871223,0,120.0,0.4652870008687804,8,95.0,0.46854383477968886,9,234.0,0.26691696659168773,11,176.0,0.1922767085130868,13,150.0,0.16087476671265993,14,295.0,0.33982914610871084,14,538.0,0.25637296833251655,9,432.0,0.22920858314648332,151,3802.0
2505.0,143,734.0,1.4650698602794412,3.80974571768035,10,188.0,0.24188563768665583,0,12.0,0.45695982143634994,14,549.0,0.1271988966882861,3,281.0,0.2904483274621762,17,486.0,0.13879010786820187,5,209.0,0.28024308576270374,3,110.0,0.33961512500002267,4,59.0,0.33081157721514165,6,135.0,0.3060478034626007,7,85.0,0.2127201562295097,9,211.0,0.2900625788259741,16,239.0,0.22801175750177027,5,159.0,0.3350243325090529,20,379.0,0.17506564427910476,13,602.0,0.17677033886819737,11,461.0,0.29785208538814517,143,4165.0
2510.0,164,985.0,1.942800788954635,4.116152817617637,9,146.0,0.2907951366236767,1,9.0,0.7820354081054733,15,603.0,0.20199446624489167,7,309.0,0.25749908811510375,14,517.0,0.20213423832272998,7,230.0,0.29581432690580794,8,120.0,0.3933608419530276,0,29.0,0.505690252107629,14,189.0,0.17213781018210997,3,57.0,0.3535915981452576,9,171.0,0.17053984076818354,22,338.0,0.19973202637482546,9,150.0,0.35979133211566766,22,410.0,0.039568647243627686,13,660.0,0.1092658016262248,11,443.0,0.26299502908218114,164,4381.0
2515.0,184,1228.0,2.375241779497099,3.963987206139331,1,118.0,0.35959004429808644,0,2.0,0.810529734827915,16,570.0,0.28475221831836683,16,375.0,0.13515902214852152,9,493.0,0.22082518056813646,14,282.0,0.12098922999195225,14,175.0,0.23400252323354684,3,36.0,0.44097265424507026,14,211.0,0.21066350424544905,2,34.0,0.41100223020986554,9,193.0,0.18266821585694165,28,472.0,0.15031546881389185,14,185.0,0.17304943881390503,20,385.0,0.1023955347331765,13,643.0,0.11031674759217137,11,368.0,0.142705670072682,184,4542.0
2520.0,206,1509.0,2.9822134387351777,3.768167748602785,7,134.0,0.29595011370112695,2,9.0,0.6727214412757785,15,447.0,0.2107645148585788,16,376.0,0.16705083002201895,12,409.0,0.13246988098181606,20,375.0,0.14732542587049108,19,258.0,0.0877509550866966,9,71.0,0.29507498561573553,7,152.0,0.39501517244132045,5,49.0,0.4986274422124269,7,190.0,0.33324146498152546,34,630.0,0.09546573985539404,16,225.0,0.07202980590706268,10,445.0,0.25131419196018256,10,551.0,0.2238395285729694,17,409.0,0.15374957489693689,206,4730.0
2525.0,183,1480.0,2.9365079365079363,3.3831325943824475,8,136.0,0.2713675219262364,4,29.0,0.40628567834117696,15,483.0,0.1078291703345791,14,307.0,0.2192709023608309,13,324.0,0.11392079368456343,19,389.0,0.09162035518570365,19,359.0,0.05398802869559836,5,81.0,0.17558594691977117,3,155.0,0.3312833685476362,1,44.0,0.5614293251907534,9,192.0,0.29953694848913354,30,713.0,0.04275351995899071,9,215.0,0.16153147170136697,10,472.0,0.27890761091520266,9,461.0,0.2915500512935097,15,463.0,0.14481094209914727,183,4823.0
2530.0,136,1042.0,2.0471512770137523,3.890865681371198,4,91.0,0.35252693857471795,0,22.0,0.5966562868042721,11,538.0,0.16186794708857244,10,352.0,0.2587608145799541,5,340.0,0.19089755075193685,14,341.0,0.22439401631215916,13,375.0,0.3582006162137104,2,50.0,0.3205541344559069,8,180.0,0.284580773356495,1,15.0,0.4398730946221739,10,219.0,0.13449098058747025,25,695.0,0.09253286624768521,3,217.0,0.45905373284341067,9,445.0,0.11794668990591009,5,435.0,0.2722581317383804,16,494.0,0.12892832585403852,136,4809.0
2535.0,133,793.0,1.5796812749003983,4.212827703934464,2,54.0,0.4337944677264307,0,2.0,0.8105965550841188,15,607.0,0.22527588457531145,10,393.0,0.1559375192360486,7,329.0,0.22148256225088603,10,265.0,0.33663785252234507,5,291.0,0.43173001053119914,2,35.0,0.6484054544438411,9,171.0,0.1981810442242519,2,23.0,0.31108852618352245,13,263.0,0.07820894519957357,15,742.0,0.22560979333490117,8,226.0,0.35545071736937583,12,370.0,0.13223708537168521,5,455.0,0.18642467229899304,18,489.0,0.10927529032954417,133,4715.0
2540.0,152,794.0,1.55078125,4.2919069503691585,3,49.0,0.45469819369686965,2,5.0,0.6258956570890462,17,602.0,0.26810380712707566,10,382.0,0.12074801585302063,13,367.0,0.26213389363563344,3,288.0,0.2658301650226468,5,279.0,0.29687918019736304,4,48.0,0.653830157016409,7,131.0,0.3092250734894627,8,51.0,0.49159097100749755,17,310.0,0.09794738286375446,12,780.0,0.25419713582447295,15,284.0,0.12309075320109511,5,336.0,0.28122323570871605,12,498.0,0.26236782667594455,19,424.0,0.1711344982446322,152,4834.0
2545.0,160,892.0,1.7253384912959382,4.251980917685261,8,74.0,0.3264727834832869,5,24.0,0.5229674196579726,11,508.0,0.2534479801721571,7,307.0,0.34331281499349064,14,373.0,0.23010004387147856,6,321.0,0.22113421394579957,10,314.0,0.193104418561602,8,72.0,0.20490112094197516,2,120.0,0.40991148639836666,2,51.0,0.544384890418662,18,330.0,0.16123152993924034,14,835.0,0.17050441350323456,20,378.0,0.04110546866552131,5,334.0,0.33449783722548426,15,490.0,0.22476333712218924,15,483.0,0.22571724635502174,160,5014.0
2550.0,172,1004.0,1.9647749510763208,3.4384056038100765,8,87.0,0.2611048851288979,1,22.0,0.38430014761497744,10,486.0,0.17103157807829267,7,277.0,0.34675500931340175,13,312.0,0.16824277208747135,13,374.0,0.27135419175441744,12,306.0,0.09756481499331737,11,129.0,0.09115053994673573,7,143.0,0.2481908240871035,1,23.0,0.3628348949543177,17,331.0,0.1807389472716489,21,929.0,0.07673084088006896,14,395.0,0.2506079992707718,12,384.0,0.16907590861617322,14,486.0,0.09012637227337676,11,492.0,0.2672374517880407,172,5176.0
2555.0,159,866.0,1.6881091617933723,3.6053788531302415,3,66.0,0.3958885352343893,2,15.0,0.7096898179470774,9,534.0,0.1703807181803306,7,304.0,0.29569465916842347,12,340.0,0.12587615154123108,13,384.0,0.2958700013623296,10,241.0,0.29173514363508973,5,120.0,0.48866006939926887,10,145.0,0.17907349258153601,4,30.0,0.35976581803752405,15,386.0,0.07905119278336052,21,932.0,0.16592380281345795,5,308.0,0.3981195234488025,13,381.0,0.17536786228734308,14,542.0,0.07680898476218197,16,540.0,0.20078997918503766,159,5268.0
2560.0,147,686.0,1.3477406679764243,4.270037879993366,4,41.0,0.5413191613627053,1,8.0,0.7468678147729314,11,509.0,0.13837741523902064,7,288.0,0.20793459864147343,13,403.0,0.22157936289295277,13,305.0,0.24583049820191358,3,223.0,0.3792782067323862,0,58.0,0.6548146021597028,9,117.0,0.25081206343652107,9,64.0,0.49061709271864484,14,437.0,0.10913411072634217,17,836.0,0.24645737958961098,2,140.0,0.4857711471904115,10,314.0,0.2837573919217755,15,589.0,0.18762004689482303,19,535.0,0.059860051377587147,147,4867.0
2565.0,123,607.0,1.1901960784313725,4.035566940395187,1,36.0,0.37545714278848635,4,19.0,0.6143690012956132,9,430.0,0.19158027180960413,6,191.0,0.1931336993648219,8,393.0,0.2781663980737583,6,323.0,0.20471688819205522,7,233.0,0.18568302442443682,2,62.0,0.2592322241413402,5,90.0,0.36678901765619953,3,63.0,0.4824797158086574,14,436.0,0.09733168607967568,12,822.0,0.1937846721066155,2,143.0,0.37858484826894007,9,343.0,0.24350249191340134,14,570.0,0.1893682930919134,21,479.0,0.12404692913999313,123,4633.0
2570.0,133,529.0,1.0212355212355213,3.7627639547905063,8,48.0,0.37944875923233795,3,19.0,0.3162253920662966,5,411.0,0.2592077549469374,3,205.0,0.27186844844243496,6,294.0,0.17733256732964056,8,343.0,0.21654387242519266,15,294.0,0.07074700519528576,9,99.0,0.06896435849518966,3,84.0,0.336318091054315,2,37.0,0.4079165385131667,15,505.0,0.17275680018116663,10,879.0,0.13741308747867478,8,167.0,0.14578769015762066,11,393.0,0.14143188274348978,14,516.0,0.09180682885592467,13,548.0,0.2465256081954149,133,4842.0
2575.0,146,638.0,1.2412451361867705,3.8649564853286824,6,64.0,0.3861793318695201,7,35.0,0.35177508923032963,9,405.0,0.2696784777735466,7,219.0,0.29618532687742744,4,290.0,0.1450061548728459,9,336.0,0.24935174632249998,14,294.0,0.21194648128504442,6,106.0,0.34996986224515925,9,92.0,0.3142806279851981,4,25.0,0.4554364476105727,15,561.0,0.16730965839807138,13,931.0,0.2338420515193303,9,157.0,0.2978829515218974,11,384.0,0.12360821315392574,14,580.0,0.09848284234702076,9,571.0,0.19606399268303892,146,5050.0
2580.0,129,631.0,1.2569721115537849,4.047525853575683,4,41.0,0.42329730628508755,4,52.0,0.5227349959340966,8,373.0,0.14747933850600278,13,272.0,0.16096455570762147,8,310.0,0.23537800677867865,8,272.0,0.2462018356893182,9,209.0,0.37195923568193684,0,47.0,0.7489943768009723,11,120.0,0.19673788120393076,2,21.0,0.31042275251648016,19,622.0,0.08249721083558367,13,900.0,0.2352708090070279,0,93.0,0.5349322486435426,7,268.0,0.15749764014727682,13,627.0,0.208005137850196,10,533.0,0.10738610690687529,129,4760.0
2585.0,153,840.0,1.6699801192842942,4.275767520683713,2,34.0,0.4456710612875072,4,34.0,0.6204605599867727,10,280.0,0.2391111762753087,19,355.0,0.12716764040610257,13,358.0,0.2771539573357176,6,284.0,0.12882937757391888,8,241.0,0.18311475229614727,3,13.0,0.6986626923637592,9,119.0,0.40757483246614284,8,35.0,0.48905635689271254,22,728.0,0.06380761296640446,12,714.0,0.13292047277054791,1,71.0,0.4874241269089959,7,293.0,0.2351519848170548,17,698.0,0.27011949987702777,12,448.0,0.09037888677792438,153,4705.0
2590.0,162,1120.0,2.217821782178218,3.5663103161082086,7,42.0,0.4440166087611623,4,35.0,0.3383679039444847,3,266.0,0.2937959603281874,26,473.0,0.040919516602181384,14,359.0,0.15365827278114302,9,301.0,0.1770652098840852,8,282.0,0.13185043688081843,1,12.0,0.291565655926965,5,92.0,0.32926264771551933,4,52.0,0.4655788835421563,29,857.0,0.12415336709604054,9,763.0,0.14992310318249324,7,95.0,0.2775762539158083,9,334.0,0.2647817676718709,18,682.0,0.1763369578243552,9,482.0,0.1322455805110628,162,5127.0
2595.0,194,1397.0,2.766336633663366,3.465017036780964,9,85.0,0.3259028497222435,10,60.0,0.26931060226674924,8,278.0,0.25221953338571645,31,623.0,0.10454822775922827,14,308.0,0.09835722217544833,12,299.0,0.24976413152014207,7,272.0,0.24433671401413792,6,28.0,0.21282471863089739,4,90.0,0.33191900638878835,3,39.0,0.35728905864497323,29,895.0,0.1735527116009532,8,789.0,0.2858547427090117,7,94.0,0.07697739258041299,15,398.0,0.1789342213906081,22,576.0,0.06766195319591418,9,483.0,0.2910580880689981,194,5317.0
2600.0,176,1457.0,2.89662027833002,3.5493183426596104,6,89.0,0.3814090411940897,5,70.0,0.3151323947935811,10,262.0,0.1421899533789327,32,785.0,0.18494617992598103,15,355.0,0.11487294676646383,12,248.0,0.2401964463799308,4,205.0,0.40397691988822815,1,32.0,0.42162633818903134,7,75.0,0.2853500455160857,0,26.0,0.33853454051335785,24,824.0,0.163017713272786,9,727.0,0.34093624763977143,0,62.0,0.4871033750104612,20,493.0,0.07463697940770657,20,671.0,0.07780695351073683,11,447.0,0.2291781291016591,176,5371.0
2605.0,177,1473.0,2.9284294234592445,3.7513965837027623,1,50.0,0.511676536518078,3,48.0,0.5793301835300354,13,259.0,0.16117050184890977,28,832.0,0.13276504297039446,13,403.0,0.2399004414082207,8,223.0,0.14361753371092184,5,221.0,0.1741337076941671,4,26.0,0.5823743926563414,13,125.0,0.3835761786471437,7,31.0,0.2941509118259859,20,680.0,0.12619795084696073,8,513.0,0.18180377240547907,1,57.0,0.6003044469440968,29,622.0,0.12946946318414096,15,729.0,0.1295673679178145,9,352.0,0.12077816271899186,177,5171.0
2610.0,163,1396.0,2.7975951903807617,3.604542732934089,2,43.0,0.4687111756351835,1,36.0,0.5659636666411394,11,303.0,0.12494927656435342,24,763.0,0.07094400426303993,9,384.0,0.2619350226114042,7,224.0,0.21233720869534625,10,262.0,0.13890577824289035,2,27.0,0.15800641845548033,7,136.0,0.3017341967896345,8,55.0,0.21754685551221387,16,700.0,0.20597911602736557,10,322.0,0.15168701297259293,8,78.0,0.5268664987227947,33,781.0,0.14558588703407271,9,679.0,0.09545956661673781,6,375.0,0.1326937125848083,163,5168.0
2615.0,169,1438.0,2.841897233201581,4.033614804223047,7,66.0,0.3946456478995162,5,44.0,0.31708648077791,12,331.0,0.2355248404732837,13,803.0,0.17618505092890194,9,315.0,0.18948254189563418,13,273.0,0.30234497580837033,11,257.0,0.2287690007171068,7,48.0,0.13979821959724886,5,100.0,0.28082425329643845,3,56.0,0.4990144417807044,9,729.0,0.3159849115558529,5,339.0,0.30545815407596233,14,133.0,0.24046686347764684,36,958.0,0.08337790855016494,10,565.0,0.14692203463166395,10,405.0,0.16648508638400886,169,5422.0
2620.0,179,1573.0,3.108695652173913,3.9417308774398725,11,115.0,0.35040308036413376,4,46.0,0.3664207312714796,19,411.0,0.1979728657200658,12,854.0,0.22882615315501104,8,354.0,0.11240044266461052,20,354.0,0.20308232325040174,7,198.0,0.3132107910535199,1,47.0,0.6276093077494224,5,116.0,0.3053245420871518,1,48.0,0.45913801539698207,11,729.0,0.30831041068073023,7,331.0,0.38118035456142324,19,218.0,0.019295660893861203,31,1002.0,0.029112193464031988,7,470.0,0.25614206382423305,16,470.0,0.2015792159748914,179,5763.0
2625.0,195,1745.0,3.4760956175298805,4.011275008981292,7,119.0,0.3520012060933284,1,24.0,0.4719211906191311,25,530.0,0.10602956699306999,13,912.0,0.16265538470394902,10,397.0,0.10512109194384076,23,381.0,0.08765429502394491,2,180.0,0.3664601711095622,0,15.0,0.8407209335391429,10,151.0,0.35140842373265935,6,55.0,0.2546261649395134,17,763.0,0.19885888355298542,14,369.0,0.1836605170532699,25,342.0,0.155886540501177,22,914.0,0.1881991829606617,5,460.0,0.34696599321819666,15,467.0,0.28107814319827296,195,6079.0
2630.0,207,1905.0,3.772277227722772,3.738218655372431,2,66.0,0.46409922246415447,3,29.0,0.5611007380874493,27,669.0,0.09552132995983321,21,1003.0,0.04932305210747377,16,466.0,0.20655594644028472,19,335.0,0.07975096590143879,7,201.0,0.40333703792103653,1,6.0,0.6100569008784131,9,160.0,0.2536964813741217,7,74.0,0.2799878143055042,20,755.0,0.07653122019441863,14,354.0,0.08704760488415503,21,444.0,0.20765394854848154,15,986.0,0.22081795242041974,10,471.0,0.2857674837107252,15,344.0,0.22398987464709733,207,6363.0
2635.0,181,1659.0,3.2339181286549707,3.863836737213772,1,46.0,0.5425739566606098,4,47.0,0.6419890017453589,26,696.0,0.15939435907139524,20,993.0,0.19939312423740319,17,480.0,0.20200763350524875,5,356.0,0.2003949884968651,7,193.0,0.3062056657630949,5,28.0,0.2954050745302427,6,117.0,0.2796767889621279,4,53.0,0.5216629618965987,21,669.0,0.10091448325618031,11,236.0,0.35017128278069376,21,529.0,0.2284405721856441,12,1051.0,0.13877496698116729,13,456.0,0.1350519260892588,8,363.0,0.14293636441444435,181,6313.0
2640.0,165,1228.0,2.4220907297830374,3.685506984522253,7,65.0,0.37858809416203093,8,78.0,0.32689771994583045,19,627.0,0.26014699216619236,13,866.0,0.3155907034768369,16,420.0,0.14035360153969031,8,358.0,0.31580993982306554,6,144.0,0.11912472286146043,2,34.0,0.37592511224189484,3,120.0,0.283764536125895,6,49.0,0.5111783050435538,15,699.0,0.20837864592779332,6,215.0,0.3229460625212914,17,546.0,0.08947346235108881,11,1004.0,0.13188181955508388,18,539.0,0.07322726100107269,10,410.0,0.17104373158319272,165,6174.0
2645.0,154,902.0,1.7651663405088063,3.947697945985118,4,66.0,0.4004451002208997,6,86.0,0.28930294838147175,15,706.0,0.1703966970591544,15,936.0,0.1311684732073128,16,458.0,0.1069861521233106,7,339.0,0.35001042196895216,3,146.0,0.21784909023522664,0,14.0,0.6489785811827611,8,148.0,0.23213385596237407,3,50.0,0.3357009795468758,12,735.0,0.22229934179272712,7,231.0,0.24746767135413175,16,483.0,0.2501002093090456,8,851.0,0.16268220492315458,21,632.0,0.1348344965308522,13,463.0,0.26110866709466257,154,6344.0
2650.0,141,698.0,1.3767258382642997,4.23151876133489,2,31.0,0.4862127436014991,2,43.0,0.6007848678308202,13,782.0,0.10928998203651207,14,1004.0,0.0930664719481493,13,530.0,0.21222314765781577,4,267.0,0.28849861672369537,8,166.0,0.3927670803255658,2,14.0,0.5761595950010379,8,150.0,0.40893204448753806,6,38.0,0.3758154728195924,11,685.0,0.12733784304406304,6,206.0,0.17713200336434365,8,524.0,0.30534294688873376,8,894.0,0.21937841419060744,19,694.0,0.15664283086991396,17,498.0,0.21482295161263984,141,6526.0
2655.0,147,833.0,1.666,3.869988939527879,3,35.0,0.3860065049857076,4,45.0,0.4576211068604272,11,745.0,0.2218585087384677,17,1078.0,0.09907575634231211,9,505.0,0.3087078140515577,6,178.0,0.18160855449155136,8,169.0,0.3008119598940631,5,38.0,0.36640115383499366,2,92.0,0.34761650751916073,6,61.0,0.4994836511201145,10,551.0,0.14012739475919295,6,163.0,0.27224758084492406,10,558.0,0.2193294838070924,10,939.0,0.30207033006810385,23,779.0,0.07793664771894754,17,414.0,0.0864298385743625,147,6350.0
2660.0,161,1012.0,2.011928429423459,3.305217151450378,10,70.0,0.3472153950249027,9,80.0,0.2706622589840984,8,622.0,0.2446106550536689,25,1185.0,0.11787328783228512,8,412.0,0.2729773937541183,9,204.0,0.27265372869139654,9,131.0,0.15798245911294367,4,38.0,0.3309299915373081,2,94.0,0.30167933742719427,0,50.0,0.623163872077036,4,514.0,0.2306188971609536,4,170.0,0.25980409803911964,11,528.0,0.09622578275537644,16,1002.0,0.2582246833928417,30,917.0,0.025887543054067076,12,481.0,0.11127774824443477,161,6498.0
2665.0,175,1222.0,2.405511811023622,3.5915684985705747,12,125.0,0.3255634093144808,7,95.0,0.3272717584682814,8,623.0,0.16104077189400812,25,1179.0,0.17797265666974413,7,437.0,0.13964703067892068,9,213.0,0.3280158332128711,6,140.0,0.1539213614207026,0,15.0,0.6016730325391927,9,128.0,0.240309305568482,0,4.0,0.5489812233389628,9,516.0,0.26698731200028025,10,200.0,0.2733623963975061,10,427.0,0.22114421786420962,22,1101.0,0.1309544412904726,32,956.0,0.13988450571144315,9,514.0,0.22572309926146428,175,6673.0
2670.0,178,1383.0,2.690661478599222,3.983355254155205,14,192.0,0.24664657230803577,2,54.0,0.3988134512231829,6,669.0,0.1291632146975523,20,1037.0,0.2996992348632007,10,464.0,0.12112095909544178,13,250.0,0.22568106220270565,6,154.0,0.2917443585918073,3,16.0,0.2750775552685216,9,134.0,0.41144062017260713,2,10.0,0.40899872538731513,15,564.0,0.2084145192490272,11,201.0,0.11922315691449242,7,457.0,0.25268878354483515,28,1230.0,0.021924777885516982,22,810.0,0.26648815326857167,10,476.0,0.24373693147171036,178,6718.0
2675.0,187,1484.0,2.870406189555126,3.882688461824211,15,267.0,0.26847830232608194,2,35.0,0.3941221491166244,13,723.0,0.2072830928895373,13,990.0,0.2339100650703899,9,442.0,0.11523666352037747,17,270.0,0.09010835704397432,14,206.0,0.17679314332076007,5,40.0,0.20174810282632413,3,84.0,0.3950195606171084,5,33.0,0.5848039058136707,15,531.0,0.15009803570155644,10,171.0,0.14972139291493164,10,474.0,0.1979850105295349,29,1238.0,0.1332308386138415,15,661.0,0.262708891515503,12,388.0,0.15051923091303315,187,6553.0
2680.0,165,1281.0,2.5316205533596836,3.7224430692646533,18,351.0,0.27827608723362085,4,44.0,0.4777389145459023,19,805.0,0.2172621142427849,10,1042.0,0.19607364972880373,14,368.0,0.09860510959039077,12,230.0,0.254179720471999,15,231.0,0.16899045969052212,0,36.0,0.5543468840626571,2,81.0,0.30391600995453694,0,28.0,0.6609735456495729,15,419.0,0.1464185975698554,2,170.0,0.40609161026541707,14,488.0,0.11333250309304489,20,1030.0,0.21841922772968542,12,685.0,0.17892345988619082,8,418.0,0.11340636105836804,165,6426.0
2685.0,153,1041.0,2.098790322580645,3.4524316998932365,13,357.0,0.22873878875621656,1,30.0,0.5079967586467686,20,795.0,0.06980067545550435,8,948.0,0.18020426767248265,11,417.0,0.11161438278497776,6,161.0,0.26710580633492176,13,217.0,0.1301695124186953,0,4.0,0.865405423006289,8,110.0,0.2267992062218085,2,8.0,0.47037208889714943,11,429.0,0.1438070735635951,6,178.0,0.31103839686495827,18,572.0,0.16363388650850377,14,1107.0,0.14516743327389342,12,736.0,0.16766918698185343,10,440.0,0.21661360430295876,153,6509.0
2690.0,164,922.0,1.840319361277445,4.0212462793969275,8,254.0,0.30182418328260424,2,13.0,0.7086760135663313,21,898.0,0.0556762427046777,8,742.0,0.2698122741047697,12,439.0,0.23101178200428787,2,151.0,0.4296510192504191,11,244.0,0.13011504543595942,0,4.0,0.8445019460709181,9,115.0,0.338459906639788,2,12.0,0.42577461725370225,13,483.0,0.1374193874113439,13,228.0,0.15245511527246697,22,656.0,0.1592355678109305,12,1175.0,0.11889955355192548,13,765.0,0.28612388508762904,16,496.0,0.23431902770441337,164,6675.0
2695.0,165,1109.0,2.191699604743083,4.103645488143294,2,231.0,0.3830388718666103,0,7.0,0.7852363566833949,18,990.0,0.1671054829067813,4,693.0,0.23854619767826732,11,417.0,0.24675708502420446,7,133.0,0.25441906820845966,11,292.0,0.2233149904525775,1,5.0,0.46267477083638475,4,85.0,0.28172275472128855,4,30.0,0.6237039491786136,15,551.0,0.11698559362404855,20,320.0,0.04316908746652616,23,762.0,0.09472420342192647,14,1240.0,0.21846086996878633,14,712.0,0.24937342612035532,17,502.0,0.21688414468003103,165,6970.0
2700.0,186,1315.0,2.583497053045187,3.8213791564325654,8,254.0,0.3095775877273122,2,6.0,0.5135994940279023,17,1076.0,0.20094798894812305,7,707.0,0.18633671051601336,10,309.0,0.12898407369270778,12,183.0,0.2681410301318142,14,351.0,0.2650455626327115,3,18.0,0.5852980062600076,2,72.0,0.3256503379143121,1,22.0,0.6552860011079191,15,520.0,0.20767897613884892,18,357.0,0.23273343835443872,27,894.0,0.04749537859756191,15,1171.0,0.19772628458241154,16,588.0,0.11807327919346122,19,552.0,0.14754408288018053,186,7080.0
2705.0,198,1590.0,3.18,3.4532574295420573,9,229.0,0.26609591746208067,0,10.0,0.40632539918792127,22,1170.0,0.09264875195664259,9,619.0,0.06733952848528396,12,250.0,0.14663161585307313,18,269.0,0.2158414178439098,21,436.0,0.1916886512951944,0,11.0,0.6919271722239921,7,91.0,0.2692155291503374,3,10.0,0.49431939701344585,13,413.0,0.23333543555678116,8,298.0,0.3993104159603666,30,1038.0,0.171610382303131,14,817.0,0.10630300899178978,13,641.0,0.08476589631443877,19,632.0,0.06333643837788958,198,6934.0
2710.0,200,1804.0,3.5652173913043477,3.7993628562197155,5,139.0,0.3342382436704998,2,10.0,0.6519610239895186,29,1301.0,0.029753809444216437,7,428.0,0.1186821112859939,8,263.0,0.2897984507260419,23,376.0,0.1779196990380545,27,562.0,0.18286162794631944,0,0.0,0.5960411971164533,8,97.0,0.4189938449462956,3,14.0,0.3557475968772569,13,326.0,0.14723116866705407,7,322.0,0.2066624378496877,28,1041.0,0.17258832041672245,12,633.0,0.21362332799536818,12,672.0,0.1216016855822291,16,702.0,0.0951507993566235,200,6886.0
2715.0,166,1670.0,3.3669354838709675,4.089486976129586,4,153.0,0.3193397021974773,0,6.0,0.7234863962862811,28,1298.0,0.024809030506873685,2,390.0,0.2272210537532758,7,240.0,0.30686178769187217,22,430.0,0.26168608851329356,25,622.0,0.15701271767732974,0,6.0,0.40653832158205194,3,67.0,0.4303030617568213,4,28.0,0.6306956959364907,7,373.0,0.21069843870694832,9,364.0,0.11061819919982235,22,891.0,0.11111975927504668,1,637.0,0.37069068507857184,12,630.0,0.11019421944011835,20,791.0,0.19550479819491362,166,6926.0
2720.0,167,1425.0,2.890466531440162,4.067707029945171,10,185.0,0.2833006505381765,2,8.0,0.4960523014367347,18,1120.0,0.1022712778053729,7,416.0,0.3962411137443399,14,270.0,0.19257556131629786,14,387.0,0.24955412061180723,16,581.0,0.15605994625680378,0,8.0,0.8722424060475977,3,53.0,0.34212176380848297,2,23.0,0.6165779832499337,8,393.0,0.3237361437302223,13,383.0,0.22994558334629772,13,909.0,0.12785181729573805,8,640.0,0.3300206607078832,13,650.0,0.17069299072858224,26,910.0,0.12564315106523136,167,6936.0
2725.0,179,1379.0,2.797160243407708,3.5517961282089345,15,250.0,0.2335383056149492,0,7.0,0.4998239731197505,11,1056.0,0.23889911716049592,8,358.0,0.3981081380400626,16,288.0,0.08928253634506172,7,403.0,0.22743069522153336,15,650.0,0.09558671532985623,0,6.0,0.9371339634687358,7,75.0,0.2699235577876009,3,18.0,0.5719953731815193,11,374.0,0.3145679559728417,16,452.0,0.20963536283791595,9,953.0,0.24790733761100026,13,692.0,0.08138008757244682,14,692.0,0.15790559119955813,34,1065.0,0.025307326055699055,179,7339.0
2730.0,189,1478.0,2.9738430583501008,3.4338408504938687,20,340.0,0.1966420808995203,3,10.0,0.4406413471724692,8,1105.0,0.3138953263835455,6,240.0,0.273533338773324,17,256.0,0.19882949673782666,7,427.0,0.2955605462621181,11,699.0,0.10443547278661447,1,6.0,0.5316359407992283,8,85.0,0.3830844781427631,2,19.0,0.3830537010201892,7,296.0,0.23274680059643074,21,543.0,0.07863592238873315,13,1008.0,0.25878382043725756,19,783.0,0.03762430054319788,15,730.0,0.08122104550171358,31,1102.0,0.0610835014064619,189,7649.0
2735.0,189,1707.0,3.386904761904762,3.3746013499105167,22,448.0,0.1840901648771019,0,7.0,0.5776488367847266,8,1000.0,0.27217748189103697,3,261.0,0.14254165809765637,14,318.0,0.25832295094232516,15,485.0,0.1736604545274942,10,660.0,0.13861780557172576,2,11.0,0.29526025472543355,2,49.0,0.3762379826189288,4,28.0,0.6330916560085007,5,313.0,0.15916481908355834,25,664.0,0.02740750083508207,20,1087.0,0.10362361135401088,18,734.0,0.21361845917358802,20,824.0,0.05247708248999159,21,978.0,0.2086939900033875,189,7867.0
2740.0,194,1906.0,3.789264413518887,3.6445340544573446,20,463.0,0.21354911791988088,0,2.0,0.8402600418988909,8,778.0,0.2549807763595816,8,284.0,0.2813979168375423,14,364.0,0.1807453670294773,17,484.0,0.03969891202759753,6,473.0,0.1379177006021634,2,21.0,0.7340038287052254,2,42.0,0.36400714412479196,0,20.0,0.6413763866779446,10,342.0,0.15910858093924013,30,808.0,0.1306776771020012,27,1207.0,0.024375336541176976,9,532.0,0.3346397149027097,28,949.0,0.1251870491569648,13,944.0,0.2300696383607498,194,7713.0
2745.0,188,1788.0,3.6121212121212123,3.561482050976227,12,386.0,0.23169667680500142,0,4.0,0.8907602840259956,6,805.0,0.1612620635369528,12,260.0,0.11307551569139287,16,428.0,0.1411307994830929,18,427.0,0.08237775110476275,3,492.0,0.19669075821134138,0,8.0,0.8910133029250609,8,68.0,0.2200388636968038,3,12.0,0.49523342392315733,17,378.0,0.09053716310981888,28,850.0,0.20983425887571658,23,1182.0,0.20098940174200233,3,514.0,0.24911357006033202,33,1106.0,0.1492871294317991,6,766.0,0.15250612112689185,188,7686.0
2750.0,174,1627.0,3.254,3.684359732057641,9,274.0,0.319309372561732,0,4.0,0.8805949997784185,10,823.0,0.12481465443401944,10,187.0,0.27908507655028664,17,436.0,0.09833967083318092,7,472.0,0.17274829806369796,7,522.0,0.2530503955256847,2,6.0,0.4840369636305608,7,83.0,0.34333190798388474,2,15.0,0.37714493718182734,21,476.0,0.04021801977154117,20,771.0,0.1899308258871843,13,1005.0,0.2993182677407791,9,551.0,0.27506646589134687,36,1278.0,0.06857940878108063,4,768.0,0.18385321883131786,174,7671.0
2755.0,179,1753.0,3.5271629778672033,3.4807759115768917,3,270.0,0.3502038370777245,3,8.0,0.6120355114839457,13,750.0,0.11497787760861646,4,207.0,0.2539101598105976,17,381.0,0.20693685343403176,8,483.0,0.28145576085675994,13,574.0,0.25770805260482677,2,13.0,0.18233661739788548,1,41.0,0.5284749278572037,3,21.0,0.6886186734726675,21,563.0,0.03532510828817656,18,824.0,0.13022735734833754,15,1067.0,0.15524262580998516,14,613.0,0.20470250589146577,36,1460.0,0.010976529420441678,8,784.0,0.13946413011858466,179,8059.0
2760.0,205,1879.0,3.8113590263691686,3.2628959372132647,9,284.0,0.31866769520379357,6,30.0,0.25618205617624257,13,569.0,0.23108110108954247,9,220.0,0.2752166315604368,16,441.0,0.1833841501902467,16,549.0,0.22603818599712952,16,566.0,0.0720945576714414,2,18.0,0.5643942175647231,1,31.0,0.4229097433578847,1,14.0,0.6916316253260867,27,665.0,0.13169597210910114,14,893.0,0.17972569381032819,14,1140.0,0.11377498004599018,21,704.0,0.17990825185719958,30,1472.0,0.1179479168290951,10,724.0,0.09211702578684923,205,8320.0
2765.0,206,1957.0,3.977642276422764,3.3761518291808783,10,276.0,0.23214103366250902,11,80.0,0.2563993140004471,7,549.0,0.2141049370506183,11,198.0,0.07588314272978654,13,493.0,0.14202019235492258,22,640.0,0.09909268287733608,15,450.0,0.10647400109829071,1,11.0,0.8201962385505615,5,49.0,0.42270908593080664,4,18.0,0.5548275896484154,30,808.0,0.1521401570976858,15,934.0,0.18910475731742765,10,1054.0,0.24542363249425048,20,687.0,0.07010255500697118,24,1303.0,0.1944137832503701,8,675.0,0.3030932426082252,206,8225.0
2770.0,181,1582.0,3.189516129032258,3.5266694283654454,9,208.0,0.29563840195570135,12,139.0,0.39929335644971853,8,552.0,0.14662024612625915,13,174.0,0.11932863841389725,10,481.0,0.1534343988121354,23,671.0,0.05931106517441553,6,451.0,0.3032481060188671,3,19.0,0.4970231292144158,1,36.0,0.49291410913769035,3,22.0,0.3510640167857417,28,850.0,0.0796936047769407,18,909.0,0.1457273618627463,8,843.0,0.274684991488894,14,537.0,0.2289430198719964,16,1323.0,0.11449260496532422,9,706.0,0.25198215620366105,181,7921.0
2775.0,156,1266.0,2.5524193548387095,3.6874509427878155,4,228.0,0.2551640056957631,12,199.0,0.28017968581978675,14,602.0,0.15082430869056374,5,204.0,0.15163481819199817,8,389.0,0.22263724086472517,15,575.0,0.23738516261377657,7,452.0,0.3947460228696799,3,27.0,0.20889698620703362,3,11.0,0.43772052670950296,5,32.0,0.544689406921728,26,792.0,0.09432747723657608,18,785.0,0.17567175853116535,5,600.0,0.27471959276266816,4,502.0,0.29227918881311493,15,1400.0,0.10104409229214628,12,751.0,0.13855351739345442,156,7549.0
2780.0,162,1076.0,2.195918367346939,3.442535590251865,9,251.0,0.2715141587672597,11,211.0,0.2245042611025715,21,693.0,0.01715183493829236,10,218.0,0.2417055932025671,3,375.0,0.18640772503873598,10,427.0,0.31147938227025646,8,396.0,0.3237464703463144,7,39.0,0.3702536485033769,0,9.0,0.5647083412764262,1,28.0,0.5649450797985108,22,872.0,0.18795107295553717,18,858.0,0.11090183776304101,7,430.0,0.22132208315102403,7,506.0,0.2687685490182035,9,1298.0,0.11581616641145889,19,840.0,0.07681356865049302,162,7451.0
2785.0,159,1041.0,2.0945674044265594,3.7878769209302785,13,236.0,0.22776435025079386,5,168.0,0.32337644025562884,28,822.0,0.02883171986816284,16,286.0,0.31736042242318485,9,380.0,0.15210502964988462,5,346.0,0.3097454065824744,8,267.0,0.18378292298913282,3,49.0,0.5857714050575035,0,4.0,0.8589482358957506,3,12.0,0.5276632659396986,14,935.0,0.19546769567327818,12,891.0,0.13060816214437565,5,457.0,0.3519318556709743,13,553.0,0.16518754155048188,6,1040.0,0.18269065951230182,19,824.0,0.22058985164384742,159,7270.0
2790.0,162,1142.0,2.3070707070707073,3.71347084328628,12,177.0,0.24515093527774925,1,147.0,0.4535798001913783,23,812.0,0.10773451384958203,19,378.0,0.2928748326339734,14,437.0,0.10701149883536722,4,332.0,0.2286222246328981,9,295.0,0.09973665007248336,2,31.0,0.6059665873097653,0,2.0,0.8387949377566873,2,13.0,0.3753481564481323,16,962.0,0.14946282780817044,12,825.0,0.12705876174388453,9,472.0,0.2925131838743022,19,638.0,0.050182157742688305,5,854.0,0.2903104048079398,15,689.0,0.2576221345304464,162,7064.0
2795.0,180,1428.0,2.8277227722772276,3.6731379227433907,2,171.0,0.28346783692747435,8,165.0,0.34484681080437335,18,666.0,0.18561769880952902,19,473.0,0.31519896690808247,13,441.0,0.07578876846933676,10,358.0,0.17896657800196666,9,318.0,0.12671171168798626,2,22.0,0.40931079939752957,3,6.0,0.588069558691636,3,22.0,0.6850241883678022,24,1054.0,0.07550898765829885,8,673.0,0.2349791443833275,14,499.0,0.20322694298468405,27,759.0,0.13338584754832739,7,884.0,0.32849180098315234,13,709.0,0.14948789316534528,180,7220.0
2800.0,217,2007.0,3.9585798816568047,3.678539428747292,9,173.0,0.33482665362218433,8,154.0,0.1981212328751871,16,751.0,0.2801143448779747,21,571.0,0.06585011818169742,12,373.0,0.18335404435769523,16,435.0,0.17539188084189486,15,364.0,0.0826141790805285,7,39.0,0.4399819010467623,4,27.0,0.4341074130948899,1,11.0,0.7429982742120715,29,1187.0,0.13301167132148978,5,507.0,0.32543604653820185,20,585.0,0.12868947527636448,32,911.0,0.16528943805767662,12,928.0,0.33081934863836143,10,762.0,0.09560805164946422,217,7778.0
2805.0,229,2249.0,4.427165354330708,3.5755367976340473,13,232.0,0.18061233479943126,6,105.0,0.28792122744892745,12,814.0,0.2774302691127283,20,583.0,0.06279721916505754,9,254.0,0.3314881908572358,24,542.0,0.1943956002354746,17,353.0,0.09401633715747579,7,78.0,0.40196330849854367,0,22.0,0.6261653066196231,3,12.0,0.6623808975626511,30,1206.0,0.21537871916179696,1,446.0,0.28979196377251604,27,710.0,0.03665314816988502,26,893.0,0.08870386891806242,20,1013.0,0.17603721517557921,14,813.0,0.12494631979829317,229,8076.0
2810.0,198,1799.0,3.5553359683794468,3.725188276598853,20,318.0,0.18214062929861108,2,90.0,0.31058054511114724,10,732.0,0.17625415261437163,10,490.0,0.16439397247400683,5,291.0,0.37218716310428596,24,567.0,0.16200235487655973,12,293.0,0.21935741324702226,2,69.0,0.4321332908378818,0,4.0,0.8800452611103133,0,6.0,0.4696215289692092,23,1096.0,0.15522306916215542,6,451.0,0.32658709624064874,27,713.0,0.164806058579691,20,760.0,0.1294708543329908,20,984.0,0.0513686034311923,17,777.0,0.20451304004058163,198,7641.0
2815.0,175,1334.0,2.6415841584158417,3.972129378305641,19,348.0,0.21785524334460804,7,103.0,0.2972840190428082,11,560.0,0.10359007783225528,3,476.0,0.24730220563742142,8,326.0,0.2992043191179515,19,508.0,0.11462700394053603,5,292.0,0.2844473743236729,5,35.0,0.5025900941263727,1,1.0,0.6570684150210385,3,7.0,0.6465410217601357,21,877.0,0.1389884220059606,7,404.0,0.307304767757048,17,688.0,0.2565130190273774,16,562.0,0.25807912554640366,21,840.0,0.06590787283448794,12,614.0,0.27684128780054,175,6641.0
2820.0,149,829.0,1.6613226452905812,3.3156822052333075,13,285.0,0.21789551567775806,6,106.0,0.44325573827569337,12,576.0,0.11789521462395715,8,509.0,0.16109205874187166,9,311.0,0.16839706680944874,16,458.0,0.1434655322649797,7,327.0,0.14195090352590473,2,38.0,0.28691395885309867,3,14.0,0.503429447389751,0,3.0,0.7779679219929496,13,940.0,0.17380390171619572,7,400.0,0.2300210447395166,18,769.0,0.10677626428581839,4,588.0,0.30110451653661496,18,920.0,0.10173647505516421,13,658.0,0.15767964986602787,149,6902.0
2825.0,135,656.0,1.30938123752495,3.6204327342231832,6,319.0,0.277291535206069,2,62.0,0.5128715567517723,9,596.0,0.16216179949546328,14,569.0,0.21340158707940152,11,361.0,0.15015919736901406,5,485.0,0.2779081111167056,14,386.0,0.22034890223160458,7,50.0,0.1731311150679851,0,10.0,0.7153515342894239,1,5.0,0.6503132757854275,8,951.0,0.2378844213295703,8,423.0,0.12030709064023602,15,844.0,0.07292317433838734,9,580.0,0.27159021812318157,14,991.0,0.2087258877240939,12,722.0,0.139933871791741,135,7354.0
2830.0,141,720.0,1.4285714285714286,3.6344837566619494,8,345.0,0.29399500305154813,3,57.0,0.35637522313571346,10,550.0,0.24836967364166576,14,548.0,0.25157961263881073,9,401.0,0.11438720121064457,8,493.0,0.3108543331545181,15,384.0,0.21449972398494105,2,51.0,0.16205460653084156,0,4.0,0.8302207029426526,1,4.0,0.41096501563996757,12,897.0,0.23473412621085826,14,487.0,0.10138495421147184,16,920.0,0.19124110290475507,9,539.0,0.10712437721807092,8,911.0,0.24307960615362623,12,646.0,0.24744920374848808,141,7237.0
2835.0,161,909.0,1.775390625,3.8433917246983564,9,322.0,0.21222885381332035,8,90.0,0.27441762632241967,8,457.0,0.3029204424755425,11,424.0,0.24147858231599173,15,456.0,0.04241554949581674,10,461.0,0.16147168318524754,14,296.0,0.14301744882697434,1,23.0,0.7153101459175173,1,2.0,0.6889108195717059,5,20.0,0.45549259826509997,9,757.0,0.25626763401765384,21,581.0,0.222835147142138,24,1028.0,0.17036640644121495,10,396.0,0.2519646759434126,7,693.0,0.13266668559707573,8,460.0,0.3064183555867975,161,6466.0
2840.0,165,1113.0,2.1653696498054473,3.331287441635917,8,245.0,0.2735490284713895,8,104.0,0.4178840857915321,7,400.0,0.24318585045517638,6,417.0,0.1571180748657079,23,555.0,0.01950822185274185,10,402.0,0.08470267516029757,8,328.0,0.15201300674510462,2,23.0,0.6512360402519496,2,12.0,0.48795413583443686,1,21.0,0.6497432084477563,9,768.0,0.09865121547709607,27,699.0,0.14849157721368395,32,1166.0,0.07447609152207911,2,412.0,0.3270602173002391,12,687.0,0.12092785358141346,8,442.0,0.17388498014137954,165,6681.0
2845.0,173,1418.0,2.7858546168958744,3.693477906204659,6,148.0,0.3511063747726798,4,66.0,0.5536150498135108,9,415.0,0.275656091774017,8,450.0,0.26414628687883457,24,577.0,0.026818295639692943,4,441.0,0.22944864291933859,9,368.0,0.2526185792470752,5,41.0,0.45313798431921515,0,4.0,0.6826393000207445,3,12.0,0.606733933989808,10,764.0,0.1242658812605344,32,848.0,0.10268263632631007,26,1152.0,0.020746685008943572,8,421.0,0.20418444029775806,16,758.0,0.19230971907868788,9,478.0,0.18827038531765464,173,6943.0
2850.0,176,1437.0,2.8399209486166006,3.9197842725346117,2,141.0,0.3497114681658702,2,55.0,0.35037285497878706,14,471.0,0.18871441740694192,14,504.0,0.26102434819232884,22,521.0,0.08630563715822304,11,467.0,0.38739143543370835,14,423.0,0.3296665688545205,4,34.0,0.45577802403198864,0,4.0,0.9293695747467933,0,9.0,0.3657676841086958,10,701.0,0.1238227326228052,28,879.0,0.06782914506036264,17,978.0,0.2370020500464331,9,390.0,0.2571493826794365,15,644.0,0.23327786810684173,14,539.0,0.19032373878438982,176,6760.0
2855.0,186,1389.0,2.7023346303501947,3.5548267069612787,8,154.0,0.34772977657750054,8,69.0,0.25495777852744483,21,563.0,0.06244921527841269,19,585.0,0.13417553665124018,13,420.0,0.16772243147025312,16,534.0,0.2553529656553475,14,428.0,0.2564265570139198,2,21.0,0.46860363520519766,2,3.0,0.6410259278321507,4,15.0,0.5214277733074645,14,717.0,0.18935285352998363,21,873.0,0.1710115496286143,13,1035.0,0.22285698283343958,4,283.0,0.35021927899824895,12,665.0,0.10210022936454818,15,508.0,0.08596903529033575,186,6873.0
2860.0,181,1110.0,2.1553398058252426,3.403042948628827,10,152.0,0.25283820412436714,11,91.0,0.2228186614779076,21,580.0,0.20372476573449894,20,579.0,0.09101154338264858,6,465.0,0.2945968078032453,18,535.0,0.11178951946803509,17,389.0,0.1830808724109101,4,23.0,0.45125563499968635,2,17.0,0.49006777972387716,1,13.0,0.710381905545738,12,770.0,0.1920604330906879,18,958.0,0.2090784006027639,12,1094.0,0.1472466150121849,3,281.0,0.34865436073305434,13,674.0,0.10169676224154903,13,430.0,0.09817651495706443,181,7051.0
2865.0,163,909.0,1.7684824902723735,3.8951108539034953,8,108.0,0.29026526089028715,5,81.0,0.4131211012768658,16,459.0,0.22942815506945385,15,462.0,0.2914335180836044,7,488.0,0.37617904975316135,19,443.0,0.0872141970391589,12,418.0,0.14921632428672324,3,31.0,0.5763067811738539,0,8.0,0.6859034601692618,3,13.0,0.596331243424503,15,818.0,0.1110266619239783,15,1029.0,0.1265158429973517,9,1022.0,0.12849282210601778,9,306.0,0.16437307916283986,16,714.0,0.17118407729993834,11,477.0,0.22251041684426134,163,6877.0
2870.0,147,912.0,1.7606177606177607,3.9268122860855543,1,83.0,0.33922082163636197,1,71.0,0.3592987541320275,9,472.0,0.22247977133847593,9,499.0,0.271539034517651,12,536.0,0.29941754719744573,10,463.0,0.21748788101522798,9,448.0,0.17208823748997412,4,27.0,0.18709960067465614,0,4.0,0.9387880925740357,2,12.0,0.3820151684518927,21,910.0,0.07187608208009343,15,951.0,0.07003479807812127,8,784.0,0.2728063617087504,15,376.0,0.2450752817219718,22,812.0,0.24297425923224222,9,518.0,0.2563239454261244,147,6966.0
2875.0,187,1394.0,2.6653919694072656,4.116594198088964,7,99.0,0.3462540742381328,9,86.0,0.3030050286163409,7,518.0,0.15447517780673903,8,532.0,0.18277103416466428,19,617.0,0.23232858402711104,8,488.0,0.21067017894734538,14,478.0,0.2619060378585331,6,42.0,0.4222859468723798,1,1.0,0.7528071582997051,5,24.0,0.5165223997511836,27,1032.0,0.12980209664024045,12,781.0,0.22665617292485285,6,809.0,0.30400460629961507,19,462.0,0.22921622593302357,29,947.0,0.1704988284902776,10,479.0,0.19170533723959904,187,7395.0
2880.0,210,1746.0,3.3641618497109826,3.5082105248353423,8,109.0,0.2571847869537606,11,113.0,0.23239419836894362,14,577.0,0.18069798835872408,8,476.0,0.10808083515283362,20,629.0,0.19646095261222773,6,444.0,0.15911192888996006,20,552.0,0.15882745692391217,2,41.0,0.43705823061355925,3,14.0,0.5183253261781009,2,27.0,0.5943602907855522,29,1024.0,0.16746408947412553,10,822.0,0.2715259086219538,8,845.0,0.19566201214264212,23,568.0,0.18653565485773324,34,1111.0,0.11225867848477948,12,376.0,0.10156935459613937,210,7728.0
2885.0,195,1691.0,3.2771317829457365,3.313223518393047,5,92.0,0.29293338347337866,5,99.0,0.43474432294231424,14,555.0,0.2373485099556148,9,365.0,0.12197654200735154,24,583.0,0.13526402311826266,5,327.0,0.2249188932020353,20,570.0,0.11089145211392702,3,24.0,0.28463551318894237,0,10.0,0.6606053742256606,4,24.0,0.5583277775069547,24,859.0,0.06288111658941428,9,856.0,0.16945242019181178,14,902.0,0.10234613659615291,19,567.0,0.07471297615877903,31,1104.0,0.02061415821592921,9,337.0,0.3071809671309038,195,7274.0
2890.0,167,1214.0,2.3664717348927877,3.489648245982118,3,93.0,0.33341397716799687,3,92.0,0.3418546195570171,13,418.0,0.19681315502881036,5,360.0,0.1944538972129039,23,689.0,0.08600587839608581,2,292.0,0.14663518935309824,22,511.0,0.06983024817911176,3,41.0,0.5615234568730555,0,2.0,0.8944803666511696,3,23.0,0.37250268489090277,19,838.0,0.10305469652139705,13,807.0,0.10631799205075843,14,863.0,0.21389142318978932,14,447.0,0.157938304311022,25,962.0,0.07471461275169126,5,342.0,0.35908080266769665,167,6780.0
2895.0,140,895.0,1.7828685258964143,3.7561357185253352,9,122.0,0.25376584855202705,8,114.0,0.2654011236556545,11,461.0,0.15124830445749565,7,372.0,0.13121811536744016,13,751.0,0.12929904860605845,7,319.0,0.26057743970551356,14,549.0,0.13623929841816618,1,24.0,0.709563808437026,0,0.0,0.6855562591048009,6,28.0,0.4530729730015381,12,795.0,0.2285997181685798,10,666.0,0.2352698002844492,11,640.0,0.3046737146207315,5,470.0,0.3666863076798817,16,976.0,0.09912253471609317,10,339.0,0.17056019798979255,140,6626.0
2900.0,146,772.0,1.5470941883767535,3.945136725885499,10,135.0,0.24096873225843662,8,122.0,0.24653342847430978,11,512.0,0.19020226438380702,15,431.0,0.22818255411063856,10,706.0,0.18930200563716973,13,374.0,0.30577082523540766,10,588.0,0.23902555490843877,2,16.0,0.6847222164524834,2,9.0,0.538252356751828,2,32.0,0.6203858698564091,5,799.0,0.23074903180476042,10,654.0,0.2714926844291558,11,637.0,0.20273743309509884,9,482.0,0.3042212628833016,12,1044.0,0.11920375971043759,16,396.0,0.12831973076964082,146,6937.0
2905.0,159,884.0,1.7504950495049505,3.911053535734005,8,120.0,0.3259120635090739,3,95.0,0.47494594187831085,8,470.0,0.2676518576867105,20,521.0,0.1859518758019571,14,594.0,0.13635555333583213,15,361.0,0.335085661220722,14,648.0,0.2669854065128365,0,4.0,0.15043093992986448,0,7.0,0.6745016071355222,3,15.0,0.6412838048058148,10,785.0,0.14575360327609851,12,702.0,0.20968961895645036,9,690.0,0.132388440131242,12,432.0,0.15408816516313767,9,983.0,0.24529466967208924,22,495.0,0.20440510965267572,159,6922.0
2910.0,155,997.0,1.9742574257425742,3.643419855640488,3,127.0,0.2697219811051206,5,52.0,0.4214627454187278,6,363.0,0.2907482872200038,22,537.0,0.1291670704323044,11,600.0,0.0947137757328429,15,429.0,0.12002923819484224,21,738.0,0.12853627185812058,2,9.0,0.38080452213334204,0,4.0,0.9343049118417076,1,11.0,0.35703017980334084,13,714.0,0.08792262435234073,9,660.0,0.13182394392699157,7,624.0,0.29072713880900886,11,330.0,0.13075338454181765,5,808.0,0.30526296519013985,24,611.0,0.2943686030659721,155,6617.0
2915.0,169,1266.0,2.4823529411764707,3.9074783069529695,10,154.0,0.27095818703574703,1,49.0,0.3940093058933187,5,334.0,0.1644644717377244,22,477.0,0.06884553892513433,10,609.0,0.14477392136903863,17,507.0,0.18963111755916628,29,865.0,0.041679371118766524,0,0.0,0.9126022594697487,1,2.0,0.7186089615449511,5,20.0,0.4921392636037206,14,582.0,0.18444567204945936,8,531.0,0.1437625080724213,4,437.0,0.30670432552766863,10,233.0,0.3679559029529591,5,548.0,0.17197215151684714,28,738.0,0.093377162027173,169,6086.0
2920.0,155,1165.0,2.284313725490196,3.8047200071663205,12,166.0,0.24791188809177847,8,59.0,0.3140106001993953,7,361.0,0.23834429806308122,16,560.0,0.11716138951898876,11,567.0,0.13149463977218345,17,591.0,0.18352931351388324,25,894.0,0.16624149648872744,1,10.0,0.31304837686538434,4,14.0,0.5879346184593908,1,25.0,0.607735366302268,9,609.0,0.1923925900582454,5,504.0,0.22961028845089626,4,451.0,0.13534617055401643,3,232.0,0.3207239573764287,2,562.0,0.1936561568665746,30,777.0,0.0195741522109916,155,6382.0
2925.0,148,1063.0,2.1345381526104417,4.021177179459262,8,146.0,0.25667532440541174,7,76.0,0.4015216072960273,12,411.0,0.32744903995860225,14,619.0,0.2111742153504552,8,459.0,0.22326855004434273,19,582.0,0.09801500236610797,15,787.0,0.2919654514788185,0,8.0,0.8619316004574306,0,11.0,0.41728724445529447,3,18.0,0.6229611667895971,10,624.0,0.12444324778794376,8,524.0,0.24828077545429153,7,484.0,0.12038589710835965,7,212.0,0.2126967852976991,7,580.0,0.32530594011519004,23,707.0,0.15015982925813998,148,6248.0
2930.0,151,926.0,1.874493927125506,3.980792406761777,6,103.0,0.3462245126595045,4,53.0,0.5162192436038563,13,399.0,0.22638557381644983,9,579.0,0.33231362161023703,7,467.0,0.22816765599842093,22,555.0,0.05325422392509863,10,799.0,0.16767264808039856,0,8.0,0.8609921057540371,2,13.0,0.6770497837164364,6,44.0,0.46306452214070887,12,578.0,0.08544250761568704,9,475.0,0.14743674368091722,9,413.0,0.2505624421058513,14,250.0,0.10244457449691459,14,635.0,0.25400725439689165,14,551.0,0.25072730606592797,151,5922.0
2935.0,139,680.0,1.3438735177865613,3.5882069794058093,2,98.0,0.3817421691515154,3,51.0,0.37585466871134215,12,459.0,0.09529540995927248,7,451.0,0.25451104372669414,12,494.0,0.13996508287954082,16,637.0,0.08186133879063953,11,853.0,0.13675493518628973,1,5.0,0.41233995509856297,0,4.0,0.8434461541057726,3,44.0,0.28913638369314376,11,492.0,0.14141623756251454,10,337.0,0.1557202983597762,7,268.0,0.30527214432136474,15,261.0,0.2312852085418123,24,731.0,0.08044397007860288,5,451.0,0.30423965055065605,139,5636.0
2940.0,148,779.0,1.5334645669291338,3.7385903242582135,6,89.0,0.32425815145562903,7,58.0,0.25793383317758556,17,534.0,0.07826814050956166,9,478.0,0.11637963299350512,14,510.0,0.10438326874636762,13,681.0,0.11345887540721047,8,784.0,0.2710292786692775,5,28.0,0.1633192853869166,1,4.0,0.6275763865335441,4,29.0,0.546095912117672,6,483.0,0.2428564186747772,10,303.0,0.2295444739793899,7,270.0,0.18533422869416016,9,189.0,0.2902558671286459,28,859.0,0.04346867080987168,4,435.0,0.3086554006707739,148,5734.0
2945.0,158,1044.0,2.0796812749003983,4.034099937274382,8,89.0,0.27866562663444655,14,114.0,0.20013903782603884,14,526.0,0.20774647733977356,9,519.0,0.1911284577986532,13,446.0,0.2031532770577845,18,753.0,0.19938711703426376,5,615.0,0.24088525792799673,0,27.0,0.7174838173795407,2,4.0,0.41372083599245035,4,46.0,0.6308242048263829,10,501.0,0.2622063134141324,7,316.0,0.2993354033663967,9,312.0,0.12597094073693965,3,162.0,0.4263214958585492,33,1003.0,0.12811487150667816,9,458.0,0.17877310577334438,158,5891.0
2950.0,167,1380.0,2.7766599597585513,4.064373149073172,6,69.0,0.3231202861478209,16,194.0,0.3475649380479275,6,403.0,0.2518795834843295,16,587.0,0.24178202690255457,11,493.0,0.22288749310401193,18,751.0,0.18544115536364644,5,603.0,0.16597984916759928,0,8.0,0.8795934528863976,4,20.0,0.48337728518974876,0,30.0,0.4571551984944477,14,560.0,0.15980409378222468,12,321.0,0.2479521980471882,7,288.0,0.24329854293538772,8,186.0,0.36749094968017293,36,1178.0,0.16380472857260758,8,426.0,0.24233829052639796,167,6117.0
2955.0,173,1413.0,2.820359281437126,3.666364620230369,3,76.0,0.2979206464556331,11,212.0,0.23338645405488975,9,440.0,0.11722147062375875,17,576.0,0.253522682635405,13,550.0,0.16434046042049297,17,612.0,0.11906725523181733,7,633.0,0.22484343943368706,1,5.0,0.5790086811379809,0,17.0,0.4681870892053732,2,8.0,0.5075371943147469,16,558.0,0.086626646880361,18,402.0,0.17440938677764029,6,215.0,0.3081760395857733,14,241.0,0.2664957912629678,32,1200.0,0.12713417064152122,7,464.0,0.3960498217095302,173,6209.0
2960.0,190,1378.0,2.728712871287129,3.694118917485187,9,96.0,0.29094847087562326,8,176.0,0.24133546537351602,11,495.0,0.13818660160699808,16,489.0,0.22525818323956867,18,633.0,0.07543799879108563,13,679.0,0.16190467053734794,13,683.0,0.21860727122129306,6,22.0,0.05097376719107299,2,12.0,0.6702224594319209,2,10.0,0.6645938434057246,14,429.0,0.2060444382573717,25,512.0,0.110679080330409,3,192.0,0.21317729104031172,14,264.0,0.11817300437704105,26,1085.0,0.08499454406870538,10,498.0,0.4177265028898475,190,6275.0
2965.0,190,1500.0,2.9702970297029703,3.7820440531183417,10,111.0,0.2737477000373127,3,193.0,0.3051641039577631,10,455.0,0.23507371573057054,10,517.0,0.13842563594831025,16,608.0,0.0441231518007718,9,730.0,0.3067787533724562,20,767.0,0.2124375137636369,5,40.0,0.12406119145019288,0,7.0,0.7382857343023836,2,16.0,0.7026164601208653,14,425.0,0.2479637260593774,31,655.0,0.031111949313400798,8,225.0,0.17197407377895488,13,230.0,0.272118631701845,23,858.0,0.09173441494955117,16,566.0,0.32413540008893893,190,6403.0
2970.0,174,1462.0,2.9535353535353535,3.6920957901660882,6,97.0,0.30035532137461546,9,223.0,0.3391682461104615,9,381.0,0.19659417797056217,8,554.0,0.16523978123186972,12,503.0,0.09667732455471675,13,783.0,0.328079112879546,26,885.0,0.10084894084260507,0,25.0,0.6204569815346108,1,5.0,0.58524358958683,0,2.0,0.438257844216184,14,493.0,0.1239506847506912,30,687.0,0.136125782058898,6,217.0,0.26852859253396383,7,240.0,0.32089884246953326,10,911.0,0.17543772993025758,23,667.0,0.12464548819482657,174,6673.0
2975.0,177,1497.0,3.0303643724696356,3.8876219831689323,3,103.0,0.28829283116231297,10,221.0,0.21508286253673373,6,328.0,0.1305873151306382,14,608.0,0.21400033856636613,9,481.0,0.23396958265596549,20,869.0,0.2282860671021623,29,1028.0,8.43266753590215e-05,0,4.0,0.8836275403360256,1,5.0,0.4594909923385611,2,11.0,0.5123932995385533,20,583.0,0.10013801973688634,20,621.0,0.23558694442889108,4,151.0,0.4288645311778648,7,266.0,0.2758006603154518,8,891.0,0.21260841530958313,24,681.0,0.02197004588514805,177,6851.0
2980.0,166,1315.0,2.635270541082164,3.6804073236171018,9,119.0,0.3112822925929581,9,174.0,0.2696489772928164,4,346.0,0.20573086667247706,14,594.0,0.21086125450895532,9,525.0,0.2502669616469873,21,858.0,0.09073604840154983,23,1027.0,0.06344107752393373,2,8.0,0.4984732051655389,3,13.0,0.633332268021464,0,6.0,0.7514991627532059,20,645.0,0.1820839994213203,14,502.0,0.17453582768999676,3,146.0,0.27071814523840926,8,251.0,0.1222807834859547,10,816.0,0.16822951413682377,17,543.0,0.11850342563974998,166,6573.0
2985.0,145,1042.0,2.1135902636916835,3.8812563077657,8,126.0,0.23944764778357264,3,90.0,0.36330807013707994,8,367.0,0.24967608341986397,13,454.0,0.12467333094756548,10,563.0,0.16247044216367487,23,749.0,0.08546630347469965,13,864.0,0.2489704469557535,7,35.0,0.3195794077176213,0,12.0,0.6973473446160354,0,3.0,0.8807925468471263,23,690.0,0.1619119283807158,10,442.0,0.23364496979418625,8,175.0,0.1333612201785242,4,183.0,0.29132314145965565,7,628.0,0.2851857099050938,8,581.0,0.15274179601029322,145,5962.0
2990.0,143,963.0,1.9298597194388778,3.8993837582456106,5,100.0,0.3457455573582528,2,89.0,0.4895789678809808,14,426.0,0.15486185062038918,10,500.0,0.12177502809784413,13,579.0,0.08803413950895234,13,784.0,0.18738739412455033,13,862.0,0.28405395245570286,6,60.0,0.39905927848099926,2,8.0,0.5909951395835342,1,3.0,0.6943166959727283,30,794.0,0.09092480968159744,4,454.0,0.29122495644706775,7,178.0,0.23912593269049737,4,195.0,0.30532193130463814,8,661.0,0.3066813209047351,11,630.0,0.11900754246924447,143,6323.0
2995.0,158,964.0,1.9013806706114398,3.7531966985008203,3,89.0,0.3885994633067739,7,96.0,0.4186223889243706,17,431.0,0.06788073462523245,9,542.0,0.2201831394687178,17,660.0,0.058231282197983576,10,810.0,0.19574856196809212,11,919.0,0.24201628277100054,2,35.0,0.5117309108462851,2,12.0,0.3719216731302679,2,14.0,0.44024722157837876,33,834.0,0.04177438310273633,9,476.0,0.3052756153723922,4,131.0,0.2846768973242683,10,231.0,0.24671265601315776,12,665.0,0.17942042732195776,10,582.0,0.22518484705815087,158,6527.0
3000.0,170,1115.0,2.23,3.720763098571229,8,117.0,0.2970717095107636,8,107.0,0.2351744133455713,15,368.0,0.16751229367392137,14,596.0,0.25274332182560605,22,757.0,0.13551785126283836,9,755.0,0.10487355219925983,8,831.0,0.16434783885009352,5,35.0,0.42276295351124976,2,15.0,0.4107225584925962,0,10.0,0.682098182132777,27,732.0,0.1800103365207582,16,534.0,0.35039590420844524,4,125.0,0.19669297072804048,11,230.0,0.10134414584833158,15,711.0,0.13270654789640887,6,433.0,0.2980848457635631,170,6356.0
3005.0,166,1217.0,2.4291417165668663,3.6904884224504024,9,125.0,0.2903548500292843,3,71.0,0.3480482791199721,12,418.0,0.231694900655233,20,681.0,0.128707528057523,27,886.0,0.15347979158493885,8,597.0,0.15150932920177823,7,617.0,0.14195167564733574,2,38.0,0.4687403109363958,5,22.0,0.4874338016294809,0,4.0,0.8628382104510482,15,759.0,0.23797102893845729,22,627.0,0.1219271495696337,7,157.0,0.1596656834990613,6,180.0,0.26806586456460246,18,684.0,0.09403606549605709,5,414.0,0.3421306543828964,166,6280.0
3010.0,186,1557.0,3.120240480961924,3.7601621618539816,3,76.0,0.425802064623331,3,73.0,0.43886956804703514,12,474.0,0.23320689698712008,26,801.0,0.013759405687186806,29,1023.0,0.06959961192492146,6,608.0,0.26867771727658757,6,638.0,0.1697826101699093,6,35.0,0.5455418426880413,6,47.0,0.5310491624209103,1,4.0,0.5518678359571346,12,800.0,0.18115538063895445,27,754.0,0.03371854552332067,13,209.0,0.21485881109197055,8,209.0,0.2905016797625492,19,553.0,0.1583693671522688,9,447.0,0.3390133889305211,186,6751.0
3015.0,198,1758.0,3.5089820359281436,3.488719086474166,2,65.0,0.43854941800158204,7,91.0,0.3586859712458011,15,538.0,0.10647530993632433,26,818.0,0.10707294337185717,27,1043.0,0.042156532865001844,10,631.0,0.3140799730615429,8,660.0,0.26511932154314355,4,43.0,0.2919496036646919,4,48.0,0.30059352854533217,3,23.0,0.36660509243763434,10,765.0,0.13225142083955183,28,898.0,0.1560291895983493,13,221.0,0.23632425035763308,9,241.0,0.19040401679259353,17,630.0,0.16832517562288715,15,505.0,0.18775020730412517,198,7220.0
3020.0,196,1803.0,3.5492125984251968,3.6313348514859207,7,88.0,0.32982663686430885,9,102.0,0.18775910348576555,16,539.0,0.0659949534752033,16,644.0,0.2645688822243595,24,935.0,0.1905008400676256,10,570.0,0.2513485166113241,14,717.0,0.22034042551386027,7,42.0,0.1466969621792752,2,24.0,0.44325414918492206,0,15.0,0.6010186782848592,11,654.0,0.23150803092045372,28,1038.0,0.19620483026907742,8,187.0,0.18162205285212787,15,310.0,0.18148056366017934,11,666.0,0.13635739864263047,18,480.0,0.04346651384454151,196,7011.0
3025.0,171,1554.0,3.095617529880478,3.4185647990375103,8,98.0,0.30194556769843134,5,86.0,0.3051402605903156,14,536.0,0.09612201262033013,10,652.0,0.19664086511013512,16,785.0,0.28697329714877307,11,431.0,0.13751712880924538,16,661.0,0.1330603020217022,2,43.0,0.2459727751575595,3,23.0,0.5109148549517729,0,4.0,0.9114638490737363,9,633.0,0.19123154952746557,28,1065.0,0.06411190113576308,5,127.0,0.23386061614212367,21,403.0,0.195694771333217,7,602.0,0.12653423849496837,16,399.0,0.11709549145246238,171,6548.0
3030.0,157,1058.0,2.120240480961924,3.32833197693873,3,68.0,0.3618851444598018,4,81.0,0.4141188450798436,16,606.0,0.057857806095315815,10,702.0,0.11748247836299916,8,734.0,0.20412532107507034,10,484.0,0.11283740741661015,16,515.0,0.09554023874631794,6,30.0,0.5753004768198501,6,45.0,0.5230881059651371,1,2.0,0.6403110676434198,10,651.0,0.11009172653797049,25,976.0,0.07559650227928771,3,143.0,0.4810686034703598,21,443.0,0.18751320097649546,11,456.0,0.11752857573359722,7,408.0,0.17421145522640863,157,6344.0
3035.0,149,870.0,1.7330677290836654,3.909572777093086,5,41.0,0.45931275152597656,8,93.0,0.4396440812201628,16,691.0,0.1759720167129698,7,638.0,0.1391557751583382,8,749.0,0.2143655754746431,11,513.0,0.19482531912934514,13,533.0,0.13318129444336826,1,31.0,0.5486109829500228,3,44.0,0.3133476766405205,2,13.0,0.6128860246711952,12,657.0,0.16015787214791066,18,767.0,0.24610808077179314,7,149.0,0.4041233801958011,21,406.0,0.13174591451676623,7,478.0,0.2032982915757117,10,436.0,0.10928286919865703,149,6239.0
3040.0,143,814.0,1.5714285714285714,4.069806061499547,3,38.0,0.42544160553488763,10,104.0,0.2313329129716457,20,783.0,0.20799868309538833,3,447.0,0.1454378948006011,12,775.0,0.2889865477089781,13,519.0,0.18236745598388387,10,570.0,0.1479578478630271,1,4.0,0.3342002378466064,2,22.0,0.4465653463415048,0,4.0,0.7303816428333655,22,744.0,0.08967159158778341,5,790.0,0.31337217604243844,8,147.0,0.23677098501867827,15,491.0,0.13337609175164258,10,490.0,0.21942681601378689,9,408.0,0.1256648873642684,143,6336.0
3045.0,174,1005.0,1.9552529182879377,3.7555618871032213,8,42.0,0.370459382946686,10,89.0,0.20214628223103634,26,899.0,0.11782758695578328,6,463.0,0.2972507965940185,18,845.0,0.24260652337547212,13,439.0,0.0629854471362617,13,626.0,0.15125876869622976,6,23.0,0.0972089538140772,1,22.0,0.4548026531969191,0,4.0,0.89964348317401,25,765.0,0.14089776271653204,7,775.0,0.256112059430435,12,199.0,0.06180279709269697,11,544.0,0.227745784444831,11,432.0,0.13020936953916795,7,409.0,0.2354630653544478,174,6576.0
3050.0,174,1042.0,2.0511811023622046,3.3484430665823175,6,55.0,0.34344164167092955,3,99.0,0.27862075056683205,27,925.0,0.04722545094262649,8,499.0,0.33409526390259947,19,827.0,0.07876888591470999,10,489.0,0.09878402783765748,14,590.0,0.1734735294555674,2,36.0,0.20557039623719947,5,40.0,0.5431984991956059,0,0.0,0.8399709825621121,22,683.0,0.20769992720852823,11,708.0,0.16632323149531367,8,250.0,0.2142967879364448,14,605.0,0.2438954655405218,15,312.0,0.11850546645903044,10,446.0,0.25206180922611693,174,6564.0
3055.0,193,1188.0,2.357142857142857,3.5187221418151675,3,41.0,0.4767075429536673,8,115.0,0.37774625357388175,24,845.0,0.18631368898295142,16,558.0,0.3469937728819497,22,722.0,0.07457279389091075,14,540.0,0.16662088264784494,12,456.0,0.18246325184609122,1,15.0,0.7433205898952765,3,42.0,0.35751148701479873,1,4.0,0.7104640124812731,16,747.0,0.1144522937754379,11,491.0,0.22514089279853458,15,294.0,0.28557476766135004,21,690.0,0.11327789237597756,13,266.0,0.1358252255667216,13,500.0,0.11263077364588199,193,6326.0
3060.0,188,1300.0,2.5641025641025643,3.4655630850683834,1,27.0,0.474269228094505,9,126.0,0.2325066059288724,13,865.0,0.2830961750324526,22,653.0,0.14294910683312803,16,809.0,0.08660844986562956,18,617.0,0.18068914078320633,10,422.0,0.19722858804497267,1,14.0,0.7942602774771177,2,17.0,0.4135966974803854,0,5.0,0.8422880653053949,15,792.0,0.13292095740076657,5,454.0,0.29338261902251905,21,387.0,0.05134187059541288,24,711.0,0.08289465931208706,10,325.0,0.23630364568709197,21,595.0,0.051732179555171294,188,6819.0
3065.0,196,1546.0,3.0553359683794468,3.8402192967382005,6,35.0,0.4436465796536452,7,113.0,0.22732149078078742,11,902.0,0.2539860785859664,27,777.0,0.03327826376651205,13,867.0,0.09751016101169895,22,711.0,0.13447939426023903,7,463.0,0.2731073410392261,0,4.0,0.6619637532453684,2,21.0,0.5553557254136323,0,4.0,0.9295711662697236,16,865.0,0.20859581373691266,8,446.0,0.19813132992586457,24,438.0,0.05514162163154071,18,612.0,0.23379222157752405,9,316.0,0.2969736519793053,26,715.0,0.1339866250217782,196,7289.0
3070.0,201,1684.0,3.2572533849129592,3.797813836325169,10,81.0,0.387114984732732,3,115.0,0.3029806915208558,14,965.0,0.1760496005981702,28,921.0,0.02673863574213657,10,811.0,0.2252715458934672,25,715.0,0.04795402411488688,7,420.0,0.36850310340327447,6,18.0,0.3608266133962739,6,41.0,0.5614066887227881,1,2.0,0.6532550024394888,17,831.0,0.25189053519096,11,417.0,0.11502289374155376,15,404.0,0.2668625741878461,6,619.0,0.25571572968908846,14,320.0,0.2011761608976563,28,686.0,0.1652728748059557,201,7366.0
3075.0,184,1522.0,2.9610894941634243,3.4086306118098317,5,90.0,0.39347864542255323,8,143.0,0.2726028150634106,22,1062.0,0.03739214836278337,22,921.0,0.17550771366470913,6,742.0,0.2962492822731889,21,636.0,0.09406599004480445,5,311.0,0.37664265334464353,5,39.0,0.34533040440281115,4,44.0,0.2798133556773966,2,14.0,0.4759778184265669,15,678.0,0.15830809039148122,11,322.0,0.3452620923127702,9,431.0,0.281284206801239,6,637.0,0.17755201115148922,21,393.0,0.12750004115840483,22,805.0,0.0725110309920953,184,7268.0
3080.0,184,1536.0,2.959537572254335,3.550867099500826,2,51.0,0.45810632371046744,14,200.0,0.3251120801012405,27,1185.0,0.014496698399339277,12,766.0,0.330301755874094,8,775.0,0.2609137807519165,17,489.0,0.26142166909022263,4,306.0,0.19068450771462084,6,44.0,0.421162895587273,2,19.0,0.4333255992041561,0,7.0,0.7470456695084425,18,488.0,0.110046267879954,6,340.0,0.2630211768533623,8,456.0,0.167205688576301,14,698.0,0.11847926933523044,28,519.0,0.07381148096814666,18,905.0,0.05157666495742149,184,7248.0
3085.0,187,1732.0,3.3053435114503817,3.6548570561051195,2,43.0,0.4699912784454113,18,284.0,0.20993556644753872,32,1337.0,0.1448923491266226,5,741.0,0.26714462862055505,15,835.0,0.21252862722401386,4,511.0,0.32212947752470306,7,326.0,0.14978278883811394,6,61.0,0.3411428168778186,3,21.0,0.37250340236239504,0,4.0,0.9011399812344588,11,550.0,0.19157545857874667,10,345.0,0.17487377754471492,10,500.0,0.14898209512212396,13,678.0,0.2152108357609566,34,676.0,0.014621131490338982,17,995.0,0.16008460614328798,187,7907.0
3090.0,204,1851.0,3.545977011494253,3.9218828647598203,8,64.0,0.34240300395990125,19,323.0,0.13941450563452631,26,1329.0,0.21369497723453043,7,772.0,0.21554166975394504,14,779.0,0.13927473691201472,8,503.0,0.25730313691302975,13,380.0,0.14417014525085842,0,50.0,0.4959926772505687,5,46.0,0.34995511055443784,1,1.0,0.5749258848651831,7,547.0,0.33557733459507544,16,394.0,0.1558758802913817,18,576.0,0.173124262893427,11,561.0,0.27356309667131334,31,753.0,0.13911501713439325,20,1088.0,0.2361673326881683,204,8166.0
3095.0,210,1929.0,3.7167630057803467,3.8382410396627895,5,69.0,0.4069273671293602,11,280.0,0.23901654042369,18,1150.0,0.1937072538840144,15,829.0,0.20918655394488797,15,618.0,0.08004258674003019,9,468.0,0.2548971191067153,19,465.0,0.04968431187407158,3,12.0,0.6414843996640268,0,36.0,0.6954130744388062,2,13.0,0.4643765266348272,9,485.0,0.27100351252501664,23,497.0,0.05155655622853859,24,680.0,0.19620984582635403,7,604.0,0.20594934712236815,23,848.0,0.18395481255906593,27,1209.0,0.2220576667542149,210,8263.0
3100.0,201,2028.0,3.9226305609284333,3.6625834177350507,2,35.0,0.48594227234639514,1,294.0,0.36129876218693463,9,1149.0,0.18316325038605707,14,773.0,0.21384432037799136,15,686.0,0.11532655476651721,8,387.0,0.30145960136671324,22,494.0,0.09946665742632682,3,31.0,0.540410234903429,1,6.0,0.8235174231017967,0,8.0,0.7562102557592887,7,374.0,0.1702717779100218,28,635.0,0.09451907825572359,28,813.0,0.10213459871755409,8,642.0,0.1526603214545507,21,958.0,0.07618896093950438,34,1366.0,0.14344463161947876,201,8651.0
3105.0,192,1907.0,3.798804780876494,3.503014941719068,4,43.0,0.41802221651171556,7,306.0,0.24004986906519868,7,1182.0,0.31936163407347956,11,602.0,0.27811887437128996,15,734.0,0.25642920232415684,5,402.0,0.1968418113272713,19,437.0,0.21603235551263056,0,14.0,0.6817894528411934,0,2.0,0.5262219760580582,0,2.0,0.9081233069882412,5,335.0,0.14601328363492022,27,651.0,0.14720624513343109,29,962.0,0.046085990861665586,16,702.0,0.20491813649566756,17,1060.0,0.05760756275238964,30,1370.0,0.07181301910412673,192,8804.0
3110.0,204,1966.0,3.8777120315581852,3.73647405927371,10,74.0,0.3873406484419274,9,295.0,0.18525269927108465,14,1240.0,0.22548369008845606,8,648.0,0.1824662135186196,14,686.0,0.15673176186941432,9,426.0,0.1716467471031645,11,330.0,0.3727697139239463,3,11.0,0.6156007732004597,6,21.0,0.33073161669339246,1,3.0,0.653876329797415,6,341.0,0.24633459330691831,20,572.0,0.24239209956542687,30,1110.0,0.15206423111360048,16,674.0,0.23976832570035403,19,1149.0,0.1540649349153226,28,1229.0,0.07688288755767028,204,8809.0
3115.0,183,1765.0,3.4540117416829745,3.4999198571110584,7,91.0,0.4016358822710049,8,224.0,0.2294937609072728,15,1166.0,0.07525371641222678,10,690.0,0.16209735579215528,15,539.0,0.09271221735555586,14,456.0,0.1240900127961376,2,352.0,0.41130665399553734,1,13.0,0.6154825527325658,0,27.0,0.6230419848038098,2,14.0,0.5373336525077055,16,401.0,0.21570017245559528,15,603.0,0.12320808966356783,28,1124.0,0.14727275665238695,9,531.0,0.19851364547142739,27,1267.0,0.141996877211636,14,1192.0,0.11772224516796674,183,8690.0
3120.0,174,1441.0,2.8254901960784315,3.3613838217430083,3,47.0,0.43618305287490156,2,199.0,0.3828023796760682,16,964.0,0.07820185563212702,9,615.0,0.2088678513839672,10,531.0,0.09899168644110598,17,388.0,0.17622576757640643,9,382.0,0.2934760907778459,6,24.0,0.2933939930450811,2,10.0,0.7175533498253495,0,5.0,0.7304163149842599,24,506.0,0.06805483356693494,11,667.0,0.1164182082832995,21,1014.0,0.12147864321971828,2,504.0,0.2749282081627251,33,1417.0,0.0446517473141587,9,1222.0,0.14401501898677121,174,8495.0
3125.0,187,1406.0,2.735408560311284,3.4741354093282366,3,42.0,0.40537803985583193,7,216.0,0.28913256234684237,13,1032.0,0.11094829928731595,6,434.0,0.29393405571746095,11,526.0,0.14115724764473567,13,440.0,0.1709799800230725,10,376.0,0.16643012300182697,12,76.0,0.12274227987524183,2,8.0,0.49227338767251866,0,4.0,0.932720978739973,28,628.0,0.05173387096322006,13,715.0,0.23088621240995755,17,811.0,0.14120439338479338,7,522.0,0.3177095791905891,37,1398.0,0.034708594801678865,8,1145.0,0.264711844883555,187,8373.0
3130.0,173,1404.0,2.736842105263158,3.879461893373764,9,70.0,0.3883861449920964,8,203.0,0.22075173944413326,10,1078.0,0.0960295528731194,4,250.0,0.4471028836464804,11,548.0,0.11370379605265865,9,444.0,0.10501800363527668,7,279.0,0.22362289596476703,6,94.0,0.3504825916761457,5,30.0,0.3693701380354572,0,0.0,0.8024069514676903,33,759.0,0.13834992742125596,22,808.0,0.16647825754769013,5,845.0,0.30867026835723965,13,577.0,0.25546002321263145,24,1529.0,0.15804267855534546,7,1120.0,0.2157595306652382,173,8634.0
3135.0,171,1565.0,3.0928853754940713,3.9649724861077096,6,81.0,0.39910491607613086,7,141.0,0.23114514395262262,15,1141.0,0.2044450501466721,0,171.0,0.4529284819495394,13,520.0,0.20396608632980992,9,412.0,0.14267321995634347,4,297.0,0.298617450901568,0,60.0,0.49023433787087073,1,31.0,0.6238183410618291,2,9.0,0.5185546036094268,36,926.0,0.16068333892353537,26,810.0,0.05729721668013889,6,852.0,0.3539495658325098,19,659.0,0.07358118351455181,20,1618.0,0.2097108773563017,7,1135.0,0.10462856693330251,171,8863.0
3140.0,176,1603.0,3.1805555555555554,3.9265769827615773,0,41.0,0.5046037108641385,4,157.0,0.3404358933156385,16,1064.0,0.25894506001029827,6,191.0,0.35120502029178124,9,406.0,0.2724479192814795,11,315.0,0.2881143096122525,7,312.0,0.21116284198318863,2,52.0,0.45023662514420515,1,11.0,0.725545359971988,0,6.0,0.8034524218678064,31,980.0,0.0700895521239172,18,914.0,0.06153345622412317,12,902.0,0.21696941377168924,26,783.0,0.036754317684778465,20,1713.0,0.1441255913001071,13,1191.0,0.06917843383199239,176,9038.0
3145.0,186,1423.0,2.868951612903226,3.337805233756345,3,49.0,0.4582630533910525,9,184.0,0.2575691661265137,13,768.0,0.23506466379707014,9,172.0,0.30944669804306135,11,321.0,0.25929367680091925,9,335.0,0.2098530969542895,8,301.0,0.10695126707977573,7,84.0,0.3329541363182448,2,8.0,0.41349497309773037,0,4.0,0.921051890886753,27,912.0,0.09252585461354255,15,977.0,0.21179957179165615,14,855.0,0.0694391921291209,22,776.0,0.20102648919313507,17,1647.0,0.05515623543569059,20,1281.0,0.1773893555180878,186,8674.0
3150.0,177,1328.0,2.688259109311741,3.4141479360625344,8,81.0,0.34339952937374374,13,181.0,0.1506918588942961,6,745.0,0.14300087726473656,6,100.0,0.2185251561242821,7,356.0,0.1552598904996574,10,347.0,0.14175119341033493,6,237.0,0.1496442002301737,12,138.0,0.3764230994846583,6,30.0,0.3232765992296732,0,0.0,0.6425988153359885,24,938.0,0.1685596740330053,13,927.0,0.17392225304390177,12,694.0,0.251505087375929,12,601.0,0.3151660505357756,16,1364.0,0.07479222985891965,26,1396.0,0.16628721175140185,177,8135.0
3155.0,153,1102.0,2.195219123505976,3.837937326951313,7,87.0,0.35230097499942786,10,151.0,0.2546712542594744,7,771.0,0.2156848550959845,5,115.0,0.2331740221682681,9,396.0,0.20276346530798756,12,316.0,0.18357787417049373,3,136.0,0.4212082908517638,7,145.0,0.29138761725764156,6,64.0,0.5059789819227488,3,8.0,0.47707138975821123,12,997.0,0.17378209878635728,11,788.0,0.09495586074847437,6,716.0,0.37034292341964553,11,592.0,0.14954044752279286,13,1348.0,0.1232739831536677,31,1541.0,0.02464176335328161,153,8171.0
3160.0,140,909.0,1.8035714285714286,4.05720314396561,2,55.0,0.48928465385472614,3,161.0,0.3555693236505227,9,673.0,0.26840934827766433,9,125.0,0.3210366401481929,13,375.0,0.180009645216227,14,255.0,0.20196868369929383,2,132.0,0.502638429343604,4,96.0,0.3678657966856044,6,94.0,0.5649377741797824,0,5.0,0.6308500658374253,12,1007.0,0.15434845059609312,8,821.0,0.11837882245993739,8,745.0,0.19384321539352153,10,646.0,0.126479650870212,10,1393.0,0.2338012082132945,30,1530.0,0.04726491040220072,140,8113.0
3165.0,157,950.0,1.9153225806451613,3.8452468532966053,3,28.0,0.526577333781801,9,186.0,0.2496996143869814,7,406.0,0.40541029389680927,14,176.0,0.3416924583129512,10,303.0,0.19966586050377552,13,296.0,0.1239032456762567,7,154.0,0.28501073361621176,4,97.0,0.3603476619798987,5,81.0,0.2971167643004985,0,4.0,0.7714036421408356,16,959.0,0.09080771152410737,11,848.0,0.23944113308952664,11,673.0,0.1211549499385471,14,706.0,0.22279781208995733,13,1449.0,0.23564478675188497,20,1225.0,0.19822269643350776,157,7591.0
3170.0,171,1134.0,2.25,3.2064127217196994,2,22.0,0.45043610015681124,11,192.0,0.1880392859540796,1,343.0,0.18978978785062153,13,186.0,0.13327114315810784,14,359.0,0.07901536008205783,10,322.0,0.13385280190767132,14,215.0,0.05700591036689888,8,119.0,0.25398027779306626,3,30.0,0.46002586100911014,0,4.0,0.7340805296084564,18,880.0,0.07752632589112654,16,914.0,0.19724262810296897,9,484.0,0.14446648039775456,20,799.0,0.24025104110032433,19,1530.0,0.09197458736132125,13,1228.0,0.2966348322070619,171,7627.0
3175.0,183,1196.0,2.3268482490272375,3.3333097482385132,7,38.0,0.47909056959427176,9,166.0,0.2009641812548819,7,345.0,0.20330731190114834,10,164.0,0.245971619940552,15,409.0,0.09414906905203356,11,305.0,0.16044733335613376,14,231.0,0.24237426523914915,10,124.0,0.10589234748307129,1,17.0,0.5253692777674982,2,9.0,0.7502544353037829,13,921.0,0.18584096991436494,17,883.0,0.08813163797997708,5,508.0,0.17943915517153058,27,921.0,0.08358844726139546,26,1648.0,0.04008949166891901,9,1277.0,0.26159781148960426,183,7966.0
3180.0,189,1505.0,2.956777996070727,4.026202087806409,2,39.0,0.5062458593635912,9,132.0,0.2569303346723488,10,281.0,0.2075098577772862,3,169.0,0.36953186544633226,16,419.0,0.2147972610735581,15,280.0,0.2523717769826243,5,181.0,0.4827898657003041,8,104.0,0.31810993738771765,4,29.0,0.6680412436682825,0,6.0,0.42255257616985287,14,956.0,0.21732584460079638,17,698.0,0.0757556896061424,9,540.0,0.3057135807246013,33,1083.0,0.023271195769001125,32,1791.0,0.1265398481285262,12,1325.0,0.1325003815581307,189,8033.0
3185.0,177,1613.0,3.156555772994129,3.7001979703941066,2,7.0,0.5655127574680164,7,129.0,0.35559025023106927,7,197.0,0.2529096843761609,8,188.0,0.37447093423906075,18,425.0,0.18403815571760798,11,302.0,0.1890715454870536,3,187.0,0.21194158427085166,2,110.0,0.3361513258332735,1,22.0,0.581394723846759,7,28.0,0.327065222045442,15,921.0,0.1366312617364574,10,705.0,0.13610860776736397,8,472.0,0.28150211120459917,33,1252.0,0.15167817133080172,30,1782.0,0.13798523031339543,15,1231.0,0.06946969140320153,177,7958.0
3190.0,168,1401.0,2.7309941520467835,3.5052543423785614,4,22.0,0.5503328831966006,5,110.0,0.36712384573010787,2,155.0,0.32905832845161903,15,250.0,0.13649012692550433,17,370.0,0.10980061571417228,8,302.0,0.18064931886618177,9,221.0,0.12387349790384271,8,123.0,0.35765744922835474,1,3.0,0.43571402293460704,2,39.0,0.5883630575163858,17,940.0,0.05690251265511589,7,738.0,0.12782854560871887,9,460.0,0.10842184533820845,29,1229.0,0.16491194463333414,24,1576.0,0.11762619545529834,11,980.0,0.27584911752285146,168,7518.0
3195.0,182,1268.0,2.4669260700389106,3.4347939302129076,3,23.0,0.4537277574177942,6,73.0,0.3554487591376765,7,157.0,0.20967735912841412,16,273.0,0.027199893324078156,17,404.0,0.09669541648158765,14,345.0,0.16461364826829156,9,223.0,0.22641998001828398,9,133.0,0.2477544077312915,2,12.0,0.4185911388724617,1,14.0,0.7153147496331689,18,1007.0,0.05128666054417791,12,791.0,0.23524101453334784,17,525.0,0.04088833145370626,22,1006.0,0.09414660003154308,19,1517.0,0.11690494622183713,10,951.0,0.18530871860446585,182,7454.0
3200.0,167,1115.0,2.1734892787524367,4.004859579342466,3,19.0,0.5008178353917256,13,100.0,0.21695784266991408,9,150.0,0.10199891353866165,10,243.0,0.14299317571352235,13,463.0,0.12656563250080863,17,357.0,0.14511471290644012,6,168.0,0.3748986619776529,8,123.0,0.2838351626664894,4,29.0,0.5453262571734568,3,17.0,0.6483086549436774,17,1062.0,0.15875098327443807,13,737.0,0.2805619077267608,16,598.0,0.06935102389523966,13,1018.0,0.13006990830195475,11,1575.0,0.23903958364312508,11,1001.0,0.09653861769057792,167,7660.0
3205.0,154,917.0,1.8051181102362204,4.245330864107083,5,42.0,0.524311579449364,15,138.0,0.17860788711178074,5,95.0,0.3401198002742338,3,255.0,0.377864885643268,10,442.0,0.24216261557704485,16,321.0,0.18097089392527738,2,174.0,0.3929299871738388,7,133.0,0.17669521662418644,3,27.0,0.2984608624226378,2,14.0,0.5105824944237417,22,1136.0,0.21153422580334136,11,558.0,0.22778623413823884,20,670.0,0.15574489700109193,11,1068.0,0.15803831839329974,13,1616.0,0.3091948473568903,9,888.0,0.12541271715044622,154,7577.0
3210.0,158,975.0,1.95,3.7163466557764218,1,35.0,0.4300168306715538,10,142.0,0.2449676369778502,1,73.0,0.5462108661935724,8,283.0,0.29593566853380965,7,362.0,0.25229260918883245,11,378.0,0.1561730238533465,8,205.0,0.1262372652070341,8,145.0,0.15134778353073053,5,30.0,0.542938258540021,6,22.0,0.2641014227203949,22,1115.0,0.17230634924807348,10,607.0,0.1363216729132797,27,782.0,0.14067139353022937,13,1121.0,0.2374369347587325,15,1503.0,0.18434627488225042,6,624.0,0.16470940171976778,158,7427.0
3215.0,170,983.0,1.9581673306772909,3.6430731638466867,3,13.0,0.6202391919020155,6,123.0,0.4446992947522125,6,87.0,0.2996590724753457,15,339.0,0.17031514079444757,5,367.0,0.1423890639951007,11,409.0,0.10812089893651083,8,200.0,0.2000637129299485,11,159.0,0.1972472953018171,3,33.0,0.5559307711127868,8,53.0,0.2860682744881924,24,980.0,0.07335965940190885,10,642.0,0.2102666684939495,25,779.0,0.1714859250466469,14,1054.0,0.24764926946290788,16,1226.0,0.08261205534225005,5,575.0,0.3114943677027862,170,7039.0
3220.0,160,939.0,1.8520710059171597,3.7616526230849194,1,10.0,0.5260570565042791,2,112.0,0.36671928391509273,7,96.0,0.07808011616727663,20,430.0,0.04188395841335119,9,397.0,0.1060974119574653,12,387.0,0.10235505374902303,5,101.0,0.363724089932177,5,128.0,0.48722111902658344,5,34.0,0.4853931687195422,2,43.0,0.5499891848772467,20,1022.0,0.11174312593614218,12,571.0,0.10040026025305936,17,570.0,0.1402518602203121,13,883.0,0.17933479995089044,21,1073.0,0.11032508883654137,9,612.0,0.29350615652920975,160,6469.0
3225.0,130,754.0,1.4990059642147118,4.104494885186907,5,25.0,0.4987337434681075,7,99.0,0.27435424240604506,6,93.0,0.20058859319353367,20,462.0,0.14204420423293845,9,371.0,0.099934495598612,8,301.0,0.16484013118548585,1,61.0,0.5226414804642528,6,92.0,0.41383065773050315,2,35.0,0.3604338986316381,5,42.0,0.5523993281316298,13,1073.0,0.24001530765161055,10,453.0,0.21749821263954008,7,561.0,0.16821595125470634,8,806.0,0.13022467420133826,14,1156.0,0.19627049922597975,9,523.0,0.18135426619759726,130,6153.0
3230.0,127,550.0,1.095617529880478,4.083402275772689,1,24.0,0.4945488475313097,13,149.0,0.22256282967216584,1,69.0,0.5434045917249722,14,408.0,0.22983568546229072,8,298.0,0.12424458565378388,7,290.0,0.21927863746275641,2,62.0,0.28690922634237503,10,111.0,0.29565710605663686,6,25.0,0.2838912118958607,3,40.0,0.37843659825137693,10,993.0,0.21580845158219047,13,508.0,0.2883962587109021,9,603.0,0.25358139488985526,10,847.0,0.14699449155483046,10,1154.0,0.180821090271793,10,383.0,0.11388001491426003,127,5964.0
3235.0,140,673.0,1.340637450199203,4.041694585352318,3,11.0,0.5644174152845584,10,173.0,0.3740547053182283,6,81.0,0.45018340456728917,12,436.0,0.2773354283334357,8,327.0,0.22634184345430386,8,330.0,0.11147796104124405,7,89.0,0.2156328473250771,5,99.0,0.2634787920462095,10,66.0,0.2771996023724344,6,33.0,0.36490833434746,10,742.0,0.11391027755608896,13,543.0,0.16395275665237063,6,528.0,0.3408002607886583,12,901.0,0.25743234302514867,14,1160.0,0.11521846517365499,10,209.0,0.16566141923576988,140,5728.0
3240.0,144,818.0,1.6294820717131475,3.6885825755691557,2,16.0,0.41487144560039885,4,130.0,0.2877371856975078,13,130.0,0.14689817148846493,8,481.0,0.1799672027825773,12,381.0,0.28519172438006235,12,385.0,0.13456812952353603,14,143.0,0.2429739339082749,6,57.0,0.3128551047461773,4,80.0,0.4639586183517858,3,42.0,0.3048341041326202,7,701.0,0.1257039667833702,18,593.0,0.10945889503339888,5,410.0,0.23712217020839757,14,837.0,0.26482748527206307,20,1206.0,0.10333141485202275,2,215.0,0.3674689728807186,144,5807.0
3245.0,174,1027.0,2.0663983903420524,3.8630145990646434,5,25.0,0.543169950590891,4,68.0,0.3508132239613383,16,167.0,0.029784086883575995,10,458.0,0.12803438408048912,15,442.0,0.24537379921490737,14,388.0,0.19900089975890198,13,178.0,0.2107269654541505,6,64.0,0.3299837637522104,3,45.0,0.6163108030998672,3,31.0,0.5590760752105307,7,701.0,0.2463753963749867,25,703.0,0.07436431229362704,10,392.0,0.11876512546798612,14,656.0,0.14174359147764437,22,1123.0,0.12029804819003913,7,201.0,0.419644498928648,174,5642.0
3250.0,163,1089.0,2.1693227091633465,4.3733555326209546,1,25.0,0.5353135950059467,2,57.0,0.4061363980981715,10,169.0,0.13733293026197663,6,360.0,0.20989821380026333,16,443.0,0.13689548718660352,10,321.0,0.35587374769332697,5,134.0,0.37940157407334957,3,58.0,0.42805079136041363,2,35.0,0.43804296946957105,6,40.0,0.6125632386219685,13,725.0,0.23341316087141395,33,850.0,0.016152566221875227,11,439.0,0.15374563572469457,10,650.0,0.11432018013918539,21,859.0,0.24104851016063938,14,254.0,0.4054679364179483,163,5419.0
3255.0,162,1080.0,2.164328657314629,3.9508094055074556,4,17.0,0.5323484654621427,7,62.0,0.42396664233244336,2,166.0,0.36115043792904283,4,334.0,0.2677660585262306,19,374.0,0.0932019621558304,6,205.0,0.38883193918448494,2,120.0,0.3264943013282387,4,52.0,0.39211491697616696,9,60.0,0.2295380538304958,3,36.0,0.36513880659052744,15,655.0,0.0868909883893237,27,870.0,0.15682847701082814,14,473.0,0.2555845459857483,10,697.0,0.15433349260478546,16,936.0,0.17028686275515256,20,340.0,0.2116001238659885,162,5397.0
3260.0,171,1185.0,2.3843058350100605,3.9493912951819543,0,16.0,0.5407927074041321,7,66.0,0.41804852979270196,8,194.0,0.40865059586408736,8,370.0,0.29738247180927435,15,424.0,0.21408741914287507,3,216.0,0.3605784974731802,7,134.0,0.23826241364786213,7,54.0,0.2555027435090681,9,85.0,0.23693859762729585,5,29.0,0.3983720976155222,17,682.0,0.06810225397784306,19,749.0,0.23560783853113862,18,530.0,0.3196641110222225,9,630.0,0.24608472015190844,15,1003.0,0.11401252436843308,24,451.0,0.032878697161850816,171,5633.0
3265.0,155,1016.0,2.032,4.078590889252125,3,12.0,0.6116720146460028,4,45.0,0.32332224160544587,9,198.0,0.2713127040254614,14,425.0,0.192537059487271,13,466.0,0.2714540190050392,8,236.0,0.270551153123109,8,136.0,0.22999029660572143,10,99.0,0.33045986958429086,3,75.0,0.46773706953982463,1,24.0,0.5623169354543661,16,759.0,0.160480125251288,14,820.0,0.13488066564696088,17,526.0,0.0796086196381001,5,451.0,0.3204594669499123,10,896.0,0.11879571571543056,20,461.0,0.1251582609696754,155,5629.0
3270.0,146,876.0,1.7555110220440882,4.041329535075511,2,15.0,0.5016858164080167,3,54.0,0.26623247694785906,5,147.0,0.31261030834261344,20,514.0,0.14217131227962881,9,444.0,0.1609305559982786,9,232.0,0.1642616223416673,6,93.0,0.2121799817426365,12,151.0,0.46587465272524914,2,65.0,0.35510983976681126,4,21.0,0.5789999309475601,20,823.0,0.18399849586314196,12,887.0,0.09593971808899673,15,406.0,0.10807801244653023,5,472.0,0.23676499734021347,12,689.0,0.21527757102536718,10,390.0,0.3678847969008194,146,5403.0
3275.0,151,1040.0,2.0841683366733466,3.990579529871015,3,19.0,0.6071899153844298,10,74.0,0.40121841016906074,11,164.0,0.2967801899002766,26,636.0,0.16699982010592712,10,339.0,0.13605054248806356,12,197.0,0.18615430375599162,1,74.0,0.37543827880894054,12,211.0,0.3212288360225454,7,83.0,0.27277840525293595,2,22.0,0.39213471787450577,21,920.0,0.09732858890171552,10,824.0,0.23053970291077044,4,437.0,0.3230727097193207,11,518.0,0.12982443514360928,5,663.0,0.264512476257023,6,269.0,0.312459621001242,151,5450.0
3280.0,170,1287.0,2.5791583166332663,3.499983279626229,2,17.0,0.5761484292022129,8,95.0,0.3113248054419304,10,196.0,0.278203465840785,34,792.0,0.14899856448416662,3,332.0,0.2426365582794692,9,202.0,0.14478778027309286,6,96.0,0.20982447039834728,13,219.0,0.12787633231911374,9,103.0,0.24916009049723806,5,28.0,0.39049562343668076,26,1045.0,0.032271222489448935,7,652.0,0.3087356218926958,7,446.0,0.3831151188294007,18,589.0,0.19017484723833136,10,679.0,0.2566791192415108,3,277.0,0.23861054323247,170,5768.0
3285.0,170,1324.0,2.637450199203187,3.896359477879699,5,21.0,0.5375673999870322,4,74.0,0.29140468619094767,12,207.0,0.22438451962049183,31,847.0,0.06028781509109194,7,316.0,0.3144508108759314,7,209.0,0.2865870439325358,12,147.0,0.2185185721299576,7,153.0,0.17965425083045697,3,76.0,0.5062880268672889,1,32.0,0.5161390287675678,28,1019.0,0.14641152762961612,6,584.0,0.21829934315559948,9,399.0,0.17807480165616663,17,561.0,0.2136154024161304,13,735.0,0.20628401880734537,8,303.0,0.2721052431606026,170,5683.0
3290.0,177,1305.0,2.56385068762279,4.192012938365336,0,17.0,0.577919774552365,5,58.0,0.39010066231073953,18,254.0,0.14253287423818675,25,787.0,0.06865549623449259,12,350.0,0.25320204866552676,13,234.0,0.26614010338393407,14,168.0,0.3199967855300191,2,135.0,0.2551956429709849,4,80.0,0.42394140966959937,3,20.0,0.628213048296797,23,873.0,0.23542725215381824,8,614.0,0.18202648576709834,9,279.0,0.10960410712102642,16,419.0,0.14666742732443197,17,700.0,0.06376325313725037,8,288.0,0.3060391945317549,177,5276.0
3295.0,166,1186.0,2.298449612403101,4.016706372930844,2,5.0,0.693989027401254,2,52.0,0.4630419007123034,20,351.0,0.17168136815965435,14,835.0,0.10987221452894214,15,352.0,0.10282680859935281,15,251.0,0.11776630972380937,10,165.0,0.3686994572695043,7,152.0,0.292810499320189,10,108.0,0.31017789454632955,2,16.0,0.4053434886521484,16,854.0,0.17835083474047086,7,560.0,0.15349630598544367,12,334.0,0.21975816661070158,13,454.0,0.12686540256376944,17,562.0,0.0918794628245419,4,208.0,0.47736852744836383,166,5259.0
3300.0,153,974.0,1.9558232931726907,3.825800237209609,1,6.0,0.5366186547042056,6,40.0,0.5042985756428897,23,461.0,0.13993907930813423,12,873.0,0.2256037485825036,16,324.0,0.08458188593457279,16,227.0,0.1903682801478746,6,188.0,0.30019708027235087,6,144.0,0.3765443123802878,9,118.0,0.1836778481316916,5,30.0,0.4188353894043869,12,925.0,0.15364572468797288,2,415.0,0.2819889117878209,10,365.0,0.29212185283071324,11,507.0,0.23479906389314703,12,570.0,0.21777176545621374,6,86.0,0.2372854886928488,153,5279.0
3305.0,147,906.0,1.845213849287169,3.8991682289667686,4,18.0,0.5946830214305152,9,71.0,0.24721876887253286,22,497.0,0.17113812949908538,8,822.0,0.2780154197498788,18,282.0,0.21920463198819692,7,247.0,0.18335257812145372,9,216.0,0.17262068270560352,1,75.0,0.44678572639359054,8,100.0,0.2528814590869823,1,33.0,0.5680577139956255,7,855.0,0.251664970088935,6,439.0,0.3525774502870665,16,392.0,0.14103122161683795,15,566.0,0.25328857564495233,13,608.0,0.24048266734829715,3,100.0,0.2570221217680512,147,5321.0
3310.0,150,979.0,1.950199203187251,4.290278183379449,0,11.0,0.600292956650014,13,135.0,0.25275490774063714,16,436.0,0.31112494794402984,8,679.0,0.23266203220147658,11,322.0,0.25833355168466826,8,252.0,0.26208194046684136,10,225.0,0.10109403609001305,1,19.0,0.44035731275658124,2,92.0,0.3333725894110356,3,17.0,0.6542502142017476,5,674.0,0.3056168776631764,11,476.0,0.32708151140863745,23,493.0,0.04855614083138506,21,654.0,0.10673792070245319,10,562.0,0.14366811733607257,8,111.0,0.2777727358423376,150,5158.0
3315.0,171,1261.0,2.4871794871794872,4.011058621275808,2,5.0,0.7099386333784322,13,200.0,0.37200830122814355,11,416.0,0.2986749556757676,5,693.0,0.2131326402078487,6,290.0,0.20718182845908767,13,292.0,0.26028401487726266,14,211.0,0.08904681504744073,3,25.0,0.37580911307290565,8,112.0,0.2397798877321083,1,10.0,0.5026033494452578,6,687.0,0.13414334635971534,11,446.0,0.22606675161534276,27,623.0,0.16123255185176616,28,779.0,0.017075294974216563,14,470.0,0.12579233909318058,9,107.0,0.4457802583522912,171,5366.0
3320.0,158,1464.0,2.9105367793240555,3.6708629702175184,0,1.0,0.7272466313947249,7,201.0,0.34945723617014957,2,427.0,0.16135490588276155,7,706.0,0.15978364701316344,9,274.0,0.1862392155949349,21,378.0,0.11764816434197364,4,219.0,0.16209720414958692,6,46.0,0.5234336282163824,8,129.0,0.28118173298345006,6,22.0,0.39965819766974386,10,722.0,0.10429725140410705,12,348.0,0.1620049633049892,27,760.0,0.20646259305211168,29,926.0,0.1449041430646376,8,498.0,0.23068600462531386,2,64.0,0.26538311341458565,158,5721.0
3325.0,164,1658.0,3.3226452905811623,3.8620009956685055,2,6.0,0.683656192687105,3,134.0,0.30216302529880246,6,448.0,0.22603554273943063,15,763.0,0.13402016660693236,11,231.0,0.24679941136829625,27,504.0,0.07857857370866929,7,215.0,0.25852141228977077,3,47.0,0.48682490018819946,3,83.0,0.5280744820402772,0,25.0,0.7255986190729563,8,655.0,0.2379256870122322,12,304.0,0.1466264400166449,32,903.0,0.04153783713088337,23,926.0,0.2090600625275764,10,511.0,0.2192612769934632,2,72.0,0.15762392547229798,164,5827.0
3330.0,179,1834.0,3.646123260437376,3.670956240272822,4,23.0,0.5200233770618057,2,142.0,0.30111045814265125,14,504.0,0.2122808438653248,20,855.0,0.019693312206274256,11,260.0,0.17629891186673782,32,658.0,0.12776141616959674,13,250.0,0.35402411989915267,2,21.0,0.47346294345204354,2,81.0,0.454699592541738,1,6.0,0.7056302861008314,5,452.0,0.27910988202150655,9,337.0,0.1816463808860702,31,928.0,0.04469639093666695,14,755.0,0.1753201941686259,11,475.0,0.10598996929149018,8,105.0,0.12263822905858748,179,5852.0
3335.0,195,1895.0,3.7303149606299213,3.625831239895521,0,17.0,0.5325829431033046,9,179.0,0.22349591845125277,20,597.0,0.1124520059776026,27,981.0,0.0028271766608715908,12,283.0,0.09407387138709694,30,732.0,0.15388938683693004,16,329.0,0.39107885775250456,2,17.0,0.2093914673919287,8,102.0,0.2638419169334076,0,7.0,0.4448651221115894,4,431.0,0.19400420100211757,12,337.0,0.2600287967314161,21,827.0,0.20814756080066746,12,587.0,0.1852834665605202,14,360.0,0.11461814642471531,8,111.0,0.45503394254158147,195,5897.0
3340.0,192,1877.0,3.716831683168317,4.003900673259593,2,8.0,0.6325570094607339,14,240.0,0.3518320453453837,27,719.0,0.050000257297052465,26,993.0,0.02332184798811535,15,308.0,0.15686685018131552,23,697.0,0.09073388271955944,16,406.0,0.43496443060787027,5,30.0,0.16113010412980458,7,108.0,0.34408724133707924,6,27.0,0.39949546520479384,6,452.0,0.15549015192150178,17,396.0,0.2261360358966973,15,818.0,0.28075250529747126,4,613.0,0.29470871978922547,9,395.0,0.21742865582031085,0,73.0,0.47949867167545707,192,6283.0
3345.0,188,1935.0,3.854581673306773,3.759009912088429,3,11.0,0.5733330122428186,10,235.0,0.23634002697919576,34,872.0,0.03383961633364395,16,859.0,0.24481122655917825,21,382.0,0.16802285753290838,16,782.0,0.1166717840707045,17,487.0,0.20654523087436266,1,26.0,0.20703203182157476,2,60.0,0.43956397262549285,1,34.0,0.5660640029019033,14,508.0,0.12803237720619573,23,495.0,0.09518437411584026,10,862.0,0.16868468255177785,6,616.0,0.32786889475637576,10,403.0,0.20735778829932916,4,78.0,0.39839503967261714,188,6710.0
3350.0,219,2068.0,4.136,3.8574129993643207,5,28.0,0.5509475198924645,7,158.0,0.27502293319524024,29,918.0,0.16742793859351934,9,873.0,0.35140342853144946,33,524.0,0.18717328627308183,14,843.0,0.23740570108788045,18,486.0,0.04109032136119488,7,30.0,0.08299968951929043,2,44.0,0.4991822885242432,3,18.0,0.6731880384584047,13,488.0,0.203836965088855,29,634.0,0.029758693508042163,13,918.0,0.15315576440437167,12,651.0,0.15006053930586377,15,437.0,0.16076383306022043,10,112.0,0.30086131725632803,219,7162.0
3355.0,200,2051.0,4.077534791252485,3.6327427252496163,0,23.0,0.5723279805025275,2,169.0,0.3378500986314877,20,838.0,0.230809258708923,8,911.0,0.281315674359563,36,681.0,0.14082241663892495,9,800.0,0.25657871630247037,11,357.0,0.1469926463513159,1,38.0,0.5664201920165411,6,64.0,0.5677947503418959,2,18.0,0.47844910779070027,9,347.0,0.24468318922868898,29,783.0,0.07775483316904364,20,1005.0,0.1410300239337801,13,619.0,0.06385711612430793,21,527.0,0.07227473219687772,13,154.0,0.11469694009124444,200,7334.0
3360.0,211,2140.0,4.340770791075051,3.429055033143295,2,6.0,0.6701006415457305,9,197.0,0.3751266877683517,13,819.0,0.1616579365568891,11,844.0,0.1594479534588443,36,836.0,0.10270930454993965,9,664.0,0.17524256008344022,2,324.0,0.332618621010441,0,10.0,0.8930199492001356,5,59.0,0.26077609508607436,7,38.0,0.29391022428157987,12,395.0,0.18323064639196182,28,806.0,0.15124931961234417,26,1106.0,0.1485497748982702,11,491.0,0.29123096973551416,22,538.0,0.06941912591994223,18,236.0,0.04354436792024899,211,7369.0
3365.0,183,2136.0,4.289156626506024,3.8150648544635266,1,1.0,0.6091253059039917,9,185.0,0.29057297255958653,10,867.0,0.17821575479420454,11,621.0,0.1332558987719809,36,1007.0,0.08004831810499119,6,660.0,0.15135606635240512,7,327.0,0.18697322874028482,0,0.0,0.4771526481181952,3,36.0,0.43795787182657764,2,43.0,0.5367118050624115,14,466.0,0.11693714478531872,20,696.0,0.23189975348676964,28,1243.0,0.1163603880918153,3,467.0,0.3681397256082553,17,471.0,0.21761840597279247,16,314.0,0.18796807987374878,183,7404.0
3370.0,184,2303.0,4.643145161290323,4.350348935352357,3,14.0,0.5881845129237254,6,138.0,0.2572850960481402,10,894.0,0.22385006099938598,12,439.0,0.2885041793766875,36,1186.0,0.13350815923723908,7,686.0,0.28047991969450575,7,288.0,0.22972408272953918,3,15.0,0.17043430945165852,0,17.0,0.5389917416709094,2,21.0,0.7029408380226717,14,534.0,0.22679296849382163,14,690.0,0.14844463105099792,27,1244.0,0.03328302122947372,9,495.0,0.19782504607787332,18,561.0,0.18611320303588674,16,358.0,0.15452171792650418,184,7580.0
3375.0,169,1970.0,4.04517453798768,4.19505109682117,0,11.0,0.6129935674527155,4,80.0,0.33517461328182746,12,847.0,0.1385488870722512,4,459.0,0.3464000658342321,32,1232.0,0.11011365489466055,8,646.0,0.2444663630340719,4,177.0,0.36821010652279385,0,16.0,0.6535700435175109,4,24.0,0.6752204908967139,3,21.0,0.3807577449767898,21,626.0,0.18422783450987282,10,744.0,0.11849339003099169,21,1051.0,0.20254546878112611,15,556.0,0.23656276343231128,14,635.0,0.14264911848531098,17,377.0,0.05731712563543292,169,7502.0
3380.0,157,1596.0,3.3529411764705883,4.056499963144988,2,4.0,0.6325100256902416,1,75.0,0.47723074605889004,13,705.0,0.14090281557615958,8,440.0,0.2452787196387244,27,1162.0,0.1431288649750756,6,518.0,0.23507887023997268,2,152.0,0.4271075089246707,0,6.0,0.8861497238379502,2,24.0,0.48219909708876757,9,56.0,0.29548372994460964,28,748.0,0.05215184075418497,13,793.0,0.149635809620866,14,1121.0,0.24514249297916876,14,521.0,0.251105972712316,9,598.0,0.13598612127465043,9,317.0,0.3386514671115582,157,7240.0
3385.0,157,1427.0,3.0233050847457625,4.110831050649401,1,4.0,0.6210752491786068,8,88.0,0.3815620677326248,11,747.0,0.19643393023495875,13,474.0,0.17400227159886944,21,991.0,0.13838109901148712,5,508.0,0.19696252747278883,8,182.0,0.1819127404651492,0,4.0,0.8503828576098574,3,13.0,0.3670627518613863,4,65.0,0.5145719573843782,35,908.0,0.012874849202497072,20,877.0,0.1618638449116138,12,1180.0,0.19019924432514806,8,366.0,0.3367738256237191,5,456.0,0.28346667702858586,3,309.0,0.47114707269986933,157,7172.0
3390.0,160,1277.0,2.6827731092436973,4.043372049379186,3,14.0,0.595751730145184,13,143.0,0.1948434234418081,9,766.0,0.26988433604136414,16,434.0,0.08355886310643912,10,1042.0,0.18770292870316035,8,521.0,0.26341151009615515,15,247.0,0.20388172647789224,1,6.0,0.5076201448969352,1,9.0,0.3850026936391632,1,26.0,0.6286689640406538,31,950.0,0.11481192968018702,22,885.0,0.2540226548346879,14,1249.0,0.1422069637780441,3,290.0,0.2425164797918539,4,438.0,0.26467012652123195,9,322.0,0.23508230703029062,160,7342.0
3395.0,171,1199.0,2.497916666666667,4.2169036589308275,4,31.0,0.558642500952989,14,172.0,0.18468125253543793,12,710.0,0.19657981962974036,16,336.0,0.285103271632879,7,1031.0,0.3730653794571712,14,574.0,0.2856314661914543,15,251.0,0.25318794186820237,1,12.0,0.20087938093141236,7,27.0,0.3518931849033853,3,13.0,0.49257392320094345,23,830.0,0.21872191360438803,13,775.0,0.20831391561237164,16,1182.0,0.204517962465834,5,310.0,0.162734704572577,6,461.0,0.13027742178480622,15,385.0,0.024378193169433297,171,7100.0
3400.0,158,1098.0,2.30672268907563,3.977725027706174,2,23.0,0.5130995811529078,6,147.0,0.3374864552772673,11,566.0,0.09426576492483593,6,339.0,0.2809241279876505,8,955.0,0.27591325320496857,21,666.0,0.185470594597077,6,166.0,0.22338055712167187,0,9.0,0.5860280815276162,3,41.0,0.5347444307280251,2,15.0,0.37158816772846437,15,860.0,0.14716095284839636,16,798.0,0.07997826985644818,14,972.0,0.26626731974338663,14,365.0,0.2287934099342738,12,507.0,0.14422036628673102,22,480.0,0.0014662265728211078,158,6909.0
3405.0,137,887.0,1.8792372881355932,4.100864417386159,3,13.0,0.5618475856224255,2,115.0,0.4733346052592887,7,554.0,0.2008439416211175,8,348.0,0.1718421183148789,9,797.0,0.16211464844248083,21,667.0,0.1000969713707445,3,180.0,0.24630026305343944,0,8.0,0.8597054840645988,2,23.0,0.7261117429400126,5,28.0,0.6023049915360296,12,928.0,0.12416076023287329,13,862.0,0.12371356883081233,12,955.0,0.16977846794060858,11,334.0,0.25096142302207886,12,488.0,0.22060175218214556,17,493.0,0.07464089801361337,137,6793.0
3410.0,124,671.0,1.436830835117773,4.475715658698799,1,8.0,0.5876082834289569,6,128.0,0.3852419419918818,7,555.0,0.3751849706860049,15,405.0,0.09523149697705287,8,779.0,0.1097987595012819,21,574.0,0.08491142081120269,7,208.0,0.41931738676826896,0,4.0,0.7839724637688564,3,20.0,0.5374184617061534,2,32.0,0.6431842797583249,8,858.0,0.138907943018648,14,900.0,0.23816950474101126,10,1012.0,0.10399110035284333,7,237.0,0.3259750407512912,8,391.0,0.22039060478957206,7,381.0,0.393073361851936,124,6492.0
3415.0,130,710.0,1.4884696016771488,4.402246506423445,4,21.0,0.6178659999149645,7,126.0,0.22576146582639794,14,601.0,0.2770176563465588,21,496.0,0.06842780962273318,8,782.0,0.1356432467701564,14,602.0,0.13123042667355886,8,203.0,0.40225536633129566,2,10.0,0.5144748684680126,5,46.0,0.40482029253388824,3,21.0,0.5933892029163849,4,724.0,0.2936820325086921,16,869.0,0.2045552235534821,8,912.0,0.1409998331243238,4,259.0,0.2601677533802577,11,280.0,0.15761574522049995,1,200.0,0.41506322898123654,130,6152.0
3420.0,111,564.0,1.1923890063424947,3.892378228910886,0,17.0,0.5408170494301449,4,81.0,0.312614705998862,15,563.0,0.09705345943095908,21,505.0,0.20753886469161936,13,785.0,0.11434678905594198,11,648.0,0.14577979398226704,5,148.0,0.32053040339619265,0,10.0,0.4331086017591912,1,33.0,0.5855443681040184,1,15.0,0.39333293571202915,4,702.0,0.2743446353376322,14,724.0,0.09489933984118201,4,689.0,0.1732430920695541,9,294.0,0.23398592051657402,7,317.0,0.1902563187525974,2,200.0,0.2763400695161096,111,5731.0
3425.0,111,483.0,1.0254777070063694,4.268798880929097,2,8.0,0.6391901078169309,2,77.0,0.4755232681400872,17,468.0,0.08789117576763196,11,416.0,0.29173166008373164,14,695.0,0.1947994641879025,8,583.0,0.2512266291502064,2,117.0,0.2683832562149217,0,4.0,0.6830606065737863,0,5.0,0.8201216734900794,6,19.0,0.28527375169735714,9,728.0,0.17106048492212536,12,778.0,0.10206008934977201,4,658.0,0.25180871870070787,9,276.0,0.2474737016651079,8,336.0,0.3023972156731829,7,225.0,0.20592599851842222,111,5393.0
3430.0,124,538.0,1.1374207188160677,4.35896328358092,4,27.0,0.5865298241434961,8,94.0,0.4467386861162491,9,483.0,0.12998333578044227,9,387.0,0.15878081996812357,11,554.0,0.20564640094040462,6,421.0,0.30135714539445835,7,139.0,0.33277917384572303,3,7.0,0.3680623657481297,1,5.0,0.4827669670137143,9,44.0,0.26218985863078925,14,784.0,0.09900883876500338,11,815.0,0.23505355040248452,8,691.0,0.30919451963755273,7,204.0,0.3298434519511227,10,327.0,0.30708399522658436,7,210.0,0.27643598104707706,124,5192.0
3435.0,117,496.0,1.0333333333333334,4.158905657327067,1,20.0,0.5199026933815623,9,100.0,0.2291463399846629,8,502.0,0.1651018249355937,9,436.0,0.1896744020581652,10,572.0,0.11514705020230623,7,257.0,0.16837093382966087,13,193.0,0.3905733584526546,5,30.0,0.5250097058154006,1,5.0,0.46986586862957697,4,52.0,0.35411913581943427,14,762.0,0.09209394345279179,12,765.0,0.23901847538667068,8,603.0,0.27690870035834914,5,239.0,0.2658416332411251,6,188.0,0.21024679864917356,5,212.0,0.3270604985321634,117,4936.0
3440.0,119,555.0,1.1586638830897704,4.057429028421537,2,10.0,0.6002341790549798,6,83.0,0.29910417203175405,7,444.0,0.15028552218191016,7,411.0,0.3188471558935146,10,590.0,0.14365046711964635,5,282.0,0.22297339812720623,17,271.0,0.23116039850960618,1,27.0,0.40060256658962917,3,15.0,0.6563687269675604,1,42.0,0.4941980278831168,10,634.0,0.23222837156193066,12,599.0,0.18309940789917473,9,415.0,0.16410197415367891,10,282.0,0.24529781676713197,9,139.0,0.17635751357010412,10,247.0,0.14680321922287337,119,4491.0
3445.0,126,648.0,1.3528183716075157,3.9499054067725514,1,13.0,0.5748529792750398,3,93.0,0.3207254384841411,6,297.0,0.1344185701262735,3,280.0,0.3633782706724775,15,653.0,0.09324622348685144,9,304.0,0.3572904519372391,18,300.0,0.059808745481172876,0,5.0,0.5164980083267648,0,8.0,0.7023426635779272,6,51.0,0.5458125625537362,13,646.0,0.25425890175229127,10,569.0,0.105001708310062,7,416.0,0.11572716244638362,17,353.0,0.21288294044243405,4,148.0,0.18337792055360513,14,311.0,0.06723816203970967,126,4447.0
3450.0,148,809.0,1.7139830508474576,4.07597732340998,4,19.0,0.5144659144896423,9,116.0,0.37340350312250953,5,321.0,0.2877060505224769,5,301.0,0.17827773742195469,16,614.0,0.17834528869342384,10,301.0,0.208329255836917,16,248.0,0.14005200680877442,0,4.0,0.8060463123061375,2,10.0,0.5637316934226164,4,53.0,0.24995504276741132,14,714.0,0.15878098284444897,9,592.0,0.2488708086645919,9,436.0,0.25387644110912466,22,455.0,0.22391474253764682,8,147.0,0.26436478035190086,15,316.0,0.17858480383821462,148,4647.0
3455.0,150,974.0,2.076759061833689,4.275708584570083,0,14.0,0.6097803506501448,9,133.0,0.2999013634414963,10,357.0,0.31738807450518625,9,335.0,0.2585294353452516,13,445.0,0.25597399683334454,8,248.0,0.21530294442505865,3,274.0,0.30034610311548066,0,4.0,0.8707279107433566,1,8.0,0.45879130725027445,3,34.0,0.4545694858338342,17,786.0,0.10741583870909323,15,649.0,0.23522184836447435,14,487.0,0.24401750726073235,26,576.0,0.09223233585993335,10,153.0,0.3214021265335236,12,254.0,0.314581783281568,150,4757.0
3460.0,157,1080.0,2.2453222453222454,3.7108742474308776,2,6.0,0.667927598553942,7,110.0,0.28206792444218043,17,425.0,0.1834409590752452,10,311.0,0.29177167470682125,13,259.0,0.1490405126185997,6,273.0,0.16885126089857838,8,279.0,0.23405695442628968,0,0.0,0.8619267822233362,2,13.0,0.6681106388611127,2,30.0,0.4946920660678607,22,886.0,0.1800671418702563,17,603.0,0.09809968585066506,15,442.0,0.10660277453305354,20,605.0,0.06892361573837798,7,160.0,0.21587173425975584,9,241.0,0.21799349216278005,157,4643.0
3465.0,149,888.0,1.8385093167701863,3.7722421565652797,2,7.0,0.5340292976222448,3,109.0,0.30633465997446774,18,415.0,0.04933290628875764,7,229.0,0.19458474422757113,11,265.0,0.20055560393687474,9,287.0,0.21637776524303148,7,261.0,0.19876001032788568,1,1.0,0.43821691507180266,0,6.0,0.7968439858412532,6,49.0,0.4687609311759098,23,883.0,0.1777536683434965,16,410.0,0.11697847526197479,18,355.0,0.1533059071905993,11,511.0,0.3264549106591337,9,194.0,0.08409438216946376,8,287.0,0.1521619603229321,149,4269.0
3470.0,127,688.0,1.4098360655737705,4.064816500930955,3,17.0,0.5788525944956372,8,127.0,0.37234267234658486,19,382.0,0.09757644483985987,3,239.0,0.250774563051757,5,297.0,0.3437016455681901,15,348.0,0.2136088908708193,4,197.0,0.2530929926935496,2,18.0,0.5769026423006642,0,4.0,0.5008016796905818,4,50.0,0.29930355343710446,19,693.0,0.09685270866209875,7,402.0,0.31506789458383594,12,413.0,0.21300283014771818,7,510.0,0.23797269435075635,12,245.0,0.06788152775201736,7,283.0,0.15112671565261146,127,4225.0
3475.0,132,667.0,1.378099173553719,3.9851844247138666,5,40.0,0.5206686320348604,9,139.0,0.3165079012585984,10,447.0,0.2518352119739226,9,267.0,0.24648747437782875,7,304.0,0.3248335852707714,16,357.0,0.09351988471767676,4,223.0,0.20064603334877823,0,8.0,0.8864963598577275,0,8.0,0.4792353516108366,4,36.0,0.4501582176311745,21,746.0,0.0965958445363804,8,413.0,0.28340459064208,14,456.0,0.22535538798562557,7,547.0,0.17041911252968162,13,261.0,0.07236658776864692,5,251.0,0.25907777672537396,132,4503.0
3480.0,129,596.0,1.244258872651357,3.9336397537477934,1,34.0,0.5142651304809894,6,108.0,0.29820189311151757,11,484.0,0.22865892715346195,11,254.0,0.23484777590970432,11,301.0,0.1591380589765802,16,313.0,0.11018831586357256,8,252.0,0.37079716089842146,0,4.0,0.9010221889292251,2,8.0,0.6929421124229278,3,40.0,0.46248583006070293,13,817.0,0.12410797565747017,13,459.0,0.21900471335225316,12,430.0,0.12693127229836537,8,509.0,0.14218366778907884,9,227.0,0.12645911389494582,5,257.0,0.3405362208962255,129,4497.0
3485.0,126,556.0,1.1416837782340863,4.07668577458913,1,6.0,0.5837753708258379,2,83.0,0.3140916278506013,9,453.0,0.13453508402168504,8,202.0,0.1855309923753783,13,318.0,0.0978229398193173,12,348.0,0.26410324178429484,8,241.0,0.2740387298864295,2,6.0,0.32598375909334665,0,4.0,0.7666911440059035,6,60.0,0.5706944031378027,13,848.0,0.2136224516365343,13,447.0,0.06282382440985959,14,362.0,0.12718483688505136,4,384.0,0.33689290894988144,10,188.0,0.2843595450295003,11,292.0,0.2134070315542502,126,4242.0
3490.0,138,613.0,1.2510204081632652,4.16125296184614,3,16.0,0.6374770872063091,7,98.0,0.30632984100638116,12,388.0,0.13401216368939295,2,171.0,0.2827698155641206,18,375.0,0.05089365075426165,11,391.0,0.27848962969213686,7,171.0,0.18615568270497962,2,18.0,0.5846894464947476,1,4.0,0.617466378925861,3,52.0,0.2796782006781041,20,927.0,0.2626114889801187,14,373.0,0.2382162334112957,9,338.0,0.2564801589972988,3,358.0,0.2913629147005414,9,230.0,0.33283927137005404,17,363.0,0.13221875381728265,138,4273.0
3495.0,144,910.0,1.8762886597938144,4.008499255312749,0,11.0,0.5508013515646019,13,157.0,0.1872456950817013,7,392.0,0.27986329924046804,6,176.0,0.2864822317839674,17,457.0,0.13073482902607417,9,367.0,0.2540965798712029,2,175.0,0.193390366697767,0,6.0,0.8661361654987172,1,9.0,0.44122558670166045,3,23.0,0.44921728295594354,26,1045.0,0.15909999656467275,12,406.0,0.3014420873547745,7,341.0,0.2613166239504301,7,379.0,0.21258402022917353,11,274.0,0.3064239370175235,23,464.0,0.022008481982031782,144,4682.0
3500.0,170,1187.0,2.4524793388429753,3.9968227970309997,3,8.0,0.6343396483286535,9,171.0,0.3871400192076877,8,410.0,0.3611597231783437,13,224.0,0.23938319662771726,19,514.0,0.15300120168056117,13,313.0,0.19875445000253544,7,201.0,0.3832789290772804,0,4.0,0.9010005972977343,1,7.0,0.5328504367646547,0,9.0,0.5270756653370169,28,1028.0,0.054957867784368175,8,434.0,0.1889841901825338,12,376.0,0.1712632262597155,8,345.0,0.12551209712464864,11,280.0,0.2560888381354441,30,605.0,0.04235278350858126,170,4929.0
3505.0,181,1392.0,2.812121212121212,3.635160484030034,1,6.0,0.6280804384165874,2,118.0,0.3894071574072374,13,466.0,0.2196224402836641,19,304.0,0.07640921820270143,16,528.0,0.06586676801536304,10,350.0,0.12167200802163368,7,185.0,0.33829210938736426,2,6.0,0.47830134241370315,1,8.0,0.7362000196472919,5,22.0,0.587851176049469,25,894.0,0.0879269363828826,13,458.0,0.19288546692188616,15,378.0,0.07439522475781124,5,248.0,0.29134981813986127,13,316.0,0.12060123671177742,34,771.0,0.11892027396136948,181,5058.0
3510.0,187,1575.0,3.2274590163934427,3.7167786282210877,2,12.0,0.6223829752158073,3,126.0,0.26093140339015597,21,560.0,0.11059317653251635,23,418.0,0.03451769145258753,16,475.0,0.08988861075088138,9,369.0,0.18445545351905956,4,127.0,0.3199949357772845,3,21.0,0.6950430449572742,1,12.0,0.8653295315256434,1,25.0,0.31559695600151433,19,742.0,0.24851933252908542,15,444.0,0.12217912474472782,13,341.0,0.2656470222966637,5,265.0,0.3543616569829114,22,408.0,0.03331609195135374,30,837.0,0.15923311795517892,187,5182.0
3515.0,159,1306.0,2.6927835051546394,3.625429515705796,1,8.0,0.6071557771334457,8,158.0,0.22227093795773484,18,578.0,0.18436726985678223,17,444.0,0.21665198736534583,14,457.0,0.11055947115644318,12,367.0,0.08658303526918378,3,117.0,0.2666111443946103,3,36.0,0.7096254669470543,0,2.0,0.6247648585149772,2,16.0,0.4905195767814938,8,739.0,0.28700295899233363,17,371.0,0.20123734423605139,5,318.0,0.3186773896573677,10,294.0,0.15617072255118583,19,492.0,0.0505415241815884,22,782.0,0.14239354749502736,159,5179.0
3520.0,150,980.0,2.016460905349794,4.028392927205469,3,15.0,0.5928228066594607,11,164.0,0.3927487086040573,13,487.0,0.2611605961037104,7,360.0,0.4222600041945811,12,485.0,0.22809364038315644,13,326.0,0.10387241357379347,8,144.0,0.27158692406217655,0,17.0,0.2767935601617909,2,6.0,0.5053682626605487,2,14.0,0.5854657896130226,8,740.0,0.22286277247938882,12,421.0,0.20508238595055758,7,337.0,0.16406671628452943,12,275.0,0.10527855355574052,21,563.0,0.1520336629700407,19,652.0,0.1267240978950515,150,5006.0
3525.0,134,760.0,1.5637860082304527,4.199900216414486,5,36.0,0.5298499269046433,5,94.0,0.3465466949145377,11,524.0,0.2415651637248388,5,378.0,0.2044667323968279,8,461.0,0.29007998373949795,7,329.0,0.15655700205328227,15,206.0,0.16331545186748506,2,9.0,0.3936333934558227,0,6.0,0.7346320579769459,5,35.0,0.5304844551209711,9,694.0,0.12484925645839824,11,450.0,0.15421154864583897,9,324.0,0.14355348890490482,8,194.0,0.2730601476987743,29,675.0,0.1487615283805043,5,690.0,0.3041073762231797,134,5105.0
3530.0,133,806.0,1.6448979591836734,3.9695598231528084,3,30.0,0.49979395852383157,1,75.0,0.3121031401063016,11,582.0,0.15859472644173886,8,412.0,0.12267598942619252,6,365.0,0.16031038735689843,8,330.0,0.2178559790514179,21,299.0,0.19087004961714948,3,7.0,0.5890259222678592,0,4.0,0.8904431864439915,3,34.0,0.3555682797291623,7,562.0,0.14643553743276339,14,427.0,0.10758113562880761,6,262.0,0.2811387641108617,5,167.0,0.3493683277807233,31,739.0,0.04918298422663584,6,685.0,0.3369516689888269,133,4980.0
3535.0,149,971.0,1.9775967413441955,4.077266882499315,3,17.0,0.6211106087285935,6,89.0,0.2990956564716244,12,551.0,0.11189435102091451,11,392.0,0.23468796897292113,11,354.0,0.11168925062286687,9,321.0,0.3048385327790419,24,420.0,0.2243710585590419,3,21.0,0.5698743055345231,0,0.0,0.6942503727246094,2,12.0,0.5260193938128281,4,572.0,0.22915612528451804,13,357.0,0.20351809168552704,3,216.0,0.39112843341087056,8,194.0,0.21003797017632383,27,726.0,0.08015395486651003,13,730.0,0.1977277158896692,149,4972.0
3540.0,132,938.0,1.9420289855072463,3.9352507030004,2,14.0,0.49844504086166047,9,97.0,0.23687012603910473,8,446.0,0.2572372597258762,6,292.0,0.4094392831536733,8,371.0,0.11777544678357856,7,222.0,0.26490100201111977,24,536.0,0.18173512786502938,0,9.0,0.27795931210019925,1,6.0,0.553267411803298,2,13.0,0.5654142983731871,9,579.0,0.25180835228074383,8,390.0,0.22090423887146868,6,234.0,0.22631524574895864,10,195.0,0.1436348670941382,18,824.0,0.17078494272246875,14,708.0,0.07561254102045402,132,4936.0
3545.0,130,888.0,1.8385093167701863,4.194232769378782,4,18.0,0.5644062514860461,2,73.0,0.49620230750822875,6,427.0,0.29855133610085793,4,286.0,0.2241501067598992,9,383.0,0.23813951706866948,6,245.0,0.1387559527515087,22,572.0,0.05413762769658465,4,14.0,0.23715411234766812,0,5.0,0.7546077350478898,5,34.0,0.4863440882516805,16,640.0,0.15916796082219634,10,405.0,0.14887407042328762,8,224.0,0.13979231522605876,8,157.0,0.24522618479272454,15,882.0,0.2657507441984987,11,587.0,0.2515811160817026,130,4952.0
3550.0,123,763.0,1.5635245901639345,4.47214234887095,2,18.0,0.5391585588780117,2,69.0,0.3444265711294603,8,457.0,0.1761133479840585,8,316.0,0.12966609924493008,16,422.0,0.19467802324458008,6,275.0,0.14933149906635673,15,483.0,0.22768563937803274,0,17.0,0.7533995405338957,0,4.0,0.9583959401274033,4,35.0,0.32413362915262717,15,611.0,0.08053730648954065,16,471.0,0.10981168336532109,6,165.0,0.2656910276139431,4,114.0,0.36357984869810206,12,854.0,0.2135013689673535,9,635.0,0.3475879553021869,123,4946.0
3555.0,139,770.0,1.5942028985507246,4.163612019901849,5,22.0,0.5166384750279334,10,100.0,0.18796247166591776,10,416.0,0.09926702653559168,8,292.0,0.11388025330100547,18,432.0,0.07696559150656826,13,325.0,0.1763522254382761,8,497.0,0.27433527633572796,0,4.0,0.8979479210908592,2,2.0,0.5493208163074988,1,14.0,0.4688066152831843,14,484.0,0.20424037721709004,22,574.0,0.18530162605244543,3,120.0,0.41237563394342247,2,100.0,0.23650136179482154,13,745.0,0.12682192675339296,10,673.0,0.319470598385687,139,4800.0
3560.0,146,730.0,1.5145228215767634,4.015249399534245,3,24.0,0.5150458309793626,10,121.0,0.24346741242142692,7,311.0,0.1267612396840425,4,190.0,0.4223460539931608,19,401.0,0.07360514333453227,13,324.0,0.25248877366830913,6,528.0,0.1929350236502259,0,0.0,0.47349907689276827,4,17.0,0.4135832322806958,4,15.0,0.5310693374955642,13,465.0,0.23399392123299578,23,594.0,0.16144040404567744,4,115.0,0.22922761470168823,8,114.0,0.23771353725259187,16,670.0,0.11719004076129039,12,630.0,0.1501639373592271,146,4519.0
3565.0,147,724.0,1.5146443514644352,3.8199306590358706,4,24.0,0.5715301434285853,3,87.0,0.4414394234608188,6,335.0,0.2833304129766183,3,180.0,0.35124924603320723,20,397.0,0.11177960473129239,10,257.0,0.14870552131194323,7,497.0,0.21073956989934833,3,15.0,0.06716386456648361,0,14.0,0.6834613248468764,6,42.0,0.34684617570713955,17,545.0,0.10864548214698466,20,533.0,0.09144247759934739,10,153.0,0.2827159958789483,9,119.0,0.2734076832163419,13,714.0,0.13222963936732574,16,474.0,0.08996290656214431,147,4386.0
3570.0,134,690.0,1.48068669527897,3.9745302326481067,3,25.0,0.4349835809219825,2,85.0,0.331435706340902,9,364.0,0.23203844254214212,8,209.0,0.24121406710964272,9,441.0,0.27842169251636806,11,281.0,0.12722388958137829,4,381.0,0.235486846875605,0,14.0,0.7850752394446282,0,2.0,0.8293299372119646,10,88.0,0.2004541118189588,21,642.0,0.10790624545291774,18,438.0,0.14498891521201637,10,163.0,0.35873886164252666,6,89.0,0.2984916421852115,11,720.0,0.18433396344850483,12,529.0,0.11003858820091915,134,4471.0
3575.0,132,762.0,1.6178343949044587,4.171412880267106,4,23.0,0.5887813274492464,8,103.0,0.28773751340338183,11,332.0,0.14431270430097215,10,195.0,0.11010685980201064,11,441.0,0.28527244398414764,11,333.0,0.22870879171899625,3,394.0,0.20109168310962883,0,4.0,0.9204041936745071,1,4.0,0.6303046869260274,12,144.0,0.2999378557687785,21,711.0,0.1765091015585428,9,395.0,0.37614689813047575,6,121.0,0.3580998932873652,2,93.0,0.3049537311841743,14,700.0,0.13801242929762722,9,549.0,0.17604864693282551,132,4542.0
3580.0,136,829.0,1.7092783505154638,4.135558566001689,1,17.0,0.510217423370381,9,115.0,0.2490663610206126,12,257.0,0.1271296164125985,7,147.0,0.3769055774221087,17,511.0,0.1340774348893527,7,312.0,0.3089203113907488,8,426.0,0.12989375397478883,1,1.0,0.6950692735795546,3,18.0,0.480060622175985,6,149.0,0.4705550954805773,25,782.0,0.1613832411463566,2,343.0,0.45379045115280864,4,134.0,0.18600500974378634,7,117.0,0.2010233575571592,13,589.0,0.20433648612076089,14,589.0,0.11490573361597817,136,4507.0
3585.0,140,883.0,1.8395833333333333,3.721333931679687,4,19.0,0.5556197140865551,3,75.0,0.4689917518412154,8,299.0,0.2675158163778643,2,152.0,0.338744980051745,23,615.0,0.05025748591083911,6,243.0,0.17110697413014742,9,394.0,0.17100292760946434,3,18.0,0.19104278401669378,0,13.0,0.692394344592247,2,79.0,0.39259402923583187,28,787.0,0.058076485386814335,7,322.0,0.2627417961322583,9,169.0,0.13239416587311678,13,173.0,0.09168281796453116,9,611.0,0.23528233028083304,14,555.0,0.1952068088285761,140,4524.0
3590.0,151,879.0,1.83125,3.9991642308438746,0,13.0,0.5959671604792324,2,71.0,0.38211869760961115,10,317.0,0.2879931931498327,10,174.0,0.2786551666801247,24,648.0,0.1329319525510043,7,256.0,0.14245241850672777,5,284.0,0.2720972619488778,0,22.0,0.6981084112706962,0,4.0,0.8902508788999769,2,79.0,0.340980756580853,29,719.0,0.08663845337803383,13,371.0,0.24684444240833825,9,171.0,0.24668098191662388,15,210.0,0.0840459287690539,15,618.0,0.15830364079606637,10,419.0,0.33365591418388435,151,4376.0
3595.0,145,823.0,1.7181628392484343,4.233034075854771,2,6.0,0.7008114325416571,8,96.0,0.26602170938496283,15,380.0,0.13349474431515262,12,186.0,0.07396781045389332,20,581.0,0.23062373419995344,9,278.0,0.22148803594246094,2,264.0,0.34463091474257573,0,6.0,0.8418552897074155,0,0.0,0.7668079080601843,9,107.0,0.35512280101392873,18,809.0,0.18471290242963068,12,364.0,0.2199203922664499,6,138.0,0.32295178729158797,9,190.0,0.3629751309605273,11,580.0,0.10128919022607841,12,430.0,0.27006788907635126,145,4415.0
3600.0,142,758.0,1.5693581780538302,4.039135420725601,0,2.0,0.583706683508037,10,112.0,0.20135185263505334,23,481.0,0.06083988614994882,14,179.0,0.11550934122141532,16,631.0,0.1512476291263039,9,266.0,0.2527832430116915,8,293.0,0.3478323048674182,0,2.0,0.5129839805745373,3,11.0,0.4701661653499685,6,102.0,0.4654302938297798,13,852.0,0.23941972498123335,9,291.0,0.30508009478899895,5,160.0,0.23319769326641837,6,203.0,0.296999791365088,11,505.0,0.1782813223496767,9,483.0,0.14408831961061694,142,4573.0
