step,system_total_stopped,system_total_waiting_time,system_mean_waiting_time,system_mean_speed,0_stopped,0_accumulated_waiting_time,0_average_speed,1_stopped,1_accumulated_waiting_time,1_average_speed,10_stopped,10_accumulated_waiting_time,10_average_speed,11_stopped,11_accumulated_waiting_time,11_average_speed,12_stopped,12_accumulated_waiting_time,12_average_speed,13_stopped,13_accumulated_waiting_time,13_average_speed,14_stopped,14_accumulated_waiting_time,14_average_speed,15_stopped,15_accumulated_waiting_time,15_average_speed,2_stopped,2_accumulated_waiting_time,2_average_speed,3_stopped,3_accumulated_waiting_time,3_average_speed,4_stopped,4_accumulated_waiting_time,4_average_speed,5_stopped,5_accumulated_waiting_time,5_average_speed,6_stopped,6_accumulated_waiting_time,6_average_speed,7_stopped,7_accumulated_waiting_time,7_average_speed,8_stopped,8_accumulated_waiting_time,8_average_speed,9_stopped,9_accumulated_waiting_time,9_average_speed,agents_total_stopped,agents_total_accumulated_waiting_time
5.0,0,0.0,0.0,12.958389558043518,0,0.0,0.9294048713090299,0,0.0,0.9294507269228003,0,0.0,1.0,0,0.0,1.0,0,0.0,0.9312706314690442,0,0.0,1.0,0,0.0,1.0,0,0.0,1.0,0,0.0,0.9184304970895489,0,0.0,0.9363766919064875,0,0.0,0.9310114593591048,0,0.0,1.0,0,0.0,1.0,0,0.0,1.0,0,0.0,0.9316637910520223,0,0.0,1.0,0,0.0
10.0,0,0.0,0.0,13.016283347643508,0,0.0,0.9643378741768952,0,0.0,0.9641073551238197,0,0.0,1.0,0,0.0,1.0,0,0.0,0.9652649318247937,0,0.0,1.0,0,0.0,1.0,0,0.0,1.0,0,0.0,0.9592614079916961,0,0.0,0.9676790503855124,0,0.0,0.9648565106117293,0,0.0,1.0,0,0.0,1.0,0,0.0,1.0,0,0.0,0.8560870396375438,0,0.0,1.0,0,0.0
15.0,3,4.0,0.1,10.879691540119355,1,1.0,0.8206110006098521,0,0.0,0.7362377834700362,0,0.0,1.0,0,0.0,1.0,0,0.0,0.9570560104653593,0,0.0,0.8674481294125115,0,0.0,1.0,0,0.0,1.0,1,2.0,0.7499895445246957,1,1.0,0.5980903001195134,0,0.0,0.9438767153704447,0,0.0,0.9637582843476198,0,0.0,1.0,0,0.0,1.0,0,0.0,0.8876994368093635,0,0.0,0.3848445046605325,3,4.0
20.0,9,32.0,0.5714285714285714,10.36240446014265,3,8.0,0.643812529149024,2,6.0,0.6760869586142733,0,0.0,1.0,0,0.0,1.0,0,0.0,0.9560648216702814,0,0.0,0.938177497535055,0,0.0,1.0,0,0.0,1.0,2,8.0,0.4769398577622095,2,10.0,0.6004278641130433,0,0.0,0.9434628209027789,0,0.0,0.9150629931722704,0,0.0,1.0,0,0.0,1.0,0,0.0,0.957991152435212,0,0.0,0.9077957078607515,9,32.0
25.0,0,0.0,0.0,9.91948656232227,0,5.0,0.7319458080239167,0,3.0,0.6424064889102231,0,0.0,1.0,0,0.0,1.0,0,0.0,0.9563225420716612,0,0.0,0.9365170097081703,0,0.0,1.0,0,0.0,1.0,0,5.0,0.6253655963074829,0,3.0,0.5897473168109447,0,4.0,0.6796522279154501,0,4.0,0.662392244954341,0,2.0,0.3834507041541439,0,4.0,0.3748148490635351,0,0.0,0.9534556664951405,0,0.0,0.8807272155521593,0,30.0
30.0,13,28.0,0.35,10.081667979642255,2,3.0,0.6536373511436674,3,8.0,0.5060573893461341,0,0.0,1.0,0,0.0,1.0,0,0.0,0.9424482750870391,0,0.0,0.9397346272727753,0,0.0,0.9412811470249635,0,0.0,1.0,0,0.0,0.8906143678188765,0,0.0,0.8637488459891898,3,11.0,0.6772839773563288,2,9.0,0.7051574306878414,0,3.0,0.8316493581317493,0,4.0,0.8465954842172095,0,0.0,0.9483752566502858,3,5.0,0.5240897242791822,13,43.0
35.0,12,51.0,0.53125,9.163929506564747,0,3.0,0.7313468183845216,1,10.0,0.5149188020946324,0,0.0,1.0,0,0.0,1.0,1,1.0,0.7090551972928558,0,0.0,0.9184655835180525,0,0.0,0.9506368407927918,0,0.0,1.0,1,5.0,0.5603525737375538,1,1.0,0.7704398437729842,3,26.0,0.6302303442180721,0,4.0,0.7137460605680734,0,5.0,0.8275313090000644,0,4.0,0.8465177746915499,1,1.0,0.6558794560389719,4,22.0,0.268843317321439,12,82.0
40.0,21,107.0,0.9553571428571429,8.283917074341318,2,7.0,0.7030601276977275,3,15.0,0.6696407468175262,0,2.0,0.7523367359313496,0,0.0,1.0,2,8.0,0.5423600258449927,0,0.0,1.0,0,0.0,0.9404108603262413,0,0.0,0.9816819112252866,3,20.0,0.6320761981733012,1,6.0,0.5671573780215479,5,44.0,0.4459834970239663,1,6.0,0.2642461660044651,0,2.0,0.8853647117925658,2,8.0,0.3783913109814322,2,9.0,0.6722154138702957,0,18.0,0.12674506569254945,21,145.0
45.0,27,184.0,1.5333333333333334,7.477721097554456,0,3.0,0.7142965878362317,0,10.0,0.6785918589979953,0,4.0,0.8487048915968014,0,0.0,1.0,4,23.0,0.3621278188232077,0,0.0,1.0,0,0.0,0.8841511572581617,0,0.0,0.9812525034374523,5,40.0,0.5302383001022746,0,1.0,0.5517470117950806,7,78.0,0.22440217358347248,0,8.0,0.2970517316958221,1,4.0,0.6286399478235417,6,30.0,0.0433324045367501,4,23.0,0.6200202516599783,0,4.0,0.516255762842484,27,228.0
50.0,22,193.0,1.4191176470588236,7.557678640458318,1,1.0,0.7187619497863971,1,3.0,0.4587328501035101,0,4.0,0.894111301837949,0,4.0,0.4216998372013384,0,14.0,0.5613492889979563,0,4.0,0.3719850836140709,1,2.0,0.3885327555403837,1,1.0,0.3000852847755779,0,26.0,0.3145701100975297,0,0.0,0.9578017427996851,9,122.0,0.42460501547377266,0,4.0,0.811158991024012,2,12.0,0.3213029256678434,1,32.0,0.5854032116244398,5,48.0,0.49022732121037266,1,8.0,0.7351753123872601,22,285.0
55.0,19,93.0,0.6118421052631579,8.494551191073512,0,0.0,0.7777428308417828,1,11.0,0.45389208528388975,0,4.0,0.4333752108248716,0,4.0,0.8002925180901517,0,0.0,0.8294240986232649,0,4.0,0.8566450184126823,4,19.0,0.4177939264217038,3,12.0,0.0005027346628362244,3,15.0,0.5063595233440171,1,1.0,0.787398060185123,5,111.0,0.48823250165278625,0,8.0,0.7521476601914779,0,4.0,0.8215193035559727,0,7.0,0.8346056707933606,1,36.0,0.33553703803396673,1,15.0,0.7474975408036867,19,251.0
60.0,21,110.0,0.6875,8.879851422331331,1,2.0,0.7308017212051561,3,16.0,0.6310515467655209,1,8.0,0.6232267335574768,0,4.0,0.8484512585075245,1,2.0,0.6834393999733214,0,4.0,0.9262882971208742,4,39.0,0.0,0,4.0,0.27312817441422654,3,30.0,0.6723778038905563,3,11.0,0.46912828961335407,0,46.0,0.37275949505172123,0,8.0,0.5635814107023461,0,4.0,0.922642298888292,1,2.0,0.6921355237727571,3,17.0,0.44082935898377,1,7.0,0.6148212320394179,21,204.0
65.0,21,60.0,0.3409090909090909,8.193748141791174,1,1.0,0.671556027644478,0,8.0,0.6890224960387713,1,13.0,0.7997624448373728,2,8.0,0.6520998541351942,4,17.0,0.4623876925858375,0,0.0,0.8103616185876633,0,24.0,0.45857369277414756,0,4.0,0.4137479199262729,0,14.0,0.7623705130989218,0,10.0,0.5422681005230312,3,56.0,0.28602962820502076,0,7.0,0.5557065658205932,0,0.0,0.8869613917793181,3,12.0,0.14158540190106292,2,13.0,0.3735204931724397,5,21.0,0.5299673623196074,21,208.0
70.0,28,120.0,0.6417112299465241,8.230505393353113,2,7.0,0.7311557843170947,1,5.0,0.5118023052049112,0,2.0,0.9024075149855516,1,3.0,0.22345962821147441,5,39.0,0.5097378649499599,1,3.0,0.24738189913577438,0,0.0,0.8960553610101323,0,6.0,0.8378625800887187,2,6.0,0.6470241826282582,0,4.0,0.8783550278729948,8,82.0,0.3829343675120908,2,11.0,0.5123019704715331,0,0.0,0.938490219980527,0,10.0,0.6847843365392375,6,30.0,0.5349715790197086,0,18.0,0.581822527092088,28,226.0
75.0,24,132.0,0.6947368421052632,8.116510097338589,0,1.0,0.5975400181708012,0,9.0,0.468221097964733,1,3.0,0.8087865464759686,4,19.0,0.18754385970072115,7,71.0,0.36485040419884257,0,4.0,0.8777161264358002,0,2.0,0.8523669472983421,0,8.0,0.848937296218405,1,4.0,0.49990041212513575,0,2.0,0.7974625049025416,5,83.0,0.44408650723007836,1,14.0,0.5534166566925801,1,7.0,0.27469263576401814,0,4.0,0.8832865559767467,1,34.0,0.6212540799745316,3,15.0,0.46369900783287793,24,280.0
80.0,40,210.0,1.0344827586206897,7.7580787151114485,2,6.0,0.7066903197968464,3,11.0,0.6880413744228787,1,1.0,0.23688662495228097,4,24.0,0.31289536902448495,10,110.0,0.18907950027421314,0,4.0,0.8959202645848493,2,8.0,0.3892992704695295,0,4.0,0.8733791205390324,2,13.0,0.7415641381970333,3,7.0,0.6403024715984148,1,38.0,0.41199325960395844,3,17.0,0.47455592269702646,2,18.0,0.7343788242136868,0,0.0,0.6513378892305343,2,9.0,0.4668120937506996,5,38.0,0.5188448622610395,40,308.0
85.0,44,320.0,1.4746543778801844,7.60786052151928,0,2.0,0.6197435218691292,0,6.0,0.763350341291418,6,21.0,0.0645713996572415,7,36.0,0.5340474218363056,11,164.0,0.2290859666367966,0,0.0,0.8507381233710518,7,31.0,0.23089134562598787,2,8.0,0.32638159818990864,1,7.0,0.7678131686318896,0,9.0,0.5129723855100562,2,35.0,0.32607064176765693,1,23.0,0.5206800604709232,0,8.0,0.8973832379615474,0,4.0,0.43798515051473774,2,10.0,0.37995331392567583,5,67.0,0.4530106481447564,44,431.0
90.0,47,390.0,1.7972350230414746,7.167967632341138,2,8.0,0.5617333981573217,1,4.0,0.455262354933107,0,30.0,0.5320231308893314,2,41.0,0.39398314738707474,12,225.0,0.3240202002098697,0,0.0,0.8759774158784742,7,70.0,0.09813450126674103,0,7.0,0.2649740582988475,3,13.0,0.5302560034639986,2,13.0,0.7777440020782905,8,62.0,0.39569040005010564,3,17.0,0.5510838593941355,2,7.0,0.3721526168346237,0,4.0,0.8152463850513204,4,22.0,0.5602762010124998,1,55.0,0.4042710396533661,47,578.0
95.0,45,458.0,2.0913242009132422,7.631466354290585,5,30.0,0.5582781475235612,0,7.0,0.4176202501190024,0,8.0,0.8923779368449266,3,18.0,0.22158538078498413,14,294.0,0.31932174601202507,0,0.0,0.7082562523058168,1,63.0,0.5337466022122735,0,8.0,0.7261313068078019,0,8.0,0.5937796907191225,1,5.0,0.791088509033639,12,114.0,0.41648861356542816,6,39.0,0.42089267808342523,2,15.0,0.20187035795719455,0,8.0,0.7726994946264989,1,17.0,0.6174779430953596,0,15.0,0.5887397234597058,45,649.0
100.0,59,711.0,3.1184210526315788,8.094858991015634,7,60.0,0.4663484646155402,3,11.0,0.45410925309558664,1,7.0,0.5779136136686948,3,23.0,0.4285632112106555,17,370.0,0.1948643553407835,0,0.0,0.5909977809789103,0,15.0,0.868978276857771,0,8.0,0.8935305053244994,0,3.0,0.9002072744046321,2,9.0,0.6070995691807565,13,173.0,0.3475184057700873,7,70.0,0.21680279576549985,2,16.0,0.660380962573959,0,4.0,0.7703926616242007,2,12.0,0.5712779082275974,2,9.0,0.6036141931029658,59,790.0
105.0,68,884.0,3.8434782608695652,7.166983093990681,8,97.0,0.3781566888232294,5,33.0,0.3582044900601964,6,31.0,0.3196118105262213,3,38.0,0.667389399928687,18,462.0,0.09256534700139026,0,0.0,0.9101820684300234,0,0.0,0.69919318374152,2,10.0,0.6917191836585621,0,3.0,0.8402267225634539,2,5.0,0.38612765280444916,9,183.0,0.2797855277760421,7,107.0,0.06486360935838188,0,4.0,0.9182292237374732,0,8.0,0.7547334435067854,2,13.0,0.5158572137291376,6,34.0,0.5722415219795535,68,1028.0
110.0,64,641.0,2.7393162393162394,6.688255676986052,4,88.0,0.49555675669834554,0,30.0,0.4750314855898747,2,33.0,0.47490373342467795,3,53.0,0.6101744025462954,14,453.0,0.28156241027836465,0,2.0,0.8638616271254365,0,4.0,0.450121088793393,7,29.0,0.26034382882985385,2,5.0,0.6463208703972846,4,20.0,0.5967032101202515,5,131.0,0.30333089929393847,7,148.0,0.40350728493180343,0,0.0,0.8450007595701992,3,14.0,0.5372803245747867,3,16.0,0.506517988902514,10,70.0,0.19273239348105717,64,1096.0
115.0,51,424.0,1.7593360995850622,7.436279702145243,1,29.0,0.5486605976989237,0,4.0,0.8147735731112905,3,21.0,0.6677130043619453,5,73.0,0.314751098380854,6,331.0,0.48483069133330575,0,4.0,0.891024913371726,0,4.0,0.8328673441219864,7,47.0,0.303604745622996,0,0.0,0.6491087628398375,4,40.0,0.6574631442535542,6,78.0,0.3375982546494078,1,116.0,0.6656853528640074,0,8.0,0.25517694112428074,0,11.0,0.5887070800970663,5,36.0,0.30251918298863173,13,129.0,8.412056825122914e-05,51,931.0
120.0,29,159.0,0.6625,7.312039872108429,2,33.0,0.4261812834322583,0,4.0,0.8861192316487541,3,34.0,0.5001210513019733,2,43.0,0.11706516091678863,4,319.0,0.39722550062727613,0,4.0,0.9010275724190873,0,4.0,0.9259884424546219,1,37.0,0.27278216687430235,1,5.0,0.7471269254611684,1,27.0,0.4476247875181664,2,67.0,0.30025549721095746,0,24.0,0.6725362794234456,2,18.0,0.7427647924435519,3,10.0,0.3090227357129061,1,36.0,0.37504657206452513,7,148.0,0.11083085269887058,29,813.0
125.0,38,193.0,0.7751004016064257,8.0777685236305,8,62.0,0.3780443591373563,0,0.0,0.7062785287140738,3,51.0,0.5288430255192416,1,11.0,0.3836213761903618,9,345.0,0.2753844881272321,1,5.0,0.40186131065232295,0,0.0,0.8895040899496554,1,16.0,0.3597939593813203,1,10.0,0.7721307758853825,2,10.0,0.5194866446851348,8,60.0,0.43716568251231236,4,33.0,0.43397927680086956,0,8.0,0.8763716841181997,0,12.0,0.1566497586536851,0,9.0,0.7435702087195387,0,87.0,0.6028270270463145,38,719.0
130.0,45,244.0,0.9682539682539683,7.460054820514213,6,65.0,0.40887210435383714,2,9.0,0.6489779923105493,3,70.0,0.6743115079987916,1,16.0,0.6914656268083009,10,307.0,0.1476518555480619,0,8.0,0.2150908920125976,0,4.0,0.7541626321598909,1,9.0,0.20301230637423973,1,15.0,0.8192789769219622,1,7.0,0.49849981797253384,6,64.0,0.46083580713353484,10,74.0,0.19289499212377254,1,7.0,0.506572930703221,0,4.0,0.49477429852688976,1,7.0,0.6647475064670745,2,91.0,0.566744273854392,45,757.0
135.0,42,187.0,0.7857142857142857,7.308541366640573,2,40.0,0.4432893484386997,0,4.0,0.79282794877018,0,31.0,0.5569222340165733,0,8.0,0.8289803156677173,8,213.0,0.3196911105311855,1,8.0,0.7511596804951007,0,4.0,0.8964593405268927,8,36.0,0.051504693078718265,1,1.0,0.7759069722431434,2,16.0,0.5651886675406249,1,39.0,0.372444242877982,7,85.0,0.3243673670959631,0,9.0,0.3368918853345747,1,8.0,0.6843407999717928,5,23.0,0.3304998850180812,6,117.0,0.3259398821747428,42,642.0
140.0,34,165.0,0.7021276595744681,7.673027033768848,5,28.0,0.5474254058740889,0,4.0,0.8877584702916818,1,9.0,0.323447304716001,0,4.0,0.8514963525964355,0,160.0,0.40756147999250963,1,11.0,0.8066542057832529,0,4.0,0.8906416121244968,8,76.0,0.36326726505744716,3,8.0,0.544849591985119,0,2.0,0.8076809639098407,3,23.0,0.3266831076622723,2,58.0,0.46668680852934613,2,14.0,0.6229878079228726,1,15.0,0.7975659545778048,1,29.0,0.39783975999674426,7,115.0,0.2307302001122518,34,560.0
145.0,30,102.0,0.4163265306122449,7.557329593984833,2,22.0,0.44320408671465844,1,6.0,0.6508230174121437,1,12.0,0.5069756790130227,2,8.0,0.6859397045215224,6,173.0,0.3174273832946507,0,0.0,0.6028798044066719,0,2.0,0.7939848587007008,2,71.0,0.47886455222130236,0,4.0,0.653364552625389,2,10.0,0.7239334941364668,7,45.0,0.3129931600165104,2,53.0,0.43961500983696083,0,9.0,0.6384639615987716,0,6.0,0.7490239875249407,0,6.0,0.7911087234245979,5,52.0,0.38666703227158955,30,479.0
150.0,53,213.0,0.8554216867469879,6.899368420987942,5,24.0,0.4728545629219731,6,28.0,0.2835066280093431,1,14.0,0.8107522537135822,2,14.0,0.7163165864558763,13,221.0,0.08771394827302921,5,18.0,0.14067583876649087,2,8.0,0.6061417991919441,0,24.0,0.5651365096206014,0,0.0,0.8976141388694366,1,3.0,0.572518174192186,4,51.0,0.4473763181016868,8,78.0,0.29701884050496286,1,10.0,0.6572445934666289,1,9.0,0.2140867102536288,2,8.0,0.607231939355094,2,60.0,0.45439979226477784,53,570.0
155.0,66,359.0,1.386100386100386,6.8157086695854865,2,27.0,0.5068347659595163,7,50.0,0.319079949481054,1,9.0,0.5580151805132535,1,4.0,0.5904218224245183,19,304.0,0.18656153494551195,0,24.0,0.5689595705887192,4,25.0,0.5695149687760858,1,5.0,0.46750789824346395,0,4.0,0.6621573401438716,5,17.0,0.3989518540491651,1,27.0,0.6697494571151008,13,137.0,0.3732280957067439,0,5.0,0.5830953190219699,0,12.0,0.5797329156100169,6,30.0,0.42129399025794917,6,61.0,0.33906030782047314,66,741.0
160.0,73,615.0,2.3653846153846154,6.486272164273938,2,13.0,0.5842631235051462,2,38.0,0.5529954626985856,3,16.0,0.2950855804704514,3,19.0,0.6674361226176798,22,410.0,0.24083462363164632,0,4.0,0.8819804482632021,1,19.0,0.49416328171112905,2,15.0,0.5069001339763562,1,9.0,0.7065939762261906,1,21.0,0.48315545335628424,2,20.0,0.39516480620796746,14,207.0,0.1493085907585534,1,5.0,0.2374401132604233,0,7.0,0.8621174187392259,8,69.0,0.3070912546205903,11,97.0,0.26444493083513454,73,969.0
165.0,87,793.0,3.0617760617760617,6.1273489019200635,3,15.0,0.4772441262301683,4,44.0,0.423335044528719,1,18.0,0.25091004508620524,3,34.0,0.5768807097817863,23,525.0,0.1885317565018057,0,0.0,0.8152457058361584,5,31.0,0.4728748386814068,2,23.0,0.7557092818859005,0,7.0,0.7442291728452487,3,10.0,0.43681859026968145,9,51.0,0.2745447728197144,15,234.0,0.08527094131186777,2,18.0,0.28016880718065207,2,9.0,0.5056744153229861,3,70.0,0.5250428724983391,12,161.0,0.2494550874995676,87,1250.0
170.0,67,776.0,2.8955223880597014,6.587512094843466,5,29.0,0.5422607867491874,9,73.0,0.24389159359590712,1,17.0,0.6588798433467176,6,58.0,0.17851174904983544,25,650.0,0.04153459300526896,0,0.0,0.850396257160245,1,30.0,0.4346195322901769,0,9.0,0.5962001167584854,2,7.0,0.541754878321864,0,6.0,0.6577223260031314,5,57.0,0.45271796284341126,5,193.0,0.3840002186357124,1,16.0,0.7792958440374605,1,13.0,0.36679130486781947,0,25.0,0.6714505098789693,6,163.0,0.42665087794657136,67,1346.0
175.0,59,563.0,2.0472727272727274,7.073964894841719,1,26.0,0.5446357756323064,8,91.0,0.3040143527024919,1,22.0,0.8289046543851694,5,55.0,0.3955356567927903,21,663.0,0.11383250379590157,2,5.0,0.22450905767132584,6,28.0,0.427052935579025,2,6.0,0.321436264410395,1,12.0,0.47585642212644097,0,2.0,0.8078986605891806,1,34.0,0.6492478574417042,1,99.0,0.684048064389187,0,8.0,0.842626460479001,4,18.0,0.49053657982490745,4,34.0,0.37163269532226906,2,93.0,0.3960723493488039,59,1196.0
180.0,46,385.0,1.4259259259259258,7.116003864505007,2,10.0,0.5343600629586437,2,57.0,0.526580867787471,1,23.0,0.80634419949842,0,26.0,0.6973452100047969,14,562.0,0.29004759019173465,5,29.0,0.44921733148003007,2,30.0,0.4155297367970577,3,10.0,0.10270944494298241,2,16.0,0.608474416162651,0,4.0,0.9319487479205909,2,24.0,0.3660567080269444,2,92.0,0.41644944530670935,1,5.0,0.5276605332921643,0,19.0,0.763065413759831,8,67.0,0.31256282657555756,2,79.0,0.2977285018656236,46,1053.0
185.0,55,248.0,0.915129151291513,6.718940505063455,3,13.0,0.4851835391787837,2,49.0,0.4812757289970099,2,9.0,0.3596020507606995,1,7.0,0.30803768103418877,7,399.0,0.4083076301504002,0,31.0,0.721870459828763,5,23.0,0.44241607103106845,5,32.0,0.4337845658245589,0,7.0,0.7103137906317469,0,4.0,0.8749948582351937,7,50.0,0.265413786757534,8,120.0,0.13829232722269455,3,13.0,0.21358778746035198,1,7.0,0.6219146039457737,4,61.0,0.5188518209985533,7,106.0,0.34579015831483134,55,931.0
190.0,63,357.0,1.275,6.53531510395888,5,32.0,0.5492073360578124,7,70.0,0.29379867220788125,2,17.0,0.6468302393797205,0,12.0,0.5958888932489007,0,379.0,0.28429012868394876,2,11.0,0.5889445804857201,1,18.0,0.09324482491454891,0,32.0,0.6061700810498695,1,5.0,0.4821533719274745,2,4.0,0.6739287022956061,9,96.0,0.375192404741857,14,181.0,0.250782215850141,8,34.0,0.3775828095525919,1,8.0,0.30464288566398423,0,24.0,0.6269465805763272,11,157.0,0.49855514765699493,63,1080.0
195.0,77,597.0,2.155234657039711,6.288977762168326,2,30.0,0.4429293766722577,11,127.0,0.2608896058800403,2,27.0,0.6294698745519295,0,6.0,0.8941859801724271,7,401.0,0.27872706926984475,6,28.0,0.32230848491712916,0,2.0,0.43576638323800476,0,8.0,0.5666857283778369,1,8.0,0.38517347746196423,1,6.0,0.45128893491691857,6,101.0,0.441618735831167,15,259.0,0.3212266113859662,8,74.0,0.40830679429805883,3,19.0,0.22828036899588497,3,10.0,0.40024732139603986,12,211.0,0.38387381951672267,77,1317.0
200.0,80,693.0,2.4661921708185055,6.045116192937751,3,13.0,0.5232791837421166,12,186.0,0.4266600129821709,0,9.0,0.30203765516165226,0,6.0,0.7553850380051369,14,457.0,0.16366998205708794,12,78.0,0.28189727787899416,0,4.0,0.44236257938485934,0,7.0,0.6121255069387004,3,14.0,0.4807939208904969,2,15.0,0.7308797260074492,0,53.0,0.4097340201595572,15,330.0,0.3615135829861957,3,75.0,0.1808639381112103,1,24.0,0.5427316954518575,3,20.0,0.28244863487376487,12,204.0,0.1829507390061756,80,1495.0
205.0,76,710.0,2.508833922261484,6.116226401076392,3,18.0,0.4590056189170036,8,183.0,0.3646376401597949,0,4.0,0.7818246188890231,0,4.0,0.35578077112273226,19,541.0,0.20879831236706467,7,100.0,0.2261421110024889,0,6.0,0.7825693086213166,2,8.0,0.1805759523246299,0,11.0,0.5299883708034432,1,6.0,0.7649092554409551,1,35.0,0.38255479780086793,17,407.0,0.2110528232914478,5,35.0,0.14799836466979494,2,22.0,0.6968923520435263,4,25.0,0.4475631944018002,7,138.0,0.3465338464391085,76,1543.0
210.0,79,841.0,3.0251798561151078,6.514881505037663,5,29.0,0.5325309830674705,4,122.0,0.28329298758015725,0,6.0,0.8587805025594485,1,9.0,0.21736269568184086,25,654.0,0.24371938739178894,5,64.0,0.14940394756765288,0,8.0,0.8587372272492443,0,9.0,0.22684063968880724,0,4.0,0.8690881769464844,3,14.0,0.5837885004232976,5,53.0,0.44852793910066435,21,501.0,0.07541290695303887,1,33.0,0.5723821980402577,0,9.0,0.6277034767251167,7,50.0,0.45900875410310243,2,76.0,0.43009571455641893,79,1641.0
215.0,81,1107.0,3.9395017793594307,6.2785329205567555,2,30.0,0.4588755558378385,3,109.0,0.33380370001341153,0,4.0,0.774332926556268,0,5.0,0.8122184099267399,27,784.0,0.137277295061854,1,80.0,0.1839674776591501,1,10.0,0.6233314868630586,0,3.0,0.8600926029244595,0,4.0,0.8284561254816234,1,10.0,0.5413006729752297,10,96.0,0.42937025364949577,23,620.0,0.03988274570087283,1,9.0,0.8221197716394768,2,10.0,0.2924736666646768,8,87.0,0.4588015405599595,2,59.0,0.31365418688565994,81,1920.0
220.0,100,1278.0,4.468531468531468,6.509358806464983,3,16.0,0.5582493156647577,8,133.0,0.4049615948144551,0,4.0,0.9076702696061861,0,4.0,0.9068345526135808,30,930.0,0.09459512764903892,6,85.0,0.4529427700220216,7,28.0,0.24091501242311386,0,3.0,0.9092611219732376,2,6.0,0.6522963685362241,1,5.0,0.8171226894832222,7,99.0,0.24867294323815875,17,619.0,0.2366161583882753,1,14.0,0.6287446709867153,1,15.0,0.46499180325848344,10,129.0,0.35177346425061234,7,81.0,0.23878001443647906,100,2171.0
225.0,83,1055.0,3.7544483985765122,6.001583582659047,2,17.0,0.43965462115144344,6,122.0,0.3160792343347075,1,1.0,0.6562755463845794,2,7.0,0.5800588647995699,32,1085.0,0.10437535268934976,0,64.0,0.6583064767199713,4,44.0,0.25436061179632563,0,3.0,0.6077892554436727,0,6.0,0.5398378490407709,2,5.0,0.7718957280827435,6,76.0,0.27639293854631025,7,490.0,0.42646817379703184,1,23.0,0.6595765084030923,1,13.0,0.7119603882077135,8,130.0,0.20109472629287178,11,136.0,0.18569416510029707,83,2222.0
230.0,79,1166.0,4.048611111111111,6.414817639332613,5,29.0,0.5015628391107552,3,59.0,0.3344019919545755,3,16.0,0.607638943317405,5,30.0,0.3037929667051251,34,1250.0,0.09604895362020965,1,4.0,0.5843696968759899,2,30.0,0.7252888818931105,1,4.0,0.29470571375771365,1,8.0,0.8064839360694382,3,16.0,0.47382674010368414,3,86.0,0.42435666035901753,2,275.0,0.23946783683069642,1,28.0,0.8437035400623202,1,6.0,0.3868139431927398,3,74.0,0.3420559216894967,11,191.0,0.30851941638208363,79,2106.0
235.0,84,1390.0,4.711864406779661,5.8582801366833905,2,30.0,0.5087349020245927,2,64.0,0.31613138799315077,3,31.0,0.3766067821604592,2,33.0,0.50831046863342,35,1426.0,0.01284337125394179,1,7.0,0.28688937606468456,2,17.0,0.6884436873400093,5,24.0,0.20167473931778807,1,6.0,0.8029090189260217,2,14.0,0.42482113740380323,10,94.0,0.3986387486098574,2,284.0,0.2682191614869037,3,35.0,0.595474997325999,1,13.0,0.2799532853631501,2,53.0,0.4878271600147495,11,249.0,0.22197012974635966,84,2380.0
240.0,99,1367.0,4.713793103448276,6.003589911616965,3,9.0,0.5838432827797029,8,91.0,0.42153117222154246,1,16.0,0.5771382299728575,2,20.0,0.5583275929702496,30,1439.0,0.08501151456821672,0,3.0,0.44982551799669024,6,34.0,0.37496908886087194,0,24.0,0.749319592022826,2,12.0,0.5540438647463203,2,14.0,0.7167017051902248,12,148.0,0.2230466882788439,8,310.0,0.3396489169012038,8,62.0,0.22222465146426532,0,4.0,0.8309694820696212,7,73.0,0.5097994096611427,10,244.0,0.26542280966929277,99,2503.0
245.0,104,1122.0,3.8424657534246576,5.893302752352913,3,15.0,0.4827896953796852,8,100.0,0.3498499011571929,1,9.0,0.8345774471841227,2,10.0,0.4255507033973337,22,1274.0,0.229089646436016,4,11.0,0.4526799307790405,11,79.0,0.03171729202837996,0,8.0,0.9113107566051517,2,14.0,0.4481044323519189,1,3.0,0.791484621013306,10,163.0,0.19458447306178916,13,366.0,0.2486505615257494,13,119.0,0.0302481080470365,0,4.0,0.8917813471604765,12,120.0,0.40310343338576754,2,144.0,0.4700966899522874,104,2439.0
250.0,91,922.0,3.0939597315436242,6.141839116797301,6,33.0,0.5311870062595108,4,60.0,0.2884690002985734,2,13.0,0.6593970026039544,6,33.0,0.3438585234183889,14,952.0,0.2910011478267202,5,32.0,0.6322501179295716,8,93.0,0.050388921382464036,0,2.0,0.5120062149628338,2,19.0,0.7648768730082391,2,9.0,0.5846705845529665,2,95.0,0.48348286318033473,17,445.0,0.2607395594498308,7,121.0,0.34002252614614514,0,4.0,0.5015543803332775,13,183.0,0.25847475456476493,3,148.0,0.4255059076333319,91,2242.0
255.0,51,437.0,1.4763513513513513,6.072906784585373,1,34.0,0.49363461410202863,2,49.0,0.3695613031670995,0,10.0,0.3156344978043737,1,38.0,0.48622058397354834,8,998.0,0.3073324165510114,0,27.0,0.6001129335064032,0,62.0,0.3273820186439795,5,21.0,0.15083950117393574,0,4.0,0.8110804486096176,0,8.0,0.5264064800267706,2,85.0,0.5141524130219297,13,416.0,0.1340365546797851,0,68.0,0.6060263164859468,0,8.0,0.7464516904496727,10,190.0,0.17058136881700794,9,182.0,0.28833676417737436,51,2200.0
260.0,62,270.0,0.8970099667774086,7.139343317600159,2,5.0,0.622924338997734,8,64.0,0.4533059413616423,5,14.0,0.26679190919724827,3,23.0,0.5689266323862486,7,1025.0,0.24579188487069362,5,18.0,0.3797766519919546,0,15.0,0.8190134282008923,7,55.0,0.39780665087452605,2,8.0,0.6295641802997681,1,9.0,0.8485992054675241,7,107.0,0.2920755412217563,8,303.0,0.33641411229164186,0,55.0,0.5673736907315875,0,8.0,0.9258841927514305,2,128.0,0.491942427887144,5,156.0,0.43543213310078366,62,1993.0
265.0,74,392.0,1.276872964169381,6.94729718204194,3,10.0,0.5004500109929251,6,77.0,0.37598252804938537,6,46.0,0.5839374966138954,4,33.0,0.3508998566630887,14,1079.0,0.17756663918554902,11,64.0,0.13612642289820165,0,4.0,0.9442922815902328,1,51.0,0.6011799954534285,2,8.0,0.3875265114137378,1,5.0,0.7877277644045825,14,168.0,0.16970687240626434,1,130.0,0.5736514962065393,5,76.0,0.5250279270428834,0,4.0,0.9155179726841295,3,113.0,0.5494546003593779,3,74.0,0.3753924083574751,74,1942.0
270.0,78,448.0,1.4688524590163934,5.936416771873081,5,29.0,0.49541624902187414,2,48.0,0.296135682517064,0,43.0,0.6354108815562023,1,17.0,0.28149817984425923,16,1013.0,0.1915248296887202,12,130.0,0.08334181255683719,2,5.0,0.4868498828960031,3,15.0,0.5477770580140733,4,24.0,0.62277834026491,2,10.0,0.5782956291601062,10,182.0,0.3363319297373612,3,112.0,0.3137687795909363,8,110.0,0.4367235267489422,1,1.0,0.28284305848209623,8,136.0,0.3618209649120709,1,64.0,0.2553449740609292,78,1939.0
275.0,82,463.0,1.5230263157894737,5.829064367256277,0,27.0,0.538480873960032,3,55.0,0.3460576117066038,4,12.0,0.24156779628703773,2,15.0,0.7903632804280228,14,837.0,0.2816031194846147,6,147.0,0.4724259456431162,5,27.0,0.11813029525582325,1,12.0,0.19586945612728243,1,19.0,0.6946324691016412,0,7.0,0.5655291141652411,2,105.0,0.48796276405029654,7,139.0,0.33797169386833514,13,164.0,0.2742529486072904,3,16.0,0.18185011691100145,14,197.0,0.16301483585092133,7,77.0,0.3083512026454039,82,1856.0
280.0,87,613.0,2.0164473684210527,6.32462906694638,2,5.0,0.6982312581638223,9,82.0,0.41511064942387227,4,24.0,0.32362140708512843,0,4.0,0.81672945827362,11,767.0,0.25890380226544674,0,90.0,0.5921636053311179,0,31.0,0.5872498058706707,0,3.0,0.3564738626132682,2,9.0,0.5596620929591766,0,4.0,0.8534512006149074,3,88.0,0.420895737952079,11,190.0,0.41134638531122286,18,240.0,0.09146654922939115,0,10.0,0.8171721611849575,16,276.0,0.18463550667537906,11,127.0,0.3888951283460559,87,1950.0
285.0,91,711.0,2.37,5.924781705984386,3,9.0,0.49637077407831537,6,92.0,0.3128513751356647,6,36.0,0.46495209627866196,1,5.0,0.49334513206003483,12,823.0,0.1864759134197225,2,75.0,0.4198603865357933,0,8.0,0.8907995307851757,0,4.0,0.8349369962942256,1,7.0,0.4043242434026274,1,5.0,0.8000489471894222,8,119.0,0.19663163171144812,15,256.0,0.23187974687993973,13,259.0,0.08045410089411144,0,8.0,0.7999145212609959,12,284.0,0.3101385594643239,11,182.0,0.2509108270499636,91,2172.0
290.0,67,501.0,1.6161290322580646,6.335753037802483,5,31.0,0.5396398765708915,3,61.0,0.30984003677957084,1,37.0,0.31591900286501484,0,8.0,0.3432159739833025,8,751.0,0.1258507249050162,7,103.0,0.30146608163127114,0,4.0,0.916588003264426,0,4.0,0.8859390212996153,2,15.0,0.7335242618257408,2,7.0,0.5903211148534013,6,121.0,0.3544180798353068,19,345.0,0.10946257660755174,3,179.0,0.38122651716673867,0,4.0,0.7651532457999501,4,199.0,0.41423624155073907,7,170.0,0.4191636542954269,67,2039.0
295.0,59,361.0,1.164516129032258,6.407490659134474,3,31.0,0.5266664472843925,3,68.0,0.32615470262593427,5,24.0,0.4282539547543856,0,4.0,0.8770508835350095,7,518.0,0.16362821983708128,13,160.0,0.34278623083338516,1,5.0,0.2573767594717513,3,9.0,0.5809345476851336,0,4.0,0.8146006848290005,1,9.0,0.4282185381716426,1,71.0,0.5440605735608468,13,353.0,0.2581784212660572,3,183.0,0.37793637957419707,0,8.0,0.7938213598237888,3,207.0,0.25047749939462477,3,97.0,0.5334957507475216,59,1751.0
300.0,75,446.0,1.457516339869281,6.161739342748751,2,10.0,0.5272794775502726,9,100.0,0.40851429873247974,0,26.0,0.7288570711931674,0,4.0,0.909628557423693,5,311.0,0.2923435307013803,13,229.0,0.27181759538143085,6,30.0,0.09847424878369694,7,33.0,0.3839363994015975,3,9.0,0.5625815401919162,4,24.0,0.638101729395324,2,21.0,0.4748946052805063,5,261.0,0.37428615195780474,9,212.0,0.29478277548254195,0,4.0,0.8463399880571618,9,241.0,0.1197488996473414,1,58.0,0.26880385771757875,75,1573.0
305.0,67,352.0,1.135483870967742,5.590295199165272,3,15.0,0.4800578973340031,6,109.0,0.36708114945158676,2,9.0,0.540420597762416,1,5.0,0.3077645262424286,3,300.0,0.326987212920718,12,231.0,0.24619327192778584,1,35.0,0.5166224422579849,2,38.0,0.5142248872242501,1,12.0,0.4383473019464366,0,18.0,0.7134593735662307,2,26.0,0.3386135169785542,3,153.0,0.3935725958816924,6,206.0,0.36932218257067506,0,8.0,0.7925659666275237,18,315.0,0.12498531940094049,7,70.0,0.11004700609317752,67,1550.0
310.0,71,398.0,1.2476489028213167,6.2820951315832865,6,38.0,0.5009403777924335,5,76.0,0.33607344086419266,1,13.0,0.3002273033107657,0,9.0,0.42355394556382847,7,301.0,0.24122557352447355,9,172.0,0.3209278542901152,0,12.0,0.8050315090172361,3,12.0,0.5334608880471702,2,16.0,0.752608288548692,2,6.0,0.5861073778375703,8,50.0,0.40964096392318994,2,131.0,0.31157850698900535,0,128.0,0.3815751504164195,0,4.0,0.7831879320950961,21,413.0,0.252062168876911,5,63.0,0.20049772839559274,71,1444.0
315.0,71,544.0,1.68944099378882,6.410427297304602,8,75.0,0.4013436780647029,3,64.0,0.35346500445361295,3,13.0,0.4472613408422191,0,4.0,0.8828725472395814,9,255.0,0.14433189922343587,2,176.0,0.24648325054294198,1,11.0,0.5695508877797432,4,28.0,0.3946247599514336,1,5.0,0.7909975393869492,1,6.0,0.4803033895718276,5,63.0,0.49002045889140744,7,159.0,0.19456697186016103,1,112.0,0.38054579887899903,0,6.0,0.8565333596203715,23,524.0,0.2239809644430735,3,37.0,0.576168838734495,71,1538.0
320.0,86,656.0,2.0309597523219813,6.123260668074365,10,122.0,0.36352664015865754,8,90.0,0.24034117134285682,0,17.0,0.7087162076121477,0,4.0,0.8952737159440332,5,133.0,0.13252957388240114,8,205.0,0.2633323068609739,6,29.0,0.22325754366434492,2,20.0,0.4653740090958502,3,10.0,0.6194790482264725,3,20.0,0.711420382784717,0,30.0,0.5422980742475167,13,220.0,0.32672961508843906,6,132.0,0.21943870543629346,0,4.0,0.8259198569795482,21,541.0,0.12969865281149462,1,20.0,0.5187125890060176,86,1597.0
325.0,91,595.0,1.871069182389937,5.238550542569789,6,122.0,0.41250087329120566,11,143.0,0.27172710828424573,2,9.0,0.5268528323376286,2,8.0,0.2394615586502644,3,134.0,0.134694146453105,8,206.0,0.2737177898167223,8,71.0,0.31424825796032024,2,13.0,0.7910406036711103,1,5.0,0.5454003495013744,1,13.0,0.7037126870273579,2,28.0,0.35762814789682074,13,235.0,0.26417430990026797,14,195.0,0.09249740282082601,0,4.0,0.9165435673334335,16,468.0,0.14735916414227632,2,23.0,0.6028953980427203,91,1677.0
330.0,85,551.0,1.7492063492063492,5.6446895954360095,1,46.0,0.5000500034064455,11,198.0,0.41057025540299225,7,33.0,0.41615554864376436,3,16.0,0.3019392078730101,8,156.0,0.1191851416077454,4,146.0,0.4023135579659659,2,70.0,0.5226821994440933,1,1.0,0.6622299979244395,2,11.0,0.6112498557408129,3,11.0,0.5378722377882306,7,55.0,0.31200085543522393,10,171.0,0.2361154504475772,17,276.0,0.3593499354895388,0,0.0,0.842011867084714,7,505.0,0.2579784367262209,2,33.0,0.6629010497835778,85,1728.0
335.0,72,612.0,1.894736842105263,5.465549309095183,2,48.0,0.46671781406331536,11,253.0,0.33642795637496203,1,35.0,0.14527274408587926,1,7.0,0.7695124910381278,8,163.0,0.24782416087996795,3,126.0,0.3698676977772345,0,27.0,0.6553568639106545,6,18.0,0.2588904324259884,2,21.0,0.6453765227467815,2,10.0,0.35652118849754677,6,69.0,0.23621018266365543,3,165.0,0.2969605621876581,19,365.0,0.30244379046745745,0,2.0,0.4603828237693312,8,517.0,0.29980880396513504,0,8.0,0.3665404853830589,72,1834.0
340.0,99,918.0,2.7818181818181817,6.153869020041046,8,77.0,0.38920170593593384,15,319.0,0.18655435213453392,5,23.0,0.5961820777057071,0,4.0,0.8006205576139056,5,119.0,0.3264216229643291,6,148.0,0.32730716728126824,1,7.0,0.5401882280117961,7,54.0,0.05369442211000713,0,0.0,0.8646904320213744,4,24.0,0.5014774753662384,3,41.0,0.4967846062846937,7,183.0,0.39269456361767757,24,468.0,0.15592225231032586,0,4.0,0.8455169290784851,14,574.0,0.20881344657413467,0,4.0,0.7790071190799985,99,2049.0
345.0,115,1064.0,3.3146417445482865,5.332486615422548,5,77.0,0.3502501183423443,18,404.0,0.137077412693989,5,48.0,0.6449281951437827,0,4.0,0.8659607171744771,7,109.0,0.3093261630694055,13,202.0,0.10971990924772516,7,29.0,0.0037387580840270666,1,53.0,0.5542995618660299,2,6.0,0.6318893882788075,0,19.0,0.6388805143182937,3,34.0,0.6578569296564535,14,237.0,0.2746857403117127,20,486.0,0.05578050921182484,0,8.0,0.8156892797299659,18,556.0,0.06441770031377639,2,15.0,0.6885211891177354,115,2287.0
350.0,95,900.0,2.8213166144200628,5.143769620192161,2,41.0,0.4842647074167476,18,498.0,0.31088280598733636,2,41.0,0.19246765035310903,0,0.0,0.6636060522719329,7,139.0,0.20947059866061576,15,228.0,0.14056858604057967,2,44.0,0.2674292825635068,0,13.0,0.8049343898484987,0,0.0,0.6463024970751902,2,10.0,0.6167912844199939,0,17.0,0.3582542121349964,16,259.0,0.17497026246517716,13,380.0,0.13074555373519695,0,4.0,0.8388600861095008,16,465.0,0.1216170724608458,2,21.0,0.7080024896236621,95,2160.0
355.0,76,616.0,1.8895705521472392,5.986775875133233,4,47.0,0.4432782358928094,14,482.0,0.23359184553030654,6,29.0,0.21417519254236056,0,0.0,0.9067911421323124,12,192.0,0.13552403843520797,10,201.0,0.25817813938949824,0,19.0,0.8186856621245425,0,4.0,0.7744079501477352,0,2.0,0.858627745615563,0,7.0,0.45950896040863465,4,20.0,0.4400785580462254,13,240.0,0.16323211011784325,5,291.0,0.4502173714283374,0,8.0,0.8304124278659046,6,458.0,0.2874131168078242,2,6.0,0.5024827460295617,76,2006.0
360.0,79,361.0,1.1246105919003115,5.82861142271706,9,76.0,0.3251473891243169,10,328.0,0.23240778429177594,2,39.0,0.4344968093126158,0,4.0,0.7432843386041773,13,209.0,0.17202370204499443,4,214.0,0.2613364319077834,2,26.0,0.8005596421623754,0,4.0,0.8404393108414983,1,5.0,0.8076374190450127,2,14.0,0.6230138857838035,6,47.0,0.4522723434090238,9,263.0,0.17750051839503864,3,284.0,0.37744857805966436,3,12.0,0.6368068291820844,8,477.0,0.32887769428717656,7,33.0,0.28790041756963636,79,2035.0
365.0,91,517.0,1.5907692307692307,5.625739386464278,12,133.0,0.30014730679317136,1,301.0,0.35797329110711573,3,29.0,0.6808074311932636,0,4.0,0.8805957865543794,11,191.0,0.30524992742360796,8,250.0,0.2681776487220742,4,34.0,0.385050492382173,0,0.0,0.8247808876647404,3,13.0,0.7333357603835469,2,24.0,0.5603110914302698,8,84.0,0.4890253875407494,8,294.0,0.15681399869752752,9,286.0,0.26060815172266766,7,35.0,0.3791988210074304,13,527.0,0.21753208665640236,2,43.0,0.3954170632084294,91,2248.0
370.0,114,668.0,2.0181268882175227,4.932468003303358,8,146.0,0.3755878860550031,7,325.0,0.3013342578876678,2,19.0,0.5362974975916123,0,4.0,0.9464984265622357,13,248.0,0.19773572405473167,8,243.0,0.2654332585831572,8,71.0,0.11713733231584939,0,0.0,0.8910507643595651,1,10.0,0.5025529241553988,0,0.0,0.8884882800121129,10,124.0,0.42908022058810485,15,361.0,0.17978854548863935,11,271.0,0.0550929463721219,12,85.0,0.2465237113605425,16,513.0,0.15632512380353783,3,29.0,0.5634924716480322,114,2449.0
375.0,114,752.0,2.2582582582582584,5.28832471896428,2,67.0,0.4035919821629886,6,271.0,0.38416032118639465,6,27.0,0.2910844402234044,0,0.0,0.9157397595573108,13,313.0,0.11691492383038925,5,185.0,0.42532737422669825,9,117.0,0.5228746265318593,0,0.0,0.597009216234795,5,22.0,0.34095597652937065,1,2.0,0.5907172179720395,7,123.0,0.21003851814537788,22,459.0,0.20470380602487376,7,199.0,0.31487685274355737,12,145.0,0.34307347778436204,16,425.0,0.19386701392456152,3,35.0,0.6027713668223702,114,2390.0
380.0,86,773.0,2.28698224852071,5.442547929463182,2,67.0,0.49168372700300284,4,178.0,0.32555387054688273,2,31.0,0.17900035470805334,1,7.0,0.6461321133890092,11,325.0,0.1107628225322712,2,182.0,0.3967699044629433,3,98.0,0.5381600265626743,0,4.0,0.7078577493603629,3,32.0,0.5670579768350177,0,5.0,0.5123481382690234,5,79.0,0.33285814154365345,23,572.0,0.190435640912489,2,174.0,0.4113307713753378,12,207.0,0.17301914433604432,13,290.0,0.19967628171117976,3,50.0,0.7341090327821478,86,2301.0
385.0,104,967.0,2.811046511627907,5.165347881284557,7,89.0,0.36666065360635225,3,154.0,0.30297814588878774,4,26.0,0.5222001707107172,2,16.0,0.7330232310298122,8,284.0,0.16513551982917132,8,209.0,0.37170416787825616,1,45.0,0.23084908346016794,0,4.0,0.9005954668798073,3,22.0,0.6760267097580295,1,9.0,0.8083323688193027,4,88.0,0.46818676992417524,25,697.0,0.03494310960153658,9,195.0,0.17420299878246076,17,283.0,0.21285713418254382,6,309.0,0.21442385398691172,6,72.0,0.47989968079478845,104,2502.0
390.0,131,1369.0,4.0146627565982405,4.548609934212816,13,141.0,0.2550849648283292,7,177.0,0.24241897938132193,0,19.0,0.687553396378119,2,26.0,0.6938742485108704,6,210.0,0.3085238830851145,12,213.0,0.19984370535395035,5,65.0,0.19407177561958186,0,4.0,0.82736443237257,3,23.0,0.35800932057235396,0,4.0,0.8186580643136682,8,100.0,0.4465126629145582,29,841.0,0.14572824411420554,8,183.0,0.09009855579840112,19,381.0,0.23629626578923155,7,295.0,0.3231209351695077,12,118.0,0.221925495729848,131,2800.0
395.0,147,1833.0,5.207386363636363,4.598168948613066,14,210.0,0.28529575165478877,9,157.0,0.20849353345530192,0,0.0,0.7339972498807492,0,5.0,0.4278627741112292,4,216.0,0.3666389826756433,11,160.0,0.2212137428221879,10,98.0,0.4479694022540951,2,6.0,0.3891283901356617,7,46.0,0.35546380763787094,3,8.0,0.5730575794119552,12,154.0,0.3510739735378761,29,986.0,0.15812660650214672,2,104.0,0.5121772630967569,19,473.0,0.26987004903183687,10,274.0,0.3174062038172775,15,192.0,0.09662168918774344,147,3089.0
400.0,125,1788.0,4.898630136986301,4.645980393840937,12,219.0,0.28733887530488966,5,101.0,0.3260710424339769,2,8.0,0.17242058577068006,0,0.0,0.887338987292806,6,236.0,0.2881390326905136,4,157.0,0.2801505807108556,4,91.0,0.5034322848233446,6,30.0,0.278385323081874,4,51.0,0.49257022587230115,1,13.0,0.5919067120016115,9,155.0,0.28800436277184766,24,1010.0,0.06389091718278542,4,104.0,0.45335820736604754,21,575.0,0.0633380887853859,8,214.0,0.24210109000412525,15,267.0,0.23785033244836318,125,3231.0
405.0,112,1375.0,3.7465940054495914,4.767417960825165,5,152.0,0.3573568439724133,4,112.0,0.41649995370553006,4,27.0,0.5652630506139638,0,0.0,0.9538924487701332,14,293.0,0.13707421797547012,6,154.0,0.250413587519937,1,45.0,0.23916742435627408,0,28.0,0.5835986718046907,4,31.0,0.5630743622546548,1,12.0,0.7996017952021606,3,83.0,0.29256548458473347,20,899.0,0.1445378457725659,7,135.0,0.4543313308080967,19,590.0,0.2143219974968683,8,235.0,0.1264629989874966,16,343.0,0.06639717983771665,112,3139.0
410.0,106,837.0,2.268292682926829,5.134746635580214,2,132.0,0.37026888186204493,9,134.0,0.3956281328561803,0,21.0,0.7243116771622966,0,0.0,1.0,15,316.0,0.2077941821385896,12,208.0,0.043489674304010156,7,30.0,0.2808552231370574,2,13.0,0.8063717212876342,3,28.0,0.2953325219221349,1,4.0,0.76449111293806,4,93.0,0.3291142784120148,11,851.0,0.2434168405970368,7,174.0,0.4269934224772864,9,486.0,0.3128363509920804,9,257.0,0.19700711957261477,15,345.0,0.06795398543770761,106,3092.0
415.0,91,449.0,1.2168021680216803,5.275970947199925,7,154.0,0.32480715101802515,7,127.0,0.22271175994469103,0,4.0,0.7058240807543713,0,0.0,0.7344294883498859,12,285.0,0.3039945124664087,12,222.0,0.2216418687278339,3,42.0,0.3780103812332117,0,2.0,0.6464883724612199,7,47.0,0.3954844125703473,3,12.0,0.5784093555422741,9,117.0,0.36621256629971277,10,878.0,0.2741063968143043,4,134.0,0.3414598814120433,2,429.0,0.25437594774159583,10,247.0,0.20358599459397353,5,271.0,0.35296087562070627,91,2971.0
420.0,92,460.0,1.2602739726027397,5.757944774715617,13,208.0,0.2548042995601259,5,88.0,0.31332674546202205,1,5.0,0.6716997442420444,0,0.0,0.9242203841130973,8,204.0,0.23616122875056017,6,149.0,0.21792339629657143,6,37.0,0.6192937232817926,5,19.0,0.20042385689316738,2,46.0,0.5970828475099638,2,11.0,0.3860948436419786,14,177.0,0.3658819210620639,13,925.0,0.17906656427421186,0,44.0,0.553584715659075,7,438.0,0.29984948830332064,10,202.0,0.22263798237924723,0,135.0,0.6811461659956914,92,2688.0
425.0,89,497.0,1.3542234332425067,4.943203643580428,12,220.0,0.2757759820601571,4,97.0,0.32708631708877933,4,18.0,0.6020202339169523,0,0.0,0.9181108668972114,2,222.0,0.23154495914396517,5,173.0,0.18874549137176116,1,38.0,0.4627459630246791,5,37.0,0.14972049009952648,2,19.0,0.6519106453360252,4,25.0,0.6181688852603684,16,248.0,0.3120933019017997,14,874.0,0.07973948437291584,4,52.0,0.25808847126848494,12,493.0,0.22464349955430285,2,177.0,0.24387968365600518,2,134.0,0.46539802162513455,89,2827.0
430.0,111,712.0,1.9037433155080214,5.3831557887587715,5,138.0,0.35541529997245924,8,124.0,0.41291186254889994,0,13.0,0.5942723456674233,0,0.0,0.9018970587624799,8,244.0,0.34970239702762124,8,205.0,0.28347789983765176,7,36.0,0.209420357260708,1,26.0,0.6932675168660524,2,19.0,0.42335055717902215,1,19.0,0.697749016666033,18,334.0,0.17800229937924286,12,716.0,0.27103997642782635,9,92.0,0.350941976142416,19,576.0,0.21757161670348094,6,179.0,0.32116950115597226,7,157.0,0.2861391548059743,111,2878.0
435.0,127,973.0,2.5946666666666665,4.861616545749758,2,142.0,0.33331090504690064,8,128.0,0.33253666683468186,5,19.0,0.45490845829139764,0,0.0,0.881023817718396,14,301.0,0.2707336857540284,7,199.0,0.35181264607755514,7,58.0,0.30627187822335794,4,32.0,0.6079374927034575,7,47.0,0.360303777625016,2,10.0,0.46017166946835475,20,433.0,0.09962662563109907,6,457.0,0.38791483538688093,9,137.0,0.49644200401391875,17,562.0,0.11167815017535174,7,170.0,0.2623629369970078,12,209.0,0.028920487374236446,127,2904.0
440.0,136,1216.0,3.1666666666666665,4.504869279726923,9,169.0,0.2902422256917862,5,78.0,0.2800464657603356,1,24.0,0.14818549107604922,0,2.0,0.468263279283971,20,382.0,0.13703215147578707,6,156.0,0.21205837137933162,8,66.0,0.49671256766028404,9,64.0,0.20887514487353806,2,44.0,0.5414597000443294,3,12.0,0.3916847997501121,21,536.0,0.22938525377666033,2,442.0,0.26775616344508696,13,193.0,0.30647482482107863,13,439.0,0.11969464047878885,7,123.0,0.22395789835612162,17,294.0,0.22129614413438467,136,3024.0
445.0,135,1383.0,3.564432989690722,4.48398410947977,8,160.0,0.3055612446259289,5,55.0,0.43204204918572103,6,23.0,0.10728936519554397,0,6.0,0.7974130387674483,25,498.0,0.06009596532695939,5,161.0,0.12902909144916222,5,72.0,0.3347067553037449,11,121.0,0.07521262279928033,4,18.0,0.6724798496230864,3,26.0,0.7007329143886333,23,649.0,0.24428557690537414,7,463.0,0.13226483134796452,14,200.0,0.05091325819332664,3,419.0,0.32630504211886674,3,124.0,0.17931444598671106,13,289.0,0.24636743616742138,135,3284.0
450.0,128,1365.0,3.64,4.879849363514129,7,104.0,0.3212522747586662,4,53.0,0.4231167198261941,0,27.0,0.5968194073336013,0,8.0,0.8864369587727924,23,546.0,0.18855385340508155,8,177.0,0.17496443189035094,6,65.0,0.21057166258196308,5,124.0,0.3669451056172389,2,17.0,0.5256970688972791,0,13.0,0.785322476079273,25,767.0,0.06849201143056524,13,522.0,0.04422862511877148,11,183.0,0.12337455494549499,9,426.0,0.4238376459749501,7,132.0,0.30571648560319126,8,218.0,0.367799950371391,128,3382.0
455.0,128,1489.0,3.928759894459103,5.100090059440334,3,112.0,0.3494940214269362,7,47.0,0.47008006766858285,0,8.0,0.7956361853551814,0,4.0,0.8794742298560205,17,496.0,0.3384425779180446,10,176.0,0.26829259805878747,7,81.0,0.4520384299533943,0,62.0,0.5990780758019276,6,30.0,0.32595609372122575,2,6.0,0.6303502310488841,27,900.0,0.05099169421425111,16,601.0,0.23075608753122098,3,198.0,0.31066725538815065,12,382.0,0.1309103025761954,15,182.0,0.2678685088282101,3,238.0,0.27707049924510335,128,3523.0
460.0,150,1804.0,4.661498708010336,4.519226253100252,7,136.0,0.35555673781013947,10,86.0,0.2865759382227676,2,13.0,0.5279845914307918,1,5.0,0.18669483197139267,11,524.0,0.2840533300215009,6,140.0,0.3403259388180074,3,70.0,0.480366513428811,4,72.0,0.2298803276219903,8,48.0,0.26204670735641133,3,25.0,0.3904793185763792,28,1039.0,0.1566531211071986,16,681.0,0.3634322290989331,10,196.0,0.28040815501932237,12,274.0,0.1153411667032005,21,271.0,0.13625620709437952,8,267.0,0.06477720275275141,150,3847.0
465.0,158,2226.0,5.796875,4.467785986045334,15,196.0,0.2002081059004833,14,150.0,0.21219733322728532,0,13.0,0.6587153134245652,0,9.0,0.28406938011615923,10,576.0,0.29221653120373087,2,122.0,0.32129484517052603,3,32.0,0.49501439855178336,10,108.0,0.07170688104997795,4,44.0,0.42672187795547944,0,21.0,0.6179322989958819,31,1188.0,0.1979355846082023,16,757.0,0.31270814861951457,14,254.0,0.1040152528216548,3,248.0,0.17235781007714832,27,394.0,0.03281900219745917,9,247.0,0.21913793692077088,158,4359.0
470.0,168,2805.0,7.3046875,4.658700763894965,19,282.0,0.20989246775544426,14,220.0,0.16885236967515355,2,11.0,0.5914523975217625,0,8.0,0.8188997841877846,14,634.0,0.2022703969240935,7,130.0,0.20499945044987614,5,39.0,0.11990352865475246,10,117.0,0.27764288980808755,0,29.0,0.3457150944039291,0,4.0,0.8344149491591882,32,1341.0,0.13697603444991285,16,837.0,0.19324327592992224,10,254.0,0.09102844146234902,8,247.0,0.31658779711722784,29,533.0,0.12872180822443988,2,176.0,0.49571769911804014,168,4862.0
475.0,181,3352.0,8.639175257731958,4.5796066332456284,21,383.0,0.2035659761479786,14,290.0,0.21206338050099655,7,36.0,0.35644483814178307,0,8.0,0.9192521783741424,17,629.0,0.08387994998796085,10,140.0,0.11162998724725275,4,48.0,0.09525788824755818,2,76.0,0.44915144322583495,4,30.0,0.4667292305791269,3,8.0,0.5893539164053495,34,1507.0,0.06542701165902347,16,917.0,0.22481318705398853,1,170.0,0.496977347547471,13,292.0,0.3810198679866467,31,682.0,0.21230348127961068,4,184.0,0.41637886112340255,181,5400.0
480.0,169,3109.0,8.117493472584856,4.339451049686703,23,495.0,0.14938153404685658,9,285.0,0.23144331727158396,6,51.0,0.10049539748876239,1,5.0,0.4938851218776108,15,545.0,0.13585991419238785,7,125.0,0.451686274726114,1,28.0,0.5730667638568906,2,68.0,0.45167541598446737,1,24.0,0.5204036425937267,5,28.0,0.3643417890814509,31,1510.0,0.11913675415262806,12,818.0,0.17473045040677068,3,151.0,0.5231217085936739,10,268.0,0.15935278946416634,33,842.0,0.12972073718905552,10,219.0,0.18523140328060728,169,5462.0
485.0,148,2193.0,5.725848563968668,4.505194520249595,19,512.0,0.21758732469561465,3,172.0,0.4192289650658761,5,47.0,0.44682402659879666,3,8.0,0.11873419722077488,13,568.0,0.2515340512186839,5,127.0,0.31933519497568597,4,32.0,0.6256181807225544,7,96.0,0.22835935919309602,3,14.0,0.6232710048587135,0,25.0,0.5721323673201049,23,1327.0,0.15959093640153904,5,555.0,0.3621548424832571,7,174.0,0.4913444344512565,10,176.0,0.13856444418790717,34,1010.0,0.05998358451021399,7,205.0,0.05289374698947747,148,5048.0
490.0,115,1541.0,3.9716494845360826,5.0292373415060805,11,369.0,0.25756456003234895,2,171.0,0.4755485594566989,5,50.0,0.5934352002477478,3,20.0,0.27824856508328205,11,606.0,0.2446524152940662,10,137.0,0.19795703134069165,6,56.0,0.5160011391896487,6,104.0,0.2739278466282597,0,11.0,0.7174047152542097,0,4.0,0.8016875137121393,17,1012.0,0.13814785210291428,3,567.0,0.36017489404383035,5,152.0,0.3246973499386703,3,192.0,0.3521510677358609,30,1064.0,0.01886217585150812,3,127.0,0.29547711006304755,115,4642.0
495.0,104,1024.0,2.708994708994709,5.18316877514204,5,401.0,0.27382236317490843,7,193.0,0.4921115373130883,5,73.0,0.48584606286189524,1,11.0,0.6188582065520278,12,571.0,0.14117858400676206,11,156.0,0.10145143600372243,6,64.0,0.3675493503457005,0,68.0,0.5016893954600408,0,4.0,0.6168484201595522,1,5.0,0.4712011043464282,10,767.0,0.2591205108249799,9,588.0,0.33909236942620347,4,67.0,0.4349734113503939,8,207.0,0.46683193556534125,22,938.0,0.05903625138951317,3,127.0,0.5487538681492858,104,4240.0
500.0,105,773.0,2.0395778364116093,5.267594573496338,8,426.0,0.2850653585021476,9,233.0,0.22864718727379668,3,59.0,0.08130783304778252,1,15.0,0.7521003142565417,11,467.0,0.1176183937204071,9,135.0,0.3572063457871146,8,57.0,0.4195538645422559,2,59.0,0.5028665679035662,0,2.0,0.41975085775615584,4,25.0,0.48015340485032515,1,705.0,0.4612340290761857,11,485.0,0.28426276731399724,3,58.0,0.3986124311241929,15,264.0,0.35125267162086454,14,805.0,0.17072099650173708,6,148.0,0.5918521412877209,105,3943.0
505.0,113,704.0,1.8238341968911918,4.687377263054521,10,397.0,0.2683194151291023,15,301.0,0.21661625944268037,1,21.0,0.5418570225881848,0,6.0,0.7460014688551735,8,472.0,0.11688684023999964,2,132.0,0.34718047486317705,8,69.0,0.27850089985557425,7,85.0,0.299998956842299,2,7.0,0.5488489383351581,0,16.0,0.7064768771327099,7,702.0,0.4016888093253658,9,279.0,0.1948943985859013,7,71.0,0.4222099515781179,21,353.0,0.10103943734055111,7,852.0,0.3154659427724736,9,183.0,0.20078897451546038,113,3946.0
510.0,125,858.0,2.2056555269922877,4.5161659881701794,7,302.0,0.2590959626132673,15,378.0,0.35528843412843514,4,27.0,0.4523359439051132,0,4.0,0.8524827170283857,10,484.0,0.12239846724168679,8,133.0,0.3050149761332371,5,71.0,0.19312997746876392,13,143.0,0.2954117815468619,1,6.0,0.4828216910166688,3,11.0,0.6362726021075337,9,622.0,0.16874924273790073,7,260.0,0.22110730313281668,4,60.0,0.34837579514331807,22,466.0,0.03853046236765704,8,887.0,0.31434216889201444,9,167.0,0.09441773314538644,125,4021.0
515.0,113,827.0,2.057213930348259,4.761021007068616,2,283.0,0.28186424549933475,10,343.0,0.26680491128279554,5,48.0,0.5269742549228421,2,2.0,0.4753371558225988,9,446.0,0.10566549684447647,14,193.0,0.13369394102230103,9,82.0,0.29077999417451694,10,157.0,0.3414223781131818,1,13.0,0.6709343850689553,1,11.0,0.45963949907672674,10,459.0,0.17418923138652917,7,280.0,0.2728740699740485,5,41.0,0.44127064050269627,16,474.0,0.22325925182850148,10,838.0,0.13449094244186963,2,80.0,0.4376334040122303,113,3750.0
520.0,93,540.0,1.3399503722084367,4.879675882662929,7,305.0,0.3020280035206178,6,165.0,0.28182135831537686,5,77.0,0.45991319918323303,6,24.0,0.016813316787151384,6,335.0,0.14450608806540827,13,214.0,0.23489443536914226,6,88.0,0.3611572933595688,3,117.0,0.2595422198264776,1,6.0,0.7923939545273697,5,20.0,0.4393737121682974,1,425.0,0.2917069140219831,14,335.0,0.11777326296988594,1,35.0,0.3872615253960228,9,375.0,0.27998302421516474,10,707.0,0.16137546693757046,0,60.0,0.6357095483440803,93,3288.0
525.0,85,420.0,1.0526315789473684,4.943651063611025,8,275.0,0.221023184459596,0,149.0,0.3478435492217858,7,110.0,0.3023387424546433,4,42.0,0.06926465945745978,4,197.0,0.21696217545059596,7,175.0,0.34422338183254453,4,53.0,0.5834099739314185,5,119.0,0.34898766105914975,2,11.0,0.6921374105208251,1,23.0,0.4949095116493923,7,432.0,0.29727499246882744,14,281.0,0.07186457048473169,6,34.0,0.25864920029419014,6,352.0,0.3238291159496736,4,630.0,0.2613251239356124,6,74.0,0.4197711951711482,85,2957.0
530.0,85,299.0,0.7531486146095718,4.868601032939032,5,177.0,0.26911236332016425,6,165.0,0.4143531723277149,6,106.0,0.3636866370193134,0,22.0,0.6349476042396256,3,188.0,0.3177717163147117,3,147.0,0.3152296554326532,1,39.0,0.43500556350122044,8,134.0,0.4568745577691653,5,27.0,0.47957848858475255,3,12.0,0.702156711350211,8,372.0,0.1746745287850896,12,229.0,0.2924201648131864,3,38.0,0.42285411963492586,7,381.0,0.2579646343277962,9,646.0,0.24430348237958896,6,83.0,0.0696468363943656,85,2766.0
535.0,92,361.0,0.8957816377171216,4.7180425161465935,3,193.0,0.2951932094519193,8,154.0,0.2794340274528642,2,39.0,0.4585019323935112,4,31.0,0.6284759742407022,6,211.0,0.31596414056886096,7,175.0,0.22379399116542523,4,34.0,0.21035353440396068,13,184.0,0.25031996331970796,1,25.0,0.36184497084369044,1,8.0,0.7041996644092511,9,250.0,0.15947189778473972,6,228.0,0.35837511998987487,4,32.0,0.5963805132146356,7,356.0,0.21805463692431284,9,591.0,0.1590642957104068,8,84.0,0.2009990099070844,92,2595.0
540.0,106,508.0,1.2450980392156863,4.548581797217519,9,221.0,0.2560002026450864,6,89.0,0.2707454732736583,3,45.0,0.35483242383059665,4,51.0,0.5070705000911274,10,201.0,0.14120240483262975,9,180.0,0.12337417328208601,7,48.0,0.1330949731459056,17,268.0,0.16738040717201585,3,18.0,0.6127412816108542,1,9.0,0.7188328479785111,9,173.0,0.2906309731849283,7,253.0,0.15372856186506567,1,26.0,0.5283407659916555,7,274.0,0.29914983219950597,9,439.0,0.13738130907207416,4,94.0,0.4903868455240988,106,2389.0
545.0,109,730.0,1.784841075794621,4.75126116648723,9,200.0,0.2150758498870795,2,94.0,0.33734168443814155,6,57.0,0.2817913237890565,4,43.0,0.16644552159025316,9,171.0,0.14033492526372832,7,141.0,0.4024126168884021,4,51.0,0.6051304786615415,17,355.0,0.23190814838961557,4,17.0,0.6287069011478028,1,4.0,0.5125312582065328,7,163.0,0.2871148335619835,14,312.0,0.1273442136001558,5,25.0,0.3896336829261539,4,148.0,0.4208274723904237,7,238.0,0.13376363474312508,9,109.0,0.44681370260577213,109,2128.0
550.0,110,660.0,1.5980629539951574,4.489653834254452,8,137.0,0.2729917989397235,10,121.0,0.394388671407974,11,107.0,0.2560027786085983,8,44.0,0.18197358896286767,4,188.0,0.1687023782036026,3,109.0,0.38883686011832713,3,40.0,0.6422710332340565,11,357.0,0.24872051293930722,5,29.0,0.4843724139806545,2,11.0,0.7652031491667229,9,171.0,0.1887720059669165,13,327.0,0.20383178678957176,3,37.0,0.21524956484683008,2,134.0,0.30771684591835147,2,240.0,0.21355549930202503,16,173.0,0.17235501054765096,110,2225.0
555.0,121,620.0,1.508515815085158,4.682666035319558,5,144.0,0.28059695450206334,13,183.0,0.2657400667707813,5,114.0,0.11518048196686101,3,57.0,0.41631654295556947,9,201.0,0.24851909762941882,7,126.0,0.3288664008229778,5,35.0,0.3042459257138968,7,242.0,0.341051527438286,3,35.0,0.2828511191526158,4,26.0,0.6647870584488668,11,157.0,0.18034207317935902,11,259.0,0.28008268392469315,6,43.0,0.4561147047711789,8,156.0,0.32979927272989135,8,218.0,0.32577930806913064,16,209.0,0.03246603749543143,121,2205.0
560.0,122,658.0,1.5592417061611374,5.273571956032029,9,167.0,0.2790802351705799,12,198.0,0.18321315789276604,3,72.0,0.5301820545243089,2,37.0,0.7290085201058069,10,206.0,0.26017371435152525,12,181.0,0.12262712879439941,11,74.0,0.08023693614618084,2,257.0,0.290718531619598,3,22.0,0.49220188490217587,2,20.0,0.38477964453659397,18,208.0,0.22773316201333862,10,225.0,0.24553161631663467,2,48.0,0.6953031202786485,9,148.0,0.15238958860014604,8,181.0,0.3921576147170852,9,195.0,0.15145429843766547,122,2239.0
565.0,122,771.0,1.8533653846153846,5.222567940222951,8,166.0,0.24404595090028414,6,168.0,0.28917853459387,2,58.0,0.6055002599068137,3,33.0,0.513311432891639,11,165.0,0.17413604419745324,18,264.0,0.18437859077909002,11,133.0,0.06845953322607128,7,284.0,0.09793979830847009,2,16.0,0.6493670325075425,7,35.0,0.3911332223864972,25,310.0,0.2238093646238895,8,159.0,0.2682066824468985,4,35.0,0.6410457067876211,4,105.0,0.33409596618737486,6,84.0,0.3073002863152294,0,173.0,0.34252748606914474,122,2188.0
570.0,136,1017.0,2.5049261083743843,4.292086706110007,8,136.0,0.25795544917660695,3,175.0,0.408723347715464,7,75.0,0.4734593208455318,4,27.0,0.16491115367096806,10,130.0,0.177806844954052,23,372.0,0.11933665370286682,5,131.0,0.2884250881772072,9,265.0,0.11245827697074501,4,24.0,0.6322071352639022,7,70.0,0.4709930312228143,28,443.0,0.12429536541824605,4,160.0,0.3303829084884516,10,66.0,0.31086356197955234,3,96.0,0.4634746632235059,5,104.0,0.21613971788812122,6,191.0,0.16612556820882446,136,2465.0
575.0,142,1295.0,3.197530864197531,4.001161728324392,6,157.0,0.25085748434336413,8,204.0,0.2532392908233672,12,120.0,0.30761015816711773,6,33.0,0.4230940881025762,2,144.0,0.36335878546462397,28,506.0,0.034419458816998996,0,68.0,0.6982737292138148,1,179.0,0.5552334262830813,2,22.0,0.36547658380817327,1,62.0,0.4357778411782865,30,593.0,0.0562355423719208,6,144.0,0.33235472042473485,10,83.0,0.06937596816843422,9,128.0,0.2955655872091253,8,128.0,0.27968920902792344,13,241.0,0.2083503160202895,142,2812.0
580.0,178,1853.0,4.465060240963855,4.474979362147203,10,189.0,0.2867643310322328,10,201.0,0.21641869305274733,7,123.0,0.16527305476253115,6,62.0,0.524447208010413,7,146.0,0.44259682888555546,33,664.0,3.2213150924431655e-05,1,39.0,0.5711406763209906,2,157.0,0.49941582863268624,5,28.0,0.448403503131369,3,23.0,0.4583001417117203,32,750.0,0.1508357277141806,13,188.0,0.273583498110313,7,85.0,0.3152583069522093,15,191.0,0.27698388007122243,14,185.0,0.25594545393900703,13,261.0,0.2932720058143834,178,3292.0
585.0,171,2028.0,4.840095465393794,4.198820347771609,10,195.0,0.21708367580245816,7,154.0,0.2677874314907182,5,81.0,0.4296438802486723,1,54.0,0.5777019711108309,14,198.0,0.3676225362535494,33,829.0,7.335412786853947e-07,3,52.0,0.4312438009743856,8,184.0,0.29306159212639843,3,30.0,0.5630149266275103,1,17.0,0.31374343368495067,28,803.0,0.16910699675603272,10,202.0,0.10668574219605778,2,85.0,0.4088640278637078,16,271.0,0.15509538432682077,21,275.0,0.11536409517909085,9,220.0,0.23710487049499446,171,3650.0
590.0,164,1814.0,4.298578199052133,4.410233265461682,9,160.0,0.24520288465954837,4,82.0,0.5027697618476585,2,81.0,0.530290315529366,5,24.0,0.46012345059298676,21,289.0,0.2625357532241641,27,880.0,0.0363596378951012,3,75.0,0.26213323186903875,11,168.0,0.07564737253829085,4,28.0,0.6382700908232323,4,30.0,0.6254967388397059,21,766.0,0.11428062629674736,6,162.0,0.38205343399058095,7,96.0,0.33210127116177773,15,291.0,0.21904090395914882,23,329.0,0.05064425690552682,2,213.0,0.166976693899221,164,3674.0
595.0,140,1424.0,3.3348946135831383,4.923749944006325,8,119.0,0.3185542930347879,2,80.0,0.477913534142859,7,83.0,0.4390327200880034,3,31.0,0.16061499741836147,25,404.0,0.13767875363172505,17,767.0,0.22529187237335854,3,88.0,0.6860632008951523,8,132.0,0.17001627791726145,2,27.0,0.5244700012302902,0,19.0,0.6948505076103603,17,811.0,0.10728906182584944,3,150.0,0.3608140666460206,13,155.0,0.1810868285710558,6,215.0,0.40062607938371697,18,334.0,0.13088316652337523,8,240.0,0.28391146290730435,140,3655.0
600.0,142,1249.0,2.988038277511962,4.652969995612876,1,121.0,0.3402287824321415,7,83.0,0.3234970401485088,12,128.0,0.2119487625818565,7,34.0,0.28751074282604666,29,544.0,0.03850824738120282,10,830.0,0.32361158055414785,3,103.0,0.7592003715533981,3,140.0,0.35999461593273774,6,26.0,0.2891874871555874,1,3.0,0.5432236945809681,13,882.0,0.11433341134372764,8,150.0,0.29663873872541513,13,185.0,0.24148872314833328,3,229.0,0.3138045227579679,11,347.0,0.2530246053037579,15,303.0,0.26549254318742027,142,4108.0
605.0,152,1126.0,2.6937799043062203,4.474985659978419,6,121.0,0.35494571542991077,15,140.0,0.17724908230381486,8,131.0,0.0718027814847013,3,46.0,0.4471005026587213,24,606.0,0.10468117984767832,10,879.0,0.22622944023922784,1,37.0,0.4405468742812863,10,151.0,0.3489411763961562,7,44.0,0.2733962916016696,2,12.0,0.48073889211343035,9,847.0,0.23539821119237864,13,212.0,0.3550962766618077,4,138.0,0.4285128555693272,9,263.0,0.29152644154639923,10,399.0,0.24918680007086402,21,393.0,0.18891745860519324,152,4419.0
610.0,144,1186.0,2.817102137767221,4.680984206838883,9,129.0,0.23297642864603554,15,171.0,0.19654948432072092,4,70.0,0.3242506299472167,3,37.0,0.613383034946156,16,560.0,0.16771937607287732,15,942.0,0.23218945194042906,5,17.0,0.17183491913513194,12,206.0,0.37607329868074224,4,38.0,0.40766214187746236,2,20.0,0.7713256701981371,5,706.0,0.26974540072677583,14,278.0,0.4077932684867948,2,138.0,0.3195760497090742,8,250.0,0.28845485794052667,7,384.0,0.1737504238836831,23,506.0,0.15330959755716794,144,4452.0
615.0,129,1144.0,2.7434052757793763,4.29202746219028,8,112.0,0.267434883982738,9,157.0,0.3821453780292406,3,57.0,0.5371368632551682,1,19.0,0.4168387738263338,12,626.0,0.09634120403002366,21,1036.0,0.17368861024328813,9,61.0,0.08362131537191636,6,196.0,0.3149627150345372,2,39.0,0.49569578400303027,0,4.0,0.828188900320543,2,669.0,0.14185098085642656,11,266.0,0.21478198418755332,8,168.0,0.098474683415541,5,175.0,0.3760076364044654,8,301.0,0.13542188509519873,24,625.0,0.24493019007474695,129,4511.0
620.0,117,993.0,2.3642857142857143,4.497964987969577,7,85.0,0.35575643395016243,3,166.0,0.33505505934127283,5,69.0,0.49695582262497573,0,6.0,0.40038999760344174,10,684.0,0.11485046396080856,28,1166.0,0.08949431167955324,3,70.0,0.43197709948034757,4,110.0,0.329026284868372,5,53.0,0.5660315068924752,1,4.0,0.6244853186956205,9,705.0,0.09726361170479095,9,187.0,0.1495910037942921,7,165.0,0.4536473618687481,1,160.0,0.2850334878930433,3,293.0,0.2916240508266148,22,649.0,0.1313054490563467,117,4572.0
625.0,117,966.0,2.294536817102138,4.505551961947229,6,89.0,0.3927560519292386,9,188.0,0.23775178266698488,2,46.0,0.456468722421206,3,16.0,0.39123665317874856,16,753.0,0.19376899908076017,32,1322.0,0.00012126264638089867,0,30.0,0.6428319286756741,2,109.0,0.38386096318829116,3,51.0,0.3352392641876412,0,8.0,0.4495637456735908,8,660.0,0.148517370464191,3,197.0,0.3382362355115041,0,97.0,0.5635737330241766,8,194.0,0.29152297238587427,7,301.0,0.27974117527523396,18,535.0,0.08007814329442206,117,4596.0
630.0,132,1025.0,2.452153110047847,4.618246383595331,7,72.0,0.29059668461505256,10,196.0,0.17304264154976434,6,33.0,0.4859299096986721,5,37.0,0.49459099234350984,16,745.0,0.25364208554350137,26,1342.0,0.06579213786121851,0,4.0,0.6535378590874058,8,130.0,0.1777478462788226,2,23.0,0.4605508683884824,2,14.0,0.7488597098431019,5,518.0,0.25243119313997353,10,217.0,0.41652321188497016,2,85.0,0.2901176221848961,9,187.0,0.3014379918445428,13,350.0,0.16823963273962342,11,602.0,0.24130987911564372,132,4555.0
635.0,123,818.0,1.9476190476190476,4.504860061209282,13,115.0,0.26442797318912425,7,161.0,0.22506599158734117,1,37.0,0.4960583036130786,3,40.0,0.379089709659794,15,695.0,0.20848996416166002,17,1178.0,0.21078534038501726,1,11.0,0.5849710719583443,15,197.0,0.04340011797564608,0,10.0,0.5979114513502709,0,4.0,0.7778522234655303,6,505.0,0.3341388581190927,10,210.0,0.16241201679335676,8,119.0,0.07824961687653666,4,126.0,0.3723718556869682,15,358.0,0.0824771173242119,8,642.0,0.2732581423480845,123,4408.0
640.0,130,815.0,1.9221698113207548,4.817039247811586,18,198.0,0.2706682426368542,5,114.0,0.3567089972042102,7,35.0,0.39116881187635966,2,17.0,0.4334535018557686,16,764.0,0.10205355630885188,16,1194.0,0.22460212089943887,2,21.0,0.7985494127811871,9,196.0,0.27812703347365253,3,19.0,0.7432122731221517,2,6.0,0.7006178755749595,11,543.0,0.27376872983410194,10,166.0,0.11988465097704488,6,117.0,0.4988805003864254,3,137.0,0.25165100548066427,10,275.0,0.23358109810767305,10,593.0,0.1703226812401636,130,4395.0
645.0,107,625.0,1.5096618357487923,4.799271894823759,15,232.0,0.22746027754268214,1,94.0,0.38025056213371616,7,70.0,0.4177666415545249,3,17.0,0.48632157238355006,16,847.0,0.12099273016622056,13,1263.0,0.1528082679756607,0,6.0,0.6654303841109404,0,109.0,0.5576127440697763,5,37.0,0.45318501369065106,1,2.0,0.44570267996364016,15,605.0,0.15588307530045722,4,155.0,0.18919602700457167,0,56.0,0.6289512622982717,10,179.0,0.2598066631353749,7,284.0,0.3349360717226894,10,486.0,0.14379149943599498,107,4442.0
650.0,113,561.0,1.3357142857142856,4.59995033771783,9,204.0,0.2889083700866493,7,100.0,0.4008826076122333,7,105.0,0.4427439582945409,4,29.0,0.36814868244348753,14,815.0,0.1191859725296643,8,1183.0,0.1550340469080729,5,25.0,0.5310705883367471,4,113.0,0.20445272493388056,4,36.0,0.27967782785761336,3,19.0,0.5348929611673128,16,575.0,0.0856485446940983,8,152.0,0.290979986269516,2,36.0,0.4624189448044452,9,174.0,0.30046514213638675,8,328.0,0.31223695305660804,5,426.0,0.2720020405918262,113,4320.0
655.0,107,508.0,1.1952941176470588,4.496708293755756,2,219.0,0.31090127178788496,8,99.0,0.3001983450243684,9,145.0,0.31608950359859617,3,29.0,0.07729811748956936,15,696.0,0.16858690111632513,5,956.0,0.27185902517413696,3,29.0,0.4160423436089682,9,152.0,0.07651671407485523,2,24.0,0.4106754628517631,1,12.0,0.718218171947768,14,447.0,0.11848459280348853,7,144.0,0.5034515624667079,8,68.0,0.1409337385728671,5,130.0,0.3303259776281212,8,307.0,0.16050752343370162,8,443.0,0.3122350609157265,107,3900.0
660.0,111,657.0,1.5793269230769231,4.6652531749158435,8,240.0,0.2774537189685773,5,70.0,0.27824737721653126,15,213.0,0.2932268569476371,0,7.0,0.5323685107254035,10,741.0,0.1114441103250325,4,913.0,0.2932529374890266,7,35.0,0.40731930422242657,10,206.0,0.47424303294753206,3,29.0,0.6063301917172454,3,14.0,0.7468225922048263,12,278.0,0.2800672353018431,2,92.0,0.3933801765891247,7,81.0,0.3407991938514277,3,129.0,0.28802656255678005,9,233.0,0.1166767402314183,13,493.0,0.16571235684956237,111,3774.0
665.0,98,649.0,1.5489260143198091,4.385952255267763,13,245.0,0.23552891795319938,1,63.0,0.3932936107580711,15,292.0,0.17171570296137142,0,0.0,0.9373607886005795,13,791.0,0.1239893959417426,9,945.0,0.2576509800824294,3,48.0,0.44451741918304005,4,187.0,0.5406712065401813,1,20.0,0.621448828228026,2,11.0,0.5279185768513638,6,301.0,0.3259893633513514,3,95.0,0.19668305753526535,1,48.0,0.4679521232481327,7,160.0,0.29481241608986936,5,245.0,0.14769601171245242,15,475.0,0.09453633141486961,98,3926.0
670.0,109,709.0,1.6761229314420805,4.6465635922692154,10,185.0,0.3012105725698217,6,81.0,0.45418378199561277,15,369.0,0.24769001334549967,0,0.0,0.9271973092176446,9,731.0,0.22166589568070688,10,858.0,0.15526816183682884,5,40.0,0.4588075785681976,0,90.0,0.4207159539722728,4,16.0,0.3756801973627989,7,32.0,0.3172696677746215,6,323.0,0.27266924241429974,8,123.0,0.30364943532282346,2,32.0,0.4558721670081434,7,158.0,0.3033537993509069,8,249.0,0.24230199751602163,12,376.0,0.23405926984253309,109,3663.0
675.0,118,838.0,1.9533799533799534,4.353886142755614,1,168.0,0.3217794189336747,7,90.0,0.3804583718344343,16,445.0,0.13934970347196815,0,0.0,0.14843311110830576,7,568.0,0.2393720091310315,11,647.0,0.14946271852448173,6,50.0,0.5472233378238537,3,47.0,0.2669365423327766,9,56.0,0.2947852327756099,13,84.0,0.17645898690121822,8,300.0,0.15475732144396623,8,133.0,0.3013561515762833,6,53.0,0.4287510943625311,3,113.0,0.3564533466062895,10,236.0,0.23865123337683913,10,385.0,0.29561182608102493,118,3375.0
680.0,110,712.0,1.6367816091954024,4.352258109422108,7,174.0,0.33603355340978225,3,62.0,0.29410377666999626,15,438.0,0.21781705743912197,4,19.0,0.3210772617490664,6,556.0,0.10917507166936609,7,612.0,0.2604088333671638,6,80.0,0.41411789960519124,7,65.0,0.12037638443700331,5,75.0,0.4592284264827436,7,110.0,0.3035012689427467,6,211.0,0.2745883930602849,6,86.0,0.3294438970552998,11,97.0,0.43970945398369615,4,128.0,0.28650641384701014,9,182.0,0.20219419034072406,7,417.0,0.1887098194411486,110,3312.0
685.0,95,430.0,0.9839816933638444,4.363724277176794,7,160.0,0.30266692366599063,4,37.0,0.4742441862409919,7,320.0,0.32160280390721985,0,16.0,0.7588834245320918,14,527.0,0.09204665105033265,11,630.0,0.30477107944997567,2,68.0,0.10645929807395016,5,55.0,0.16739739487512673,3,49.0,0.5940606302103234,2,74.0,0.5725807508001581,6,226.0,0.2818498697401255,2,90.0,0.17938107312061763,6,104.0,0.23107683364763903,9,163.0,0.20565387031335733,3,185.0,0.14486380677984528,14,476.0,0.1150768881649037,95,3180.0
690.0,95,440.0,1.0138248847926268,4.634114820877958,6,103.0,0.28948858710421943,2,34.0,0.44582545889171626,2,289.0,0.2577285362115274,0,4.0,0.8756557245951034,9,557.0,0.22753094818907973,16,689.0,0.21377267083638507,1,19.0,0.35271662491508676,5,48.0,0.6166953372709385,3,40.0,0.39065465616209905,2,65.0,0.505759915026108,8,257.0,0.16748200326756557,7,106.0,0.1692743832654723,3,67.0,0.1988349284784047,10,172.0,0.23385974344426178,7,194.0,0.26378407163181283,14,454.0,0.19075539103864486,95,3098.0
695.0,119,648.0,1.482837528604119,4.762538743660815,1,92.0,0.3186034960809169,6,43.0,0.47213577444602983,8,320.0,0.2986788652617308,0,0.0,0.37580917698349464,13,578.0,0.24360875144909974,21,788.0,0.020076979969060018,2,9.0,0.5447021630437788,0,35.0,0.7102799238218761,8,61.0,0.25085463619628173,7,87.0,0.2583952660089228,9,262.0,0.14176983265950382,9,116.0,0.27523213904640775,2,52.0,0.44180145576160745,6,142.0,0.33388891617414673,15,248.0,0.2712604514265529,12,362.0,0.29370271206399146,119,3195.0
700.0,139,859.0,1.9522727272727274,4.565110500101473,7,107.0,0.3452253986290895,11,92.0,0.2540268795535949,8,290.0,0.3665634804014501,4,22.0,0.1587222266146754,16,545.0,0.14156424394540462,30,921.0,0.02614933940834874,5,28.0,0.5058380456332959,1,16.0,0.43525615013272506,9,79.0,0.22462703537824644,6,92.0,0.29448394393531113,4,209.0,0.27399552351203244,4,92.0,0.5056240865140167,6,64.0,0.4984868468752869,3,128.0,0.3506824696881798,16,270.0,0.11244704340727998,9,244.0,0.23785167952678857,139,3199.0
705.0,137,1004.0,2.3187066974595845,4.261234248521802,9,111.0,0.24457218555044002,15,167.0,0.18875013283731798,4,180.0,0.4211750374911795,0,22.0,0.7933161560270607,15,446.0,0.08320963953057021,32,1076.0,0.03862985724691501,1,25.0,0.10933487854462619,2,16.0,0.15607661536442424,3,65.0,0.35893511396357275,2,51.0,0.5622309555365643,6,211.0,0.27544897334325813,2,97.0,0.369368435798174,10,106.0,0.3620914969466836,9,145.0,0.20839666471511484,20,263.0,0.09193298079522591,7,206.0,0.3207460003300824,137,3187.0
710.0,141,1097.0,2.5511627906976746,4.133367906886096,7,82.0,0.3037181696844588,9,186.0,0.4028440957728437,6,198.0,0.28068059350926733,0,8.0,0.8768877134483761,13,503.0,0.08698831471854573,31,1063.0,0.04492674227823981,5,25.0,0.2964291919716668,3,26.0,0.607525965848916,2,54.0,0.34215863485330344,4,56.0,0.5207210947044756,9,239.0,0.17209585012713713,8,126.0,0.24470319475018562,14,169.0,0.035937768880209185,16,212.0,0.033940209342004465,11,304.0,0.1944705294012499,3,184.0,0.4434812580551938,141,3435.0
715.0,142,1099.0,2.532258064516129,4.33531618922763,3,87.0,0.3663838712262084,2,136.0,0.3805389526184367,9,237.0,0.24074117321391134,3,8.0,0.5151109732085501,12,540.0,0.14801395293273906,21,862.0,0.21553462246890778,0,22.0,0.7448284313133889,2,18.0,0.6872611465175933,7,73.0,0.5095194106807924,9,90.0,0.22560912518610104,14,301.0,0.12088163054677843,14,186.0,0.1035350156158989,17,254.0,0.21867655512294565,13,237.0,0.2358625665071887,9,346.0,0.23058295457492564,7,180.0,0.37953292290724705,142,3577.0
720.0,141,1011.0,2.3188073394495414,4.515346187358661,9,106.0,0.31303403292364435,1,121.0,0.28622463119009495,12,203.0,0.06938517798333683,6,31.0,0.20182438850071904,16,600.0,0.20444679163929128,12,615.0,0.39167350468190576,0,4.0,0.869446513320572,4,20.0,0.4698709015317353,3,76.0,0.47876262414206056,9,103.0,0.26577886484278973,14,317.0,0.1963638740149818,14,221.0,0.08137019483536044,11,264.0,0.282349121403284,3,185.0,0.4045750420046074,14,372.0,0.17999042599698467,13,220.0,0.21630472909384713,141,3458.0
725.0,121,733.0,1.639821029082774,4.799358692092587,10,123.0,0.24121054520125876,7,144.0,0.2497134242563075,10,160.0,0.1153636500802468,6,65.0,0.4514882578138111,22,697.0,0.18066349020569777,6,650.0,0.3694247522939829,2,8.0,0.5870899584060455,1,23.0,0.5531049029124376,4,38.0,0.35283556800687654,1,69.0,0.5442277891746012,11,266.0,0.23366599126788934,6,190.0,0.4337174871339634,2,190.0,0.3550292194640112,3,162.0,0.49799503728287964,14,377.0,0.08719493667209463,16,243.0,0.068624918021903,121,3405.0
730.0,123,618.0,1.3918918918918919,4.276987640983319,7,114.0,0.3449721358474815,13,198.0,0.3532657911632194,6,188.0,0.21360028689972071,0,52.0,0.6250937643976942,25,708.0,0.04675758926898413,6,655.0,0.290963964670122,1,9.0,0.14717896950135229,3,13.0,0.3809130579931936,4,40.0,0.31041175225782597,2,56.0,0.47092405626282685,10,212.0,0.15916218213176986,4,188.0,0.3955552791408646,3,202.0,0.221556792462028,10,197.0,0.19325947614117236,19,344.0,0.08544209352735567,10,214.0,0.2970851257607321,123,3390.0
735.0,138,795.0,1.8275862068965518,3.7901431370416727,0,92.0,0.3594001086998498,9,204.0,0.2815945407607353,9,216.0,0.23216055325678306,0,4.0,0.5793621712157756,25,830.0,0.05195046722051873,13,713.0,0.10793917180809921,2,16.0,0.4993573230621717,7,39.0,0.32618952837519705,8,64.0,0.31393568383945236,7,82.0,0.23141977422587118,6,226.0,0.20952728370000454,9,218.0,0.1971155323595366,9,230.0,0.24270497940225144,15,259.0,0.21476445495525856,13,381.0,0.11977569609074235,6,157.0,0.3590432661070215,138,3731.0
740.0,151,898.0,2.0596330275229358,4.172630450518525,7,97.0,0.3186045636725625,7,133.0,0.24611327182119733,9,203.0,0.23626659684916682,2,11.0,0.32383193802883453,23,946.0,0.15030359023033202,14,686.0,0.05876989042047013,2,30.0,0.5353092704005196,10,88.0,0.4620032680460765,4,64.0,0.5025970867215778,7,93.0,0.2893373504446661,9,255.0,0.31347096700784205,10,216.0,0.09520828797805904,15,295.0,0.2718453832452633,18,347.0,0.21751650297107075,11,414.0,0.23481923247450015,3,152.0,0.391673530689714,151,4030.0
745.0,145,1034.0,2.371559633027523,4.681141297171889,14,150.0,0.3031948596126386,4,82.0,0.3832213832061326,8,164.0,0.18777413743188723,5,33.0,0.5908584076146062,22,1053.0,0.15283038257235548,11,568.0,0.30471165031018144,0,8.0,0.5789476964276269,6,98.0,0.477758158748812,3,37.0,0.6436990861996684,1,55.0,0.5969210853329503,8,256.0,0.33512987502584535,8,170.0,0.11965452143562719,17,377.0,0.30380814660113714,18,435.0,0.1542516990230716,11,404.0,0.2330345885235724,9,140.0,0.24347543444485437,145,4030.0
750.0,123,925.0,2.1118721461187215,4.357598706385775,18,231.0,0.18452692224574305,1,74.0,0.3333076011631213,7,201.0,0.21900250924739437,5,58.0,0.5374711618948138,16,1010.0,0.09835451615132802,3,386.0,0.5130849926061649,0,8.0,0.7728757985890137,6,70.0,0.3608727267437079,2,31.0,0.46494540469328866,3,54.0,0.496426757002863,6,213.0,0.2523725704528407,5,195.0,0.24477165343831345,14,375.0,0.10413527374919386,12,436.0,0.1206521740760028,10,349.0,0.13521967978167163,15,206.0,0.2925078180956502,123,3897.0
755.0,144,898.0,2.013452914798206,4.2203349744817835,20,328.0,0.20873430913094107,7,79.0,0.2438642212262731,8,235.0,0.1942375610264902,3,48.0,0.36666445079860716,18,860.0,0.0909571102391613,3,388.0,0.5037079974774161,1,10.0,0.6021371167747206,12,72.0,0.2371310977649747,9,51.0,0.2705858977353271,8,82.0,0.2548210873106453,7,225.0,0.19342292684553417,9,228.0,0.24863915080281865,9,286.0,0.30279427312660423,4,324.0,0.4561088435207574,9,324.0,0.15405468764759336,17,289.0,0.1716534027733896,144,3829.0
760.0,130,903.0,2.0111358574610243,4.131525664486623,22,435.0,0.22495909109351075,5,86.0,0.3390399522717113,11,246.0,0.10095771723652748,2,15.0,0.2786941009125423,15,932.0,0.210268326724365,8,417.0,0.3222923392089501,0,11.0,0.4719887017115059,8,96.0,0.10352729948163453,9,79.0,0.32227715515170086,8,96.0,0.305233342441176,7,250.0,0.2089843803779034,9,220.0,0.27025929059880494,1,259.0,0.40400617141813155,3,321.0,0.38077015038564743,7,327.0,0.2521825850879731,15,308.0,0.09476771233209878,130,4098.0
765.0,132,883.0,1.9887387387387387,4.769293473819965,18,464.0,0.18998435038878056,3,56.0,0.4491529377740309,9,212.0,0.2698178703656131,4,32.0,0.6326595321148846,13,993.0,0.2677369569962093,13,475.0,0.09265905030414871,1,7.0,0.36113745421497523,5,81.0,0.43814860150041474,3,63.0,0.5106949099177376,3,63.0,0.511231339642572,13,304.0,0.1427368371615047,9,168.0,0.14187805392493194,8,285.0,0.3256515535848123,8,346.0,0.16661037903796988,12,367.0,0.33346136026087525,10,256.0,0.11730644849686156,132,4172.0
770.0,119,626.0,1.4067415730337078,4.171686482741065,12,399.0,0.2519955440882626,2,40.0,0.569552639300762,8,235.0,0.23775193521797044,0,21.0,0.8046983227370877,9,920.0,0.2358117260686288,17,475.0,0.0888322342430519,2,13.0,0.16927390950803584,4,92.0,0.4219893965228401,2,47.0,0.49786443435419947,2,65.0,0.4900314657512634,16,322.0,0.07639420420161086,5,205.0,0.16237342918854547,9,259.0,0.13769609575118477,15,414.0,0.07022432290440288,13,366.0,0.19471234407256888,3,275.0,0.18054836896000065,119,4148.0
775.0,135,690.0,1.550561797752809,4.360304020616515,5,367.0,0.2936313971969821,3,48.0,0.6551501176573097,9,268.0,0.18535730987728652,1,3.0,0.443707316445129,10,751.0,0.12289236620875,7,357.0,0.3394370533324698,4,23.0,0.6252401692743101,8,104.0,0.31661794123469944,7,67.0,0.2727250800992501,8,88.0,0.24569187025178127,14,287.0,0.13530619579316747,8,225.0,0.3273626529205519,7,180.0,0.30050909321434294,19,505.0,0.3229908526261114,17,320.0,0.10358671665162955,8,309.0,0.35294296583647017,135,3902.0
780.0,136,690.0,1.5789473684210527,4.052149174367983,7,382.0,0.285563020650942,6,72.0,0.30582707797511005,11,272.0,0.08142096275024786,5,25.0,0.2051082753036764,12,554.0,0.12958825042081884,2,143.0,0.336754073768801,4,43.0,0.711814904756301,8,110.0,0.4416318365414979,9,83.0,0.22542670769806186,9,100.0,0.21199145799019625,13,340.0,0.22772968866795862,9,223.0,0.2861177019634123,1,165.0,0.3859645273492194,14,484.0,0.25734351678135414,16,367.0,0.11318061330623008,10,291.0,0.27871527767619747,136,3654.0
785.0,111,529.0,1.1914414414414414,4.3438202461246656,10,357.0,0.22816327856823354,11,122.0,0.21634556410969488,10,225.0,0.3189800287636735,1,30.0,0.5188455856448498,11,479.0,0.3001218246086745,2,120.0,0.2677754648394213,1,31.0,0.43616596588611484,1,56.0,0.4390557088844469,3,54.0,0.37765729649391255,2,74.0,0.5088207249607234,11,396.0,0.23027154245556503,8,184.0,0.22518803111220687,8,183.0,0.3409762931142916,12,355.0,0.10951169398130796,12,407.0,0.1703992746644177,8,220.0,0.1625206132871594,111,3293.0
790.0,103,509.0,1.1286031042128604,4.336072908140083,8,270.0,0.26933627895321793,12,182.0,0.415083235281176,8,251.0,0.28113611194466454,1,10.0,0.7440154475888966,3,453.0,0.37191066393125577,7,144.0,0.21296475384416585,5,23.0,0.2055391603997734,0,39.0,0.3486666968153257,3,53.0,0.3105852979273933,0,46.0,0.4605950944558036,10,387.0,0.1618765454735741,6,193.0,0.2111374443614522,15,247.0,0.14876865150365062,8,223.0,0.16932343198490282,12,385.0,0.1403396474183049,5,254.0,0.18159148550640156,103,3160.0
795.0,118,571.0,1.260485651214128,4.753924654737996,7,149.0,0.341575318198933,7,168.0,0.4191136949034005,10,297.0,0.23021604727453338,1,13.0,0.6046261403310562,8,421.0,0.23154589611443227,7,133.0,0.2822872070667889,2,28.0,0.3424503789511046,6,55.0,0.43981944236210985,7,76.0,0.34312361766146715,7,66.0,0.2574742168589898,11,296.0,0.09814601151009095,8,208.0,0.27695726071200527,15,259.0,0.22434952128420127,1,196.0,0.40827196344515904,12,320.0,0.12795217759667551,9,281.0,0.35719152095508405,118,2966.0
800.0,100,384.0,0.8533333333333334,4.469094794156772,2,123.0,0.39293631432578174,2,100.0,0.3141763148168323,12,297.0,0.08686911391221172,2,12.0,0.5389048214234899,12,450.0,0.18567027627135818,3,79.0,0.32160117095545526,9,42.0,0.48106709093560174,4,58.0,0.09429259014052187,1,67.0,0.5406151618646434,8,84.0,0.28469799300324916,6,309.0,0.16895005612613936,8,197.0,0.12635380460312792,7,204.0,0.35713008926546375,6,189.0,0.4229625949120874,6,321.0,0.1250955073375007,12,276.0,0.30549261852261766,100,2808.0
805.0,114,534.0,1.1840354767184036,4.664400018742002,7,112.0,0.36315983007519914,2,84.0,0.3010542811218096,11,261.0,0.18985024276476525,3,27.0,0.744803094669899,19,534.0,0.21431233759990315,4,93.0,0.20663741334403732,5,64.0,0.3334477066639139,3,34.0,0.3080014733078165,3,28.0,0.6331206770468286,2,55.0,0.5193612913423877,9,329.0,0.24904807166613518,11,167.0,0.12818370374852203,4,219.0,0.3279538596262152,13,229.0,0.18819807191202031,10,324.0,0.214237267690556,8,211.0,0.17315603031685298,114,2771.0
810.0,120,636.0,1.4228187919463087,4.490816957308589,14,165.0,0.2023395550558301,7,107.0,0.24347616605217476,5,271.0,0.2805451482443724,3,38.0,0.7073965554833688,21,543.0,0.1682926495424339,10,133.0,0.14082608504310712,4,58.0,0.2218333945453156,3,36.0,0.7010818792434907,1,28.0,0.5078642047584908,3,58.0,0.4099729511001676,8,312.0,0.32522872250029194,4,191.0,0.2858530447337827,10,263.0,0.141729432485792,14,243.0,0.04921178492910278,7,307.0,0.24344378768918817,6,250.0,0.16609192935690412,120,3003.0
815.0,131,718.0,1.609865470852018,4.266205423489795,19,254.0,0.2084123656502879,10,113.0,0.20724523658928465,7,273.0,0.26668358587626045,2,19.0,0.27652452162324725,18,461.0,0.08900945335766405,10,144.0,0.33892583767818485,3,50.0,0.39578726814802073,1,16.0,0.7108298668513775,4,31.0,0.3629601863608726,9,85.0,0.23347540648886442,6,236.0,0.28567841394774085,8,199.0,0.3222943060173765,16,331.0,0.18771563705852143,6,174.0,0.33595172976653614,3,234.0,0.16706960815030542,9,277.0,0.3394381915922366,131,2897.0
820.0,143,864.0,1.9242761692650334,4.360117296328163,21,354.0,0.21663927461661306,5,77.0,0.3322712643513867,13,330.0,0.13062722439257038,6,25.0,0.21680921249696017,20,373.0,0.1470114857983689,6,116.0,0.4190573198064923,6,57.0,0.5885653094451453,3,13.0,0.3865186565493984,2,29.0,0.6163985537445504,8,106.0,0.2966009840802747,9,165.0,0.23391392710137407,12,200.0,0.148629531206767,15,345.0,0.2623641650603187,2,171.0,0.433836238102793,6,235.0,0.13434506999259477,9,264.0,0.2181901755171711,143,2860.0
825.0,126,736.0,1.6428571428571428,4.462495171293116,17,370.0,0.18760436775258135,4,57.0,0.4752568185394376,15,340.0,0.14769101215128605,6,59.0,0.4013348831252938,8,385.0,0.29759476992667355,7,86.0,0.23183024852196002,3,55.0,0.4847765476249101,7,45.0,0.10171629664181654,3,14.0,0.7203804923302145,3,73.0,0.5319227611464061,8,187.0,0.19543321428883617,13,178.0,0.09902689092857715,7,277.0,0.30351528203261335,9,195.0,0.3650899247601532,9,271.0,0.11300604131921148,7,168.0,0.11511089484459415,126,2760.0
830.0,103,549.0,1.2254464285714286,4.564759163858285,12,314.0,0.24206005418832147,4,53.0,0.4719665455806815,12,290.0,0.11705053684615375,0,49.0,0.6554129272342433,7,384.0,0.3281969463724158,2,94.0,0.23026349191765721,6,32.0,0.26453372709039125,2,53.0,0.4773559021217682,5,29.0,0.6179313625679183,1,50.0,0.5644667987542554,9,201.0,0.2193425455592506,11,173.0,0.16657580503543998,1,235.0,0.2182132976403066,13,258.0,0.20618251725823852,13,333.0,0.1994486775194909,5,194.0,0.15954609233056824,103,2742.0
835.0,107,462.0,1.024390243902439,4.529971802298568,7,345.0,0.2834030238971857,6,65.0,0.5133709505316331,9,334.0,0.23117942227748625,0,4.0,0.6867543695099663,6,353.0,0.17333107139893836,7,120.0,0.34621114378986645,8,53.0,0.1597722341082628,0,20.0,0.7808119834313292,2,23.0,0.4102088145755905,7,68.0,0.41743924324889486,10,201.0,0.17547043759273556,2,167.0,0.3284419610761338,6,251.0,0.17884394706706055,13,263.0,0.2335429995916643,15,345.0,0.23439483099414168,9,227.0,0.15168790986371444,107,2839.0
840.0,132,580.0,1.288888888888889,4.288054735749198,9,373.0,0.24660777907019155,4,65.0,0.27190925808500743,8,379.0,0.27334659738456435,2,7.0,0.33667708504435717,8,300.0,0.14400105462375812,13,173.0,0.30736872972584395,8,64.0,0.17961848739813674,3,26.0,0.5706139157998733,5,26.0,0.33136473140809736,12,120.0,0.14780802255321152,12,178.0,0.24547686383337972,7,142.0,0.348066025544369,13,302.0,0.2308192445870163,5,191.0,0.42141327621062913,14,290.0,0.1409370778707254,9,226.0,0.34631874360717846,132,2862.0
845.0,159,874.0,1.908296943231441,4.089975444973066,14,432.0,0.1935528798303506,4,28.0,0.46137659494393723,11,360.0,0.15250536220117458,6,37.0,0.2145023295277025,6,226.0,0.17008969065590793,14,203.0,0.15289038181116507,13,106.0,0.1129811419163079,8,57.0,0.45678193417367485,4,38.0,0.5081429316901765,18,204.0,0.1658802169465611,7,202.0,0.2631060335341094,14,182.0,0.20983389911986164,14,305.0,0.22353415612106703,4,203.0,0.37183957129989254,17,233.0,0.14625064635999835,5,170.0,0.45020080942434326,159,2986.0
850.0,144,880.0,1.9130434782608696,4.055643401715275,16,437.0,0.19452366354446995,2,24.0,0.4737773021638821,13,307.0,0.10512835409363502,0,34.0,0.6512243223209868,3,223.0,0.20583283899492713,15,204.0,0.0974941493164497,8,125.0,0.32176061278363666,9,104.0,0.31138851456069433,4,34.0,0.5654346888206622,18,294.0,0.3222338675043757,9,184.0,0.18250300849953063,15,222.0,0.06674676963828276,10,243.0,0.17782129148823117,10,240.0,0.3427111897007822,7,271.0,0.2780495428806846,5,165.0,0.2840151738327312,144,3111.0
855.0,123,745.0,1.6409691629955947,4.574626661985567,14,375.0,0.2031927622052378,4,28.0,0.6121934961619565,7,317.0,0.12299283411243823,0,4.0,0.8778689456494503,8,207.0,0.3028443095871137,12,186.0,0.3003701490171292,1,91.0,0.45414745313864036,3,98.0,0.36681545623761047,2,31.0,0.322838208117292,15,317.0,0.1714759507925985,10,179.0,0.11976998900896058,12,214.0,0.2930239201244721,6,153.0,0.29584862181449484,15,308.0,0.22703800965542303,7,276.0,0.3520131329568202,7,198.0,0.1946731105178763,123,2982.0
860.0,102,504.0,1.0769230769230769,4.595228310596589,5,409.0,0.2243824218191604,0,19.0,0.6922757152011958,8,324.0,0.14518887000196753,1,1.0,0.5122864948666052,8,208.0,0.30630824200281265,2,188.0,0.4345388692711217,3,89.0,0.35235165884601777,4,55.0,0.49405547912190945,6,32.0,0.3279450613285473,11,271.0,0.24952522503898278,11,161.0,0.13127844954724346,5,165.0,0.4380193029109498,3,160.0,0.354054157723883,15,316.0,0.09130091138442202,7,261.0,0.2051555795403675,13,254.0,0.0996756005801622,102,2913.0
865.0,130,646.0,1.3657505285412261,4.390046490074761,8,434.0,0.25853175293357605,2,6.0,0.6746107861941415,14,383.0,0.21701672470276936,5,17.0,0.2506614408461117,8,161.0,0.1730726589672116,8,182.0,0.3530493613446513,9,120.0,0.2862071867031432,2,44.0,0.47897768698580356,8,69.0,0.47797682795290597,3,266.0,0.29933730011415977,6,187.0,0.26331806528925017,5,159.0,0.30054203197205964,8,168.0,0.36010158834478717,11,257.0,0.13872407572479908,12,226.0,0.1425230886495701,21,345.0,0.11861258291206893,130,3024.0
870.0,158,1025.0,2.1762208067940554,3.971044643187102,9,402.0,0.20299451574518773,1,5.0,0.4424415386406325,21,473.0,0.22536375099524855,1,20.0,0.15511597294279209,8,176.0,0.11431865016673008,14,238.0,0.20223808726543518,14,174.0,0.12218582279640627,8,61.0,0.4186329655780806,2,68.0,0.5184736979233023,7,284.0,0.2648581747523951,8,193.0,0.28683814801316526,5,163.0,0.21214505304598125,14,224.0,0.272992366138768,7,296.0,0.3079877334465444,12,214.0,0.26624753427498055,27,470.0,0.034939286167402085,158,3461.0
875.0,183,1402.0,2.976645435244161,3.8618311665533294,7,289.0,0.23974701604697032,3,20.0,0.6613501744366423,26,596.0,0.16702400443378798,3,18.0,0.24071792983343582,10,216.0,0.14298604681406868,20,325.0,0.010794392786547782,19,265.0,0.1564750409510805,2,46.0,0.33789121424375196,2,30.0,0.4766131352667946,14,343.0,0.32176571906733875,11,198.0,0.1450373649660084,8,186.0,0.30005748912964825,16,238.0,0.08246097864260366,9,333.0,0.31498687825089733,6,237.0,0.2966110143444579,27,536.0,0.14508813394620054,183,3876.0
880.0,186,1514.0,3.228144989339019,3.8453138166140546,4,307.0,0.24938878514760962,3,35.0,0.7210874153885333,21,626.0,0.1550832636926425,0,14.0,0.6555442485582091,13,270.0,0.20808868259529012,20,371.0,0.02899037712167452,19,364.0,0.2047115126726427,3,26.0,0.20360456851643965,3,21.0,0.3658880889680133,13,344.0,0.2131002399602269,13,193.0,0.1495933116243549,16,244.0,0.3369593668707587,19,235.0,0.0903906429546079,11,315.0,0.265598893533896,8,229.0,0.2150855512407204,20,479.0,0.2773595377025417,186,4073.0
885.0,157,1145.0,2.494553376906318,3.661354600395545,9,342.0,0.2121632312414595,0,18.0,0.42619158371541577,17,562.0,0.11544913360134629,0,4.0,0.8888447034630773,15,279.0,0.19684451469052894,11,323.0,0.19766980526665237,13,376.0,0.275839163172179,0,20.0,0.5061380515923232,7,50.0,0.3548215460495454,11,248.0,0.23699364889918706,8,207.0,0.26645685137900604,15,276.0,0.16073277577187642,9,291.0,0.2374266162147365,12,257.0,0.08339252755217831,18,303.0,0.11212699703225874,12,517.0,0.24836017873652835,157,4073.0
890.0,134,800.0,1.7204301075268817,4.214735852976682,8,306.0,0.21584229496348045,2,9.0,0.493563824456601,14,430.0,0.27098745279187403,0,8.0,0.8057113366390657,11,226.0,0.1263560250735062,5,358.0,0.3938438184946746,9,260.0,0.134278343504578,0,8.0,0.8522013531303391,3,50.0,0.5263091911443714,3,269.0,0.27933162349627816,9,212.0,0.2979711598250543,14,260.0,0.1132019530430625,9,303.0,0.32715053317040776,5,292.0,0.1498453712818026,32,435.0,0.1470674038176074,10,570.0,0.17888599923443319,134,3996.0
895.0,130,780.0,1.652542372881356,4.393287412889726,9,216.0,0.25379516260387847,1,7.0,0.6635954561861626,6,325.0,0.44391585619522517,1,9.0,0.8522540720369856,15,218.0,0.14092740217268418,9,395.0,0.2800343979905943,2,281.0,0.17890562009293892,3,13.0,0.5937769540696067,3,30.0,0.636226509524727,9,295.0,0.36723229350393405,11,218.0,0.1528135561760282,6,283.0,0.1920894839706717,10,291.0,0.14928410007569662,9,309.0,0.2914227949272481,31,558.0,0.14518677633283147,5,541.0,0.15614560869131758,130,3989.0
900.0,129,839.0,1.7927350427350428,4.072686684652337,7,191.0,0.2456735235559782,1,11.0,0.7908611028651384,1,275.0,0.3328430208058688,0,4.0,0.6747606482735982,7,261.0,0.29116060247205733,12,386.0,0.1586110210697154,8,298.0,0.1567200284761251,5,34.0,0.4084155523906731,1,24.0,0.3691995298098792,11,277.0,0.20325909321154148,11,197.0,0.1419353688662982,8,293.0,0.33583026448434167,12,254.0,0.13785053300170164,9,291.0,0.34745848387715916,31,672.0,0.0819845476237802,5,446.0,0.2655968650954056,129,3914.0
905.0,136,943.0,1.98109243697479,4.283427500580169,7,220.0,0.2695896376928789,0,2.0,0.554759832233857,7,270.0,0.3023783388460756,5,17.0,0.19676813249837025,8,276.0,0.3271088777276228,12,325.0,0.11554144425388585,13,355.0,0.3244866934449248,0,24.0,0.5403879247624264,7,38.0,0.35513203545491695,10,189.0,0.20123608185800737,11,174.0,0.3121993700542433,14,350.0,0.27709927101589565,6,237.0,0.29759074630989607,7,218.0,0.1758070371584844,27,726.0,0.0762063913279207,2,449.0,0.3205717782591575,136,3870.0
910.0,142,904.0,1.8716356107660455,4.087649164799296,7,204.0,0.257442070939141,3,12.0,0.5372996441786351,8,247.0,0.24546001570015688,6,43.0,0.11996248211133174,15,334.0,0.16081918612114002,8,336.0,0.22395904607694692,13,355.0,0.2756652650469067,2,12.0,0.6644452057002156,9,84.0,0.4869105807429011,3,199.0,0.27503298223743994,4,171.0,0.3150608116219478,16,359.0,0.0920117792676402,7,243.0,0.37960361778596885,6,248.0,0.12332043708484632,27,707.0,0.09120386923817908,8,473.0,0.2994534583683737,142,4027.0
915.0,133,750.0,1.5690376569037656,4.243530876752426,5,148.0,0.23593695476777832,1,10.0,0.6963064962556564,8,191.0,0.38420527624226775,0,32.0,0.6646240268353648,15,366.0,0.08483817657831626,8,354.0,0.27629546685919526,10,278.0,0.212529975516855,1,8.0,0.5991230808468723,3,80.0,0.4231106781229254,7,216.0,0.27454051971848864,7,150.0,0.23148278830990654,17,323.0,0.08741201762395565,13,296.0,0.3186808667314134,10,283.0,0.26492372051854446,18,795.0,0.19294249516842224,10,454.0,0.11404316821896208,133,3984.0
920.0,138,699.0,1.4592901878914406,4.416855466105891,3,131.0,0.267651792706862,1,9.0,0.8202171967997742,4,199.0,0.35684727883007744,1,30.0,0.6289641693837744,14,345.0,0.21315411853324343,15,411.0,0.20102922428219883,7,145.0,0.21974726817434095,7,28.0,0.5285819270748751,1,39.0,0.35807088958807237,9,206.0,0.33138409224167614,13,184.0,0.18018871408636034,14,282.0,0.27344774947407263,14,308.0,0.17318507831688512,11,279.0,0.28615838544850697,16,836.0,0.26197017022202373,8,318.0,0.0817725270297844,138,3750.0
925.0,139,824.0,1.7166666666666666,4.2739346305732315,9,158.0,0.26711263148603076,3,19.0,0.4832501989185316,9,206.0,0.21045341750661894,6,47.0,0.16637011963116954,9,354.0,0.3254921780030645,22,506.0,0.042888157886084084,5,161.0,0.37924849196475185,2,35.0,0.5340691942340338,3,19.0,0.5357049416271046,7,149.0,0.3699289423979588,20,270.0,0.22482150948216398,2,270.0,0.33034387976371343,13,252.0,0.09445876811728796,8,208.0,0.25384290335946735,16,885.0,0.24854655316355817,5,246.0,0.2248612252326268,139,3785.0
930.0,152,971.0,2.0145228215767634,3.8538476054348836,7,156.0,0.20925578599861924,1,19.0,0.3988306812805411,15,269.0,0.14832577677181102,6,68.0,0.13124595241637732,14,417.0,0.2695672335935233,29,638.0,0.03260608983014211,8,171.0,0.41329248673863056,5,22.0,0.3466497548163176,3,16.0,0.3126869361528874,1,113.0,0.26822394488940166,19,314.0,0.25469587222898904,8,258.0,0.2959444745941507,10,269.0,0.14738086593551283,5,206.0,0.16024838368676558,19,876.0,0.11965873589932458,2,243.0,0.4122470546881042,152,4055.0
935.0,169,1263.0,2.6095041322314048,4.389042360666179,7,122.0,0.26034415559445084,3,14.0,0.6485332387981476,20,359.0,0.1184337510786194,1,38.0,0.6175528964195798,7,409.0,0.15876682452490154,32,795.0,0.11033354939314552,14,216.0,0.4048446937355667,5,37.0,0.23720963260781205,5,34.0,0.600633981126406,7,128.0,0.3024650351991843,13,282.0,0.16844029401446198,13,309.0,0.2568812128592468,5,297.0,0.2648770147631172,7,230.0,0.27370249680387504,22,779.0,0.06980626599648797,8,251.0,0.483234551966509,169,4300.0
940.0,178,1557.0,3.24375,3.9955007585206763,5,84.0,0.32148334973156684,1,12.0,0.7205253903751294,27,483.0,0.11455802657836982,3,29.0,0.5915243494048508,10,409.0,0.12602419189214883,33,959.0,0.16898223506256443,14,286.0,0.2791662552038465,4,33.0,0.22207014522731602,2,30.0,0.5968717757650014,9,126.0,0.22946389497610378,8,292.0,0.1694412258753178,14,322.0,0.13178984258847912,6,284.0,0.28563109329850944,8,218.0,0.2763236565514911,19,820.0,0.09682776721701407,15,309.0,0.2967196265334563,178,4696.0
945.0,164,1539.0,3.2331932773109244,3.944822523664457,2,75.0,0.3424367234515551,3,15.0,0.5748589669036989,22,515.0,0.03343001427418222,4,48.0,0.39240746657065584,15,483.0,0.16332239029501683,31,1002.0,0.20329118700874574,9,283.0,0.16063420921189348,3,39.0,0.439298115174471,4,20.0,0.4543839010660961,8,98.0,0.32970990957514074,8,323.0,0.16351440381518043,12,266.0,0.2767050540007777,3,187.0,0.22362757735873612,7,161.0,0.24876127888588556,12,869.0,0.2393297713236791,21,403.0,0.07693840226618978,164,4787.0
950.0,149,1383.0,2.89937106918239,4.1164632930145615,6,78.0,0.33023723802851146,7,42.0,0.29620602748678265,16,463.0,0.11823016946281933,1,29.0,0.6152501171361023,12,533.0,0.20083487371816863,26,908.0,0.1900069191844475,7,179.0,0.36667703769664417,4,42.0,0.6936323262915972,2,17.0,0.36457889879054245,5,68.0,0.2997927651131084,14,385.0,0.23659384093000763,5,239.0,0.37861151990145353,2,185.0,0.177622549306066,6,191.0,0.12809473066889582,13,903.0,0.2424416968225167,23,520.0,0.022944261857302764,149,4782.0
955.0,161,1389.0,2.8997912317327765,4.05342476896224,10,94.0,0.24179016714395274,8,65.0,0.2810664273804309,8,473.0,0.286544587438549,1,13.0,0.8264057455618007,19,564.0,0.12451127280347296,18,952.0,0.12021113241338523,8,108.0,0.39457488549893716,1,25.0,0.688350285796757,4,23.0,0.501520656170377,3,64.0,0.3152602864120885,21,473.0,0.2074723176574255,8,263.0,0.3060107880886225,6,201.0,0.2750250459577923,9,225.0,0.10987862032497234,14,856.0,0.11709712319786178,23,639.0,0.17949326913173896,161,5038.0
960.0,169,1536.0,3.226890756302521,4.229741784744667,8,93.0,0.24492501722227408,3,52.0,0.5432942208075027,8,497.0,0.3018294265936276,1,14.0,0.798147159528357,24,662.0,0.09456442593596603,10,990.0,0.1224195229922101,6,121.0,0.28400202016891135,5,15.0,0.43807198486887045,2,24.0,0.6266614113411514,7,63.0,0.30408550824464703,27,591.0,0.10197923356923463,14,322.0,0.01230289921034102,6,192.0,0.31335534477946936,9,230.0,0.23463927830790665,16,736.0,0.15666617371744085,23,754.0,0.3352407568660463,169,5356.0
965.0,192,1965.0,4.102296450939457,4.130138797716191,7,87.0,0.3085110933764621,4,39.0,0.6331241478487044,14,552.0,0.10244306769452159,2,6.0,0.23031707801388943,28,703.0,0.050033876286429774,13,1039.0,0.22077235071784643,9,110.0,0.39678691417519396,2,21.0,0.31065247324730516,3,22.0,0.7172838468193848,12,94.0,0.2601031074595209,31,738.0,0.02875874211139815,19,408.0,0.0004587615743008834,4,127.0,0.18405573060779454,6,164.0,0.34737318348308827,13,702.0,0.2393005482757233,25,869.0,0.1870656503637819,192,5681.0
970.0,210,2337.0,4.909663865546219,4.04283514134132,5,85.0,0.3879282964086229,6,59.0,0.5770340291374569,21,648.0,0.04263580026539251,3,17.0,0.23327234980628642,28,662.0,0.17370523587861314,20,1117.0,0.14692909368449786,9,132.0,0.36685658932309156,8,29.0,0.42358192276738377,5,38.0,0.623712834605032,9,110.0,0.2712884612049315,32,899.0,0.04825486649167011,19,503.0,1.6551392462286749e-06,2,126.0,0.1516343496043154,6,169.0,0.20774412374345563,11,731.0,0.1954519942955761,26,874.0,0.06249567161517018,210,6199.0
975.0,188,2183.0,4.735357917570499,3.8651709646759724,8,68.0,0.31419254487874765,4,50.0,0.39218829803714056,21,756.0,0.29415853393465147,3,32.0,0.5622003530871207,17,756.0,0.2491988184022123,27,1233.0,0.06237245710030191,9,177.0,0.23481657701914782,2,41.0,0.4622818876657884,3,35.0,0.48406247244951756,5,115.0,0.2536179018010935,28,942.0,0.14712801609166132,13,505.0,0.0859995318992382,8,159.0,0.18299669677852304,6,203.0,0.1529650011804954,13,782.0,0.13054335271375347,21,759.0,0.07788792256925776,188,6613.0
980.0,184,1953.0,4.311258278145695,3.9288789002212634,14,115.0,0.25086382466318863,6,30.0,0.3436495535580048,23,862.0,0.22689129388657023,3,47.0,0.5125970854944851,14,804.0,0.19708472860906134,28,1233.0,0.04417602359446624,9,226.0,0.07762477676175851,3,23.0,0.22348316860782347,7,33.0,0.28139633390658414,7,109.0,0.29089708191394154,19,854.0,0.286408105487353,3,391.0,0.47147949950573853,13,214.0,0.3270639002367849,8,195.0,0.2664636450326076,14,739.0,0.07811067432779484,13,547.0,0.15931316047715968,184,6422.0
985.0,166,1586.0,3.501103752759382,4.161173294685556,18,199.0,0.2316015412876597,7,58.0,0.401023195560443,22,855.0,0.10426081778031002,3,64.0,0.46630426678695147,16,872.0,0.14873336791518196,21,1049.0,0.09599554997647633,3,169.0,0.46033195968192625,2,32.0,0.32906555411902866,14,81.0,0.20952402179020121,14,155.0,0.17656703390166553,17,889.0,0.2774022931847745,1,358.0,0.4584459872285502,12,227.0,0.3641718302127291,5,153.0,0.41258908413536105,11,595.0,0.13646563020306068,0,553.0,0.2488085467244611,166,6309.0
990.0,167,1347.0,2.9669603524229076,4.389311485470665,15,241.0,0.21907885067264593,7,97.0,0.3646624465773384,23,756.0,0.06986159953458819,3,81.0,0.5693403764859055,21,911.0,0.05691990606768397,13,850.0,0.3010390292473948,0,71.0,0.7673895107223998,1,12.0,0.727460597259782,9,114.0,0.2643196657223102,19,241.0,0.17462376071030686,14,959.0,0.22085510629958602,7,377.0,0.34326392352776347,10,188.0,0.2674262287624955,4,171.0,0.39696785076431634,14,648.0,0.25394857221426087,7,531.0,0.28233005837143116,167,6248.0
995.0,147,1011.0,2.2466666666666666,4.185295736167484,10,197.0,0.2914204874207751,7,132.0,0.5294613000978545,12,781.0,0.14054868090164843,0,31.0,0.8360899933198986,30,1043.0,0.06163143942928168,6,864.0,0.33221471538039843,2,28.0,0.45015055963351913,2,7.0,0.7396636659218149,3,90.0,0.4017022751463682,13,272.0,0.3218289420350769,10,902.0,0.12776213779597942,13,434.0,0.251487028963632,3,167.0,0.16876305429773894,9,207.0,0.23188552673482996,13,721.0,0.24760375698814524,14,586.0,0.2865127957243676,147,6462.0
1000.0,149,1048.0,2.2932166301969366,4.023758024196637,3,212.0,0.33548055041174485,7,167.0,0.5130710636664974,11,811.0,0.24554506086708297,0,0.0,0.7149068514552159,29,1181.0,0.09102099705321122,8,893.0,0.2608715654369868,6,54.0,0.31098585463426703,2,13.0,0.5292083949404343,2,78.0,0.3697726194140611,9,228.0,0.2765139514842768,10,752.0,0.14882183852618724,18,519.0,0.30235889180802744,7,190.0,0.21604249991838775,10,211.0,0.09781123387522551,11,667.0,0.1577819392567005,16,569.0,0.23408285083099534,149,6545.0
1005.0,168,1229.0,2.654427645788337,3.888017511241432,8,239.0,0.27681127500898833,6,145.0,0.24858634888128284,15,874.0,0.3048673818912322,0,0.0,0.336130726213565,30,1302.0,0.0607522582999537,11,830.0,0.07882392485352611,7,57.0,0.35726513536720605,0,9.0,0.2383174051380036,7,103.0,0.3705983903035616,6,148.0,0.3168781282388265,6,729.0,0.23562358453729504,21,617.0,0.1174057584320097,14,246.0,0.24202163091001144,9,155.0,0.11567009018747182,15,528.0,0.12134840885502848,13,455.0,0.30897747652832663,168,6437.0
1010.0,159,1546.0,3.353579175704989,4.343595566485175,14,299.0,0.2095772074441916,4,36.0,0.33560846417564016,21,964.0,0.2067528534888054,2,9.0,0.27158189804412636,31,1451.0,0.01980630365241969,7,649.0,0.12741204469825948,1,42.0,0.5579640368712006,2,13.0,0.7715817456003181,1,88.0,0.5507977121310017,7,101.0,0.4852690161585681,8,754.0,0.27060545037573536,25,737.0,0.03498868605711734,11,251.0,0.27953733401416975,4,156.0,0.1971965432238295,11,574.0,0.17396299169346763,10,500.0,0.18267194883244267,159,6624.0
1015.0,164,1813.0,4.046875,4.179905153618688,20,392.0,0.2037866238643237,2,33.0,0.3314001770949784,27,1087.0,0.0529134182964427,3,12.0,0.4695116889376095,29,1458.0,0.14129147913804585,3,659.0,0.3178725450738748,4,50.0,0.5318299529606492,0,4.0,0.8657584506176176,3,33.0,0.6604770452301156,5,96.0,0.4254425233024697,14,806.0,0.22695782290531405,26,871.0,0.03400863963117758,2,182.0,0.2408049778874864,7,180.0,0.25169517867795627,10,590.0,0.24828774102703866,9,522.0,0.19207733821439102,164,6975.0
1020.0,183,1880.0,4.2342342342342345,3.8848861661700935,24,508.0,0.15936270903070007,7,49.0,0.32526192100278406,27,1087.0,0.028472144906896882,3,29.0,0.4444128941867036,22,1234.0,0.2001727300396808,9,693.0,0.4542053175952522,7,69.0,0.3706628607715492,2,2.0,0.48248428186392084,1,14.0,0.42775191687248454,7,76.0,0.4149579424700812,15,763.0,0.15198712641965698,20,857.0,0.20326327667794775,3,179.0,0.21850619149112274,8,176.0,0.2614126022955994,13,549.0,0.19750637485894088,15,582.0,0.14020068714897646,183,6867.0
1025.0,168,1690.0,3.7555555555555555,4.050759866289995,26,632.0,0.15759938555692102,4,50.0,0.3260286408885868,17,923.0,0.22753847937383398,0,18.0,0.5904250922709895,16,1011.0,0.166286992469257,10,618.0,0.34083706663791846,6,86.0,0.21755701183808282,0,11.0,0.23084886429320622,6,29.0,0.36239468993267615,12,115.0,0.2138968514380315,15,572.0,0.1592704866719154,10,671.0,0.3398204020432314,7,203.0,0.464704712217559,4,125.0,0.3961044858886705,14,452.0,0.11784291336033598,21,677.0,0.12741131578672746,168,6193.0
1030.0,143,1244.0,2.7583148558758315,4.476175998034592,22,658.0,0.20280319594778728,4,34.0,0.45737496556670165,12,981.0,0.24796699733436753,0,4.0,0.9017356952861175,10,797.0,0.24787828631206588,10,377.0,0.2220327607294125,5,51.0,0.381462699956667,2,16.0,0.7379827512160039,2,35.0,0.5732464309852583,15,191.0,0.2290328800895575,15,517.0,0.2006153550013043,9,655.0,0.1688201582864305,4,183.0,0.5184776539515329,2,70.0,0.42916143194894124,10,450.0,0.10784861697432674,21,662.0,0.09349681681594715,143,5681.0
1035.0,110,813.0,1.8269662921348315,4.392478390697307,15,573.0,0.21325015218488377,5,52.0,0.5639988351499037,9,1022.0,0.14208847070239403,0,3.0,0.5793394660868916,0,751.0,0.42829693590470913,13,377.0,0.12363426842668306,4,58.0,0.5004663699909796,0,8.0,0.8866516275757247,3,23.0,0.6924431764911136,15,266.0,0.3570908424961594,10,559.0,0.1510661056094454,9,700.0,0.10448136457693667,1,89.0,0.3128467919242476,2,72.0,0.3711882391957953,7,464.0,0.16569448079810967,17,524.0,0.21750273686849764,110,5541.0
1040.0,112,756.0,1.6762749445676275,4.4113478369418475,9,539.0,0.24769268740360306,1,43.0,0.5799546767263946,9,925.0,0.11588369523665804,0,5.0,0.7898268507446332,7,748.0,0.40350916461040615,8,402.0,0.17610442547802585,8,61.0,0.34292641276407554,1,6.0,0.47011137835010847,2,13.0,0.42062918111534814,16,342.0,0.22307061220978625,11,593.0,0.19493867078071483,14,760.0,0.10797243737415453,1,53.0,0.22380381612104042,7,89.0,0.3176878274366004,10,423.0,0.21597790898945307,8,502.0,0.2939379133339791,112,5504.0
1045.0,122,699.0,1.5032258064516129,4.346221385761081,7,573.0,0.2445334553189073,3,12.0,0.5013476481199001,7,687.0,0.24088100348477182,0,5.0,0.8610214044025671,7,679.0,0.22816266773780844,8,329.0,0.18442012048391787,12,104.0,0.1659447918560424,1,7.0,0.12648628400827025,6,27.0,0.3724492369126318,14,348.0,0.19843017872173851,10,549.0,0.24136507100601845,15,708.0,0.2072314489104389,7,77.0,0.3602261942289744,13,141.0,0.20178336099003538,9,359.0,0.23923526620502028,3,522.0,0.1620257207372884,122,5127.0
1050.0,127,709.0,1.5379609544468547,4.263254438460514,13,626.0,0.1967075687231219,7,34.0,0.32206433474346685,4,628.0,0.2618144868243293,0,0.0,0.8257675048417528,7,523.0,0.13055751060609513,10,201.0,0.25884987074317306,7,120.0,0.33165504817885694,2,15.0,0.5478334726999904,2,33.0,0.3337922896298336,7,278.0,0.299816599089636,8,398.0,0.27761334242610436,12,538.0,0.3329505680086853,9,118.0,0.5061587298021708,18,222.0,0.04430686467363186,10,327.0,0.11152130426428156,11,560.0,0.11852553793389937,127,4621.0
1055.0,110,604.0,1.3187772925764192,4.091564800196374,13,593.0,0.19050883801666993,2,42.0,0.4149361714439706,9,665.0,0.27925826852884367,2,2.0,0.5581168308706886,3,534.0,0.11141207687001227,2,184.0,0.23188354746719397,2,74.0,0.5383868924830509,0,4.0,0.8579110586100586,4,24.0,0.41704447248925297,2,262.0,0.4287933526028996,10,431.0,0.16907699463112547,11,360.0,0.2601808572946132,9,161.0,0.45201751632418186,16,269.0,0.06796584514933944,14,349.0,0.12529996261774226,11,521.0,0.09150954667841041,110,4475.0
1060.0,106,564.0,1.2155172413793103,4.333952736921054,11,464.0,0.21912771364910621,2,18.0,0.6798397760105308,10,585.0,0.24028604740112214,1,11.0,0.21056634427705664,11,545.0,0.19152473094416875,6,172.0,0.1947432524604072,2,27.0,0.5746514010999044,1,5.0,0.7677024039772529,1,19.0,0.6654997745464523,7,286.0,0.2693594112416865,14,490.0,0.08067003119211799,4,389.0,0.22477812954273677,12,218.0,0.1552333572496752,7,238.0,0.30926232498696204,9,335.0,0.2687531197900786,8,389.0,0.09763156365091791,106,4191.0
1065.0,110,612.0,1.3161290322580645,4.285729337991682,9,467.0,0.2096879686517203,1,13.0,0.6663099026661918,9,451.0,0.2236188507554621,6,28.0,0.3713314135263925,9,481.0,0.2928886743314326,9,156.0,0.12913364633000093,1,9.0,0.29208715170710453,2,6.0,0.4495592065000662,0,5.0,0.813522841745748,8,258.0,0.18424175937387727,10,448.0,0.11408503547810456,6,407.0,0.2655851625981462,17,295.0,0.19251054195729841,3,250.0,0.3779232594169205,15,367.0,0.1814165628700941,5,355.0,0.2839484304906969,110,3996.0
1070.0,125,862.0,1.8109243697478992,4.374641117734956,7,502.0,0.2313243731926301,2,17.0,0.4603146186124767,3,417.0,0.12906495024094689,2,39.0,0.6294111133781791,7,316.0,0.28811794042105693,8,141.0,0.18700736102997284,6,31.0,0.44202428837134744,7,31.0,0.18368322628979283,2,2.0,0.5910999597051008,7,142.0,0.30013372252413056,7,327.0,0.24332341500582066,12,455.0,0.2740809704632949,21,396.0,0.2261718614281669,10,283.0,0.18031624436644464,22,454.0,0.11528970079586755,2,338.0,0.3827989793653817,125,3891.0
1075.0,135,1027.0,2.1666666666666665,3.9779005275512254,9,459.0,0.2343159965426328,0,12.0,0.3964151876524009,9,437.0,0.1971901187482038,1,17.0,0.5510869844624608,8,255.0,0.18827025434084765,6,146.0,0.15649906747394193,2,40.0,0.5996254544311553,8,58.0,0.32087699475283993,3,16.0,0.45016456268466,2,117.0,0.4105352517818422,6,329.0,0.25139162720763447,13,432.0,0.2154285077429287,21,497.0,0.10088718703347284,16,356.0,0.042388042341842985,23,480.0,0.03168485177683018,8,368.0,0.296187320707679,135,4019.0
1080.0,143,1224.0,2.6042553191489364,4.38929765100168,8,300.0,0.2042081550231209,3,13.0,0.5714041553644823,13,495.0,0.2619343287140008,6,25.0,0.34108854480667694,8,281.0,0.1375418070619762,7,156.0,0.2896390549996146,1,21.0,0.6052315886790278,2,47.0,0.683340771956286,0,13.0,0.6434513155372356,7,135.0,0.28268484739690936,8,363.0,0.12152086967296791,12,321.0,0.11280334223670642,21,610.0,0.18699067622949916,10,350.0,0.29317819242421667,23,448.0,0.16964197918618257,14,426.0,0.2507516408256848,143,4004.0
1085.0,147,1434.0,3.07725321888412,4.266676426125412,5,176.0,0.2825162105358636,2,12.0,0.6398729775398015,21,585.0,0.14408429645548962,2,32.0,0.126650063106711,12,330.0,0.16419725956187742,14,213.0,0.2492285852662525,2,7.0,0.47502030396231104,2,32.0,0.4630978761983425,0,4.0,0.8674551532222708,9,133.0,0.19273924309663168,14,424.0,0.0905927763035037,7,365.0,0.12784653894136394,23,719.0,0.16685295591296367,0,222.0,0.4706906413949066,18,372.0,0.26056181079355617,16,425.0,0.09446106492471978,147,4051.0
1090.0,170,1659.0,3.514830508474576,4.136445958576338,3,176.0,0.33312245415258535,5,22.0,0.4662362716263376,20,573.0,0.09223578520377089,4,26.0,0.14685128615464305,17,307.0,0.08375479580407631,20,303.0,0.10380035286857424,6,28.0,0.3586637251283488,7,51.0,0.19010213815496857,2,5.0,0.6010552761603318,7,99.0,0.3091516028603711,15,426.0,0.1048815102686754,9,401.0,0.2617134510874825,27,848.0,0.17259436305786693,2,95.0,0.3386093401809177,11,419.0,0.20082650583372694,15,361.0,0.21411263180507903,170,4140.0
1095.0,164,1394.0,3.0043103448275863,3.880186978591675,8,185.0,0.30882989422137613,6,33.0,0.21603847350265554,21,420.0,0.09010064734140495,1,24.0,0.5976477904962523,15,223.0,0.10346756998615836,25,428.0,0.10947998442475847,2,30.0,0.14468846160641263,8,73.0,0.13623998224836198,4,23.0,0.37177145361575287,3,94.0,0.3774578394381504,12,370.0,0.22313322210795108,9,365.0,0.2870534643786662,23,834.0,0.06523131845836272,6,35.0,0.14523457456899458,10,438.0,0.180169213649327,11,377.0,0.23462327529541704,164,3952.0
1100.0,146,1239.0,2.711159737417943,4.294361816640791,10,174.0,0.2618648867374777,4,30.0,0.3349537917276962,14,494.0,0.12528412115594895,1,20.0,0.6829493820878454,15,253.0,0.22541803139363367,31,574.0,0.13761600432646415,4,23.0,0.0930884845732163,6,58.0,0.5083692330802413,0,18.0,0.6320998365383476,7,108.0,0.278381184818689,10,260.0,0.3288300633240624,6,281.0,0.14286907488980574,16,723.0,0.1939705170918521,0,34.0,0.6772762697313713,13,455.0,0.18079435608168679,9,419.0,0.1621223593952998,146,3924.0
1105.0,129,900.0,2.0044543429844097,4.278994246420546,8,129.0,0.2701177362703511,2,28.0,0.4561988133411186,11,547.0,0.1301562999091692,0,8.0,0.6294526840909757,12,294.0,0.2515028920903823,30,656.0,0.16727456406039734,0,18.0,0.6872403119198972,6,71.0,0.506819932087463,0,4.0,0.8082308681819949,7,108.0,0.21621144828000452,6,291.0,0.2690374163012879,11,254.0,0.14029620743823204,7,707.0,0.2425112462763747,0,8.0,0.8675810630325844,15,459.0,0.12493873422626868,14,480.0,0.11117153048773987,129,4062.0
1110.0,128,772.0,1.711751662971175,4.552210717506824,8,100.0,0.2665373613996506,7,41.0,0.5261085916116098,15,613.0,0.23121097095072476,0,4.0,0.8596751027916909,11,296.0,0.18578014279542457,22,630.0,0.1412939649282298,0,8.0,0.8660467190787041,5,65.0,0.12728159776208914,1,3.0,0.5044724657519452,5,85.0,0.3138870850059662,7,320.0,0.1955636292297178,7,278.0,0.26090456380229543,11,741.0,0.2641816608998777,1,7.0,0.47140218747321083,12,407.0,0.26806036910668024,16,481.0,0.09539004755180644,128,4079.0
1115.0,129,795.0,1.7170626349892009,4.525836752335136,7,107.0,0.4310209174038148,6,54.0,0.4248057047530559,15,591.0,0.2235886010323063,0,4.0,0.6585076487252922,17,365.0,0.11016142233996755,18,542.0,0.13065500167341337,1,7.0,0.6537398718223648,6,35.0,0.19616513938049687,3,18.0,0.4054190473405529,2,77.0,0.41435736562690273,7,301.0,0.15412836666181154,10,299.0,0.2923697198214989,9,668.0,0.17013668176726432,1,10.0,0.160076297206522,13,431.0,0.20850555545749733,14,535.0,0.15385325934244984,129,4044.0
1120.0,135,792.0,1.7217391304347827,4.434670844624379,5,95.0,0.44942709087541033,4,42.0,0.3242931512543359,14,455.0,0.1258990530809004,0,4.0,0.8445631434984012,25,476.0,0.03644167495860106,10,477.0,0.27921616263958765,5,24.0,0.6262003477764309,1,36.0,0.5725221844416903,0,18.0,0.6857155696500873,8,103.0,0.25878705607203173,4,234.0,0.19869883314929854,17,367.0,0.13959740332711465,9,530.0,0.1270394590772032,3,23.0,0.6806796101603425,11,466.0,0.1046520755358247,19,614.0,0.22191783264699796,135,3964.0
1125.0,132,875.0,1.9315673289183224,4.256676093817207,7,68.0,0.30890015446633606,2,37.0,0.2654475977839898,8,473.0,0.1758016458647577,2,10.0,0.5908377138325586,27,547.0,0.13944520721288037,3,453.0,0.4092853948583389,2,26.0,0.4418010192740378,3,25.0,0.6489138413786885,0,4.0,0.8549809425010606,10,117.0,0.18199981090174527,4,253.0,0.2337308008502923,23,474.0,0.03895752798298474,5,554.0,0.260987562142073,3,38.0,0.7230123110147304,14,522.0,0.1318678870837434,19,711.0,0.19391901393762673,132,4312.0
1130.0,161,996.0,2.155844155844156,4.110424835434435,12,114.0,0.29454928305601125,8,59.0,0.2749536041251412,7,501.0,0.307805161108289,4,26.0,0.4142339592528983,25,658.0,0.16971891529851288,7,433.0,0.40860958389674923,7,32.0,0.319325023176207,6,49.0,0.2498408213901317,2,5.0,0.5478357942622295,5,82.0,0.3443729440157188,10,289.0,0.2803269945537095,24,513.0,0.15809927308114613,9,579.0,0.2810371047881843,0,18.0,0.1934394405135402,18,522.0,0.05916491950821994,17,697.0,0.10866209915279011,161,4577.0
1135.0,168,904.0,1.9440860215053763,3.9134821475708677,10,139.0,0.3149349593908982,9,86.0,0.23124448403909467,6,472.0,0.3095953784831461,3,28.0,0.4640870464152945,24,773.0,0.09151743072153086,13,470.0,0.14863503190930993,7,56.0,0.3868914139392204,6,56.0,0.13775404664090138,4,24.0,0.42344221469968846,0,67.0,0.44050747510016564,12,287.0,0.24145082035832255,17,466.0,0.2584361494760412,12,527.0,0.20656999859481892,5,25.0,0.26932987924459,21,612.0,0.03650554046343499,19,599.0,0.06983213368225201,168,4687.0
1140.0,140,651.0,1.4183006535947713,3.80502849102175,4,107.0,0.3473086661794846,5,82.0,0.4212375823350963,7,372.0,0.1334569871912131,4,32.0,0.6640043543423721,17,794.0,0.05261446272430012,13,465.0,0.06364182337583484,2,44.0,0.27440239900096297,3,40.0,0.6347803042878817,1,22.0,0.6304273853983849,7,86.0,0.26736848291100035,15,314.0,0.07838654557825647,11,499.0,0.16971211965040817,12,395.0,0.13408145179237413,3,31.0,0.5991821934896387,20,691.0,0.028927596157385695,16,637.0,0.13686713440460013,140,4611.0
1145.0,114,563.0,1.2455752212389382,4.242672598473423,2,111.0,0.34429771061780584,4,84.0,0.29044587556305584,5,396.0,0.11746475940811815,0,21.0,0.4956503777823498,8,698.0,0.1582834371926723,6,378.0,0.42345959733163435,2,45.0,0.3763301112416769,2,33.0,0.6765335671499235,0,4.0,0.8538607932278446,12,136.0,0.1791550427411819,18,382.0,0.05706262548293616,10,554.0,0.1084897968990637,9,232.0,0.3115618272447366,3,30.0,0.7227996141714074,22,798.0,0.04466812172679507,11,670.0,0.2601205443483456,114,4572.0
1150.0,124,572.0,1.2599118942731278,4.561185585163427,10,146.0,0.30029066414373234,8,112.0,0.2523087479317153,10,434.0,0.15324169289028297,4,19.0,0.3505728661017423,9,538.0,0.23698864720370383,2,342.0,0.4214231237357471,6,62.0,0.5266976213673115,5,39.0,0.2612430171845029,2,3.0,0.6141131838326388,14,159.0,0.25423971011702245,17,428.0,0.1819681867546674,8,526.0,0.2518045512561671,2,226.0,0.3806672477261922,0,15.0,0.44860965701406463,17,792.0,0.16551680080984615,10,628.0,0.2468113448711959,124,4469.0
1155.0,142,749.0,1.653421633554084,4.413754012149774,16,212.0,0.2115678535091478,11,132.0,0.19615444362875556,10,413.0,0.2888990052280985,2,20.0,0.5299314132866031,7,546.0,0.21164779126971245,8,368.0,0.21816161876916507,9,99.0,0.28282910932528044,9,80.0,0.043180282991406305,4,20.0,0.4321226348609109,5,130.0,0.43109881221609037,21,502.0,0.16571145747376514,4,422.0,0.3002458467559233,7,203.0,0.3196157109020345,5,14.0,0.2003451079026667,15,675.0,0.2997763634451992,9,515.0,0.1576297984627121,142,4351.0
1160.0,129,824.0,1.823008849557522,4.270382022848967,13,234.0,0.27697862743082263,5,113.0,0.31735034281275376,6,318.0,0.31909490251131883,2,20.0,0.7824778494078485,7,575.0,0.24272470052285003,9,332.0,0.07742368633437992,7,112.0,0.13232367947925633,9,131.0,0.2974142133600541,0,15.0,0.6501666625530241,2,98.0,0.3133916107122558,28,619.0,0.09796515669094238,5,279.0,0.21265179051554625,8,179.0,0.18057168000262694,5,33.0,0.09793581237372147,14,736.0,0.28330478484741184,9,370.0,0.15088370323252995,129,4164.0
1165.0,115,702.0,1.5669642857142858,4.849494214395799,7,189.0,0.3555602488154615,5,70.0,0.5540782449422219,8,353.0,0.19840300440894956,2,26.0,0.7218110251277778,7,542.0,0.31972218645620626,5,223.0,0.16664548188107814,4,70.0,0.4495105611086547,4,119.0,0.5294710066062217,0,4.0,0.8743743218126508,6,121.0,0.28255631683394905,30,671.0,0.056107950582760746,2,286.0,0.2559519905175377,10,136.0,0.2480859303876046,5,43.0,0.5029799107678853,16,813.0,0.24260671892398966,4,380.0,0.20310374016201282,115,4046.0
1170.0,101,515.0,1.162528216704289,4.892747061062299,2,175.0,0.34173437671725254,2,64.0,0.45520242098253344,14,416.0,0.10433685275425383,1,8.0,0.2969302874054536,5,433.0,0.33127083444232336,3,203.0,0.4067074549361712,4,44.0,0.6542938438038681,0,54.0,0.6347245723643662,1,2.0,0.7022679043929605,7,115.0,0.26758477793674085,25,636.0,0.09369328820868594,8,313.0,0.30084826793347574,6,157.0,0.2974031305624507,2,45.0,0.5060708308239074,12,772.0,0.14429788601381893,9,374.0,0.352944931966374,101,3811.0
1175.0,120,621.0,1.3648351648351649,4.571713964307075,9,203.0,0.32617365163790757,7,67.0,0.3091612598701307,10,395.0,0.25763882768109153,2,16.0,0.6192039893908416,5,273.0,0.19978143768216286,7,230.0,0.29865654201247915,1,31.0,0.4070912687078872,2,8.0,0.4798017710334341,3,15.0,0.4836242057172689,3,80.0,0.4711388185561659,17,686.0,0.22604762746338147,14,372.0,0.2560508279057616,8,167.0,0.2220234217696974,8,51.0,0.2335635418875076,15,599.0,0.0932057624641164,9,347.0,0.3451034994900585,120,3540.0
1180.0,127,615.0,1.3369565217391304,4.003278221725096,10,201.0,0.27596999661032423,7,82.0,0.2531128986927441,6,280.0,0.36318617517296853,0,8.0,0.8423307568346996,6,289.0,0.17247382990807109,13,280.0,0.14933075607960292,7,32.0,0.206480910615646,4,19.0,0.13054476615264113,1,16.0,0.35709858796860994,2,68.0,0.35095905217934936,12,751.0,0.21695340774345162,15,379.0,0.24443827036550006,14,226.0,0.07340684366475728,7,70.0,0.09991153952587015,13,479.0,0.19072455694829482,10,267.0,0.15093730737336056,127,3447.0
1185.0,116,585.0,1.2885462555066078,4.589864897755589,6,129.0,0.30183803194892195,4,62.0,0.5200649261151427,7,235.0,0.2964373887030701,0,4.0,0.8698849481588534,8,307.0,0.23702632081730415,14,264.0,0.04297689357907454,4,42.0,0.17997412156711373,6,38.0,0.40671888703542763,4,23.0,0.5953320590043425,8,92.0,0.2339548437500073,8,712.0,0.1600494551717914,9,313.0,0.19828276807553294,21,321.0,0.24572375724875473,4,57.0,0.4285335631383452,5,501.0,0.2291529781629733,8,287.0,0.1045723895483422,116,3387.0
1190.0,103,494.0,1.0881057268722467,4.833224907899651,0,109.0,0.38275088730805135,1,42.0,0.49650729836747715,8,272.0,0.1976406436902172,1,5.0,0.5405156182865825,10,288.0,0.2698018942777971,12,197.0,0.25196288239140363,5,39.0,0.6116117363633401,2,41.0,0.5363693641367414,2,22.0,0.6566684842680447,9,107.0,0.2202636916468006,9,601.0,0.14627351151381132,6,188.0,0.31688268205109177,19,356.0,0.21136923993645773,3,57.0,0.416954063269659,7,472.0,0.22784067965422639,9,312.0,0.11736135976229443,103,3108.0
1195.0,111,538.0,1.1798245614035088,4.859614272023936,6,124.0,0.37066193330388225,7,47.0,0.30153556632148404,8,250.0,0.16251716771551866,2,19.0,0.6388254700530396,8,218.0,0.3443434090336793,7,171.0,0.32707673465826914,2,42.0,0.6649222338822999,4,30.0,0.5158964933525853,4,22.0,0.5287658216446294,4,81.0,0.43952563520320015,9,452.0,0.2670428043787303,3,195.0,0.3673132942245706,17,328.0,0.10425099580269989,6,69.0,0.45100786267948906,13,511.0,0.10279383733445953,11,306.0,0.10469397877444095,111,2865.0
1200.0,98,411.0,0.899343544857768,4.2297666907796225,13,176.0,0.21965608356520655,6,60.0,0.25732863990020255,7,193.0,0.1737731188038832,0,6.0,0.8622797571857782,5,228.0,0.1852441973299322,6,189.0,0.21808631009331866,4,31.0,0.41053359930523525,3,33.0,0.13268690315675596,3,25.0,0.3156663496150487,1,75.0,0.3440319841934317,4,455.0,0.32728404469078254,8,194.0,0.3499500412760293,15,406.0,0.11086895775747643,2,59.0,0.45603059373154664,13,494.0,0.1049741090451986,8,231.0,0.22955479077422686,98,2855.0
1205.0,117,560.0,1.2173913043478262,4.558608756042647,19,261.0,0.2228623293384751,3,46.0,0.3992114705372331,2,176.0,0.2736613796899436,0,4.0,0.8396821951591381,11,258.0,0.12709346769735363,9,225.0,0.19101331292102486,7,35.0,0.09472474675234466,6,41.0,0.4312958534506641,5,34.0,0.57307013313088,7,96.0,0.24666948293180252,9,456.0,0.302213095002908,9,177.0,0.15397912433278024,12,465.0,0.22317536875268296,2,20.0,0.5741097205141019,9,364.0,0.2312036829658049,7,236.0,0.2829075517658507,117,2894.0
1210.0,114,521.0,1.1228448275862069,4.380162732878841,15,285.0,0.25270442057444586,0,33.0,0.3611987945414361,6,180.0,0.27948226358542466,2,9.0,0.43195894355455294,13,244.0,0.10773788817267316,9,233.0,0.2464675844177441,7,51.0,0.33830262982209547,2,42.0,0.5204105478882726,1,31.0,0.6160041726129936,9,115.0,0.2672511161100919,10,435.0,0.21800928631502084,11,171.0,0.11727393023496212,9,455.0,0.2476474543878949,3,18.0,0.5112804547979997,8,276.0,0.305996788911567,9,265.0,0.15966392909273885,114,2843.0
1215.0,100,399.0,0.8730853391684902,4.519334537227268,9,230.0,0.28058339427072243,5,35.0,0.5479048987519969,6,169.0,0.18887420568277308,4,32.0,0.48641419765177235,14,181.0,0.09704907840060958,6,198.0,0.38478794287751367,2,56.0,0.45622483932059266,3,28.0,0.5362820846349946,3,18.0,0.474726509933116,5,94.0,0.4290339930117172,12,361.0,0.13461446211403524,4,194.0,0.32221308719276165,5,372.0,0.1830618306034307,5,39.0,0.607009828032179,6,309.0,0.2194475342574797,11,246.0,0.10073088344222747,100,2562.0
1220.0,82,341.0,0.7429193899782135,4.493586431542133,3,226.0,0.3176175118567912,5,60.0,0.5935294352003134,6,127.0,0.2035851887567749,0,25.0,0.7646821796922196,13,184.0,0.1301120198037229,5,130.0,0.25100122561119814,5,46.0,0.471781448681811,3,22.0,0.218139100384319,1,14.0,0.35704331164799197,0,70.0,0.38567023128426636,12,274.0,0.1447888577294481,10,209.0,0.30348493263435644,4,347.0,0.1525327102165388,1,36.0,0.5244150381635287,6,270.0,0.16706062224570178,8,185.0,0.20646381496806787,82,2225.0
1225.0,98,582.0,1.246252676659529,4.604764426144355,9,254.0,0.3258847954565498,1,47.0,0.33179790757397387,0,105.0,0.283233274539946,0,4.0,0.8269576656596235,11,235.0,0.17945121608047945,3,140.0,0.21484398461878387,9,75.0,0.2648892697399147,5,32.0,0.4705529200125445,5,23.0,0.40836909820620765,6,81.0,0.2995297631383468,11,230.0,0.29524755878387454,16,261.0,0.17151408040893168,8,369.0,0.2613199987462951,2,17.0,0.5209445705981617,6,293.0,0.14906943358915664,6,193.0,0.29675609301449013,98,2359.0
1230.0,119,712.0,1.55119825708061,4.504206213377455,11,249.0,0.21887574494583964,2,16.0,0.4623702765169009,7,117.0,0.2631776623470173,0,4.0,0.3477832265051539,7,241.0,0.29421419022396467,7,162.0,0.28085093628512503,14,138.0,0.1797884050730462,5,57.0,0.44486554350638097,1,25.0,0.6722548241626611,6,86.0,0.21137077869946894,6,236.0,0.30972359986622333,24,365.0,0.08020378537877199,9,349.0,0.30802077955114937,3,16.0,0.4851701120883622,10,306.0,0.10632783995803996,7,224.0,0.3125012833536227,119,2591.0
1235.0,140,910.0,1.956989247311828,4.520612076123051,8,202.0,0.2936923446884391,2,13.0,0.4879311233894825,6,119.0,0.18615595086412,3,21.0,0.5586835101012216,10,212.0,0.28793435215666957,8,168.0,0.3381879110705182,18,225.0,0.19340516347999573,2,48.0,0.14087814571392052,2,12.0,0.7026840578530297,4,63.0,0.458034386708468,10,214.0,0.21879254140318088,25,416.0,0.03641412718115661,6,276.0,0.20479319169289625,7,42.0,0.4962208892059788,17,371.0,0.11691968361695411,12,276.0,0.2650028068099209,140,2678.0
1240.0,144,1123.0,2.3995726495726495,4.851519918343041,4,115.0,0.3937479470347349,6,37.0,0.6133396183031707,8,94.0,0.13932589735742956,0,14.0,0.823930043931555,18,235.0,0.18848967505555092,6,111.0,0.3212738672535233,18,313.0,0.24351164555837834,0,10.0,0.31521623777233515,0,3.0,0.4957438831239172,1,43.0,0.4350414023197307,16,249.0,0.16801714384547123,19,398.0,0.21182114946724395,9,188.0,0.25752527612953,7,81.0,0.4628878148241133,18,385.0,0.23107998416023443,14,293.0,0.11419558371399394,144,2569.0
1245.0,142,1046.0,2.2689804772234274,4.036480352000797,3,114.0,0.39225196902365284,2,39.0,0.40550678288134573,3,100.0,0.2553370332964003,0,2.0,0.8465082305009017,24,343.0,0.03325372368374058,1,107.0,0.22755384083520575,15,337.0,0.09705835376556146,3,18.0,0.43329345314154294,4,14.0,0.45857624405095276,7,63.0,0.28762925475849965,20,275.0,0.08006281223203332,11,462.0,0.25799841954402697,5,198.0,0.3437493605186019,10,121.0,0.3507488118797092,17,330.0,0.1986318055603885,17,280.0,0.12675989354233413,142,2803.0
1250.0,161,1148.0,2.5010893246187362,3.7206249552563855,8,121.0,0.343444084993787,1,12.0,0.36288160315038287,6,110.0,0.2813988007337961,1,1.0,0.47661433932734887,31,485.0,0.033061583861757414,6,128.0,0.2011305855749602,11,292.0,0.27380469357826925,7,53.0,0.49223357294771686,0,13.0,0.7205397197534992,7,79.0,0.23137493161472578,18,337.0,0.14963475921710506,10,508.0,0.1453123383092308,6,194.0,0.3597393913628407,16,191.0,0.2247793377428761,16,404.0,0.09189055134305313,17,253.0,0.2383938096185629,161,3181.0
1255.0,166,1278.0,2.73661670235546,3.9372276925825433,9,117.0,0.2626745608815806,2,8.0,0.433735391521034,13,160.0,0.2942406693894197,4,19.0,0.2898703204296878,30,573.0,0.14306114579919244,14,186.0,0.052854409683391404,5,290.0,0.3253370592107307,4,58.0,0.4053468563610808,2,10.0,0.728310762732261,4,62.0,0.40435127409025445,15,402.0,0.1819238148902805,14,576.0,0.08374079680047336,12,226.0,0.14834148597796903,19,279.0,0.12583293914210703,14,485.0,0.14892835065141477,5,282.0,0.30229876201054184,166,3733.0
1260.0,171,1363.0,2.95021645021645,4.145531329595269,7,88.0,0.2806792579973556,8,38.0,0.44898758484542844,18,239.0,0.22625179511598348,0,18.0,0.6075848973589042,22,574.0,0.24061813986773886,12,206.0,0.38112204692444324,8,318.0,0.27466517529666623,2,31.0,0.33458293686532076,4,22.0,0.5970271401939599,5,51.0,0.4977830982677906,16,456.0,0.0773923278921978,16,581.0,0.16059131710548624,15,237.0,0.05012939114862361,19,376.0,0.023100772264409607,12,479.0,0.22476753833591048,7,263.0,0.24730020740497335,171,3977.0
1265.0,153,1464.0,3.1483870967741936,4.349175641422329,3,89.0,0.3308587101582587,5,57.0,0.37252172053140725,26,359.0,0.13388455580903794,0,0.0,0.9194956507144837,16,627.0,0.17156842682168158,3,155.0,0.41384411642649693,15,379.0,0.35642087372809206,3,39.0,0.36168338920385035,0,17.0,0.35350623343607857,7,63.0,0.5017263727509601,18,538.0,0.0523449168786278,12,516.0,0.2295617664045855,7,189.0,0.32181746596583233,19,473.0,0.19009225076750805,9,414.0,0.3204932797755256,10,256.0,0.19313718771922006,153,4171.0
1270.0,157,1423.0,3.0734341252699786,3.778780391899049,9,106.0,0.32234354293177353,3,35.0,0.40941830194892903,29,503.0,0.045231207916049135,0,0.0,0.4478599256542768,12,696.0,0.11796787827360461,3,149.0,0.2868649497099917,15,388.0,0.2644105246727811,8,69.0,0.3039525075539594,3,15.0,0.6675594547408285,3,58.0,0.3668097493199654,24,645.0,0.1443844890620366,9,392.0,0.16861288380196235,3,192.0,0.3347200530853939,15,482.0,0.07410896986084176,9,412.0,0.17297349076751262,12,227.0,0.0910453208648965,157,4369.0
1275.0,163,1359.0,2.9802631578947367,3.9060013422224737,15,171.0,0.23311968723733445,1,25.0,0.3543956790453155,35,672.0,0.07000210609008463,3,6.0,0.008966165411950555,8,670.0,0.2419078628166411,8,189.0,0.1746798047338685,12,326.0,0.2838968245481519,7,79.0,0.30052334592113733,1,13.0,0.6842199897364059,6,34.0,0.28539727559880795,25,681.0,0.19462664313618508,5,320.0,0.3020153525210797,10,218.0,0.29489053950629446,9,390.0,0.31460614807575116,11,453.0,0.14032472553649683,7,253.0,0.10863212542731521,163,4500.0
1280.0,146,1307.0,2.866228070175439,4.23307195035349,19,258.0,0.22215410266243157,6,39.0,0.3369353417076519,30,753.0,0.11602786966562285,0,11.0,0.3212455810833921,5,568.0,0.3054193077977562,14,247.0,0.34848410851907957,7,357.0,0.15453509243672406,1,50.0,0.4939330396558965,4,17.0,0.5233079032246861,8,62.0,0.49943845045826785,22,647.0,0.20027640762828366,2,297.0,0.47641123222458026,8,198.0,0.13262709980609144,2,347.0,0.44678085355892877,10,436.0,0.11936036959066862,8,271.0,0.15879602050339384,146,4558.0
1285.0,142,1101.0,2.3882863340563993,4.19973293988578,15,287.0,0.2618495639306229,4,48.0,0.364329106219284,22,721.0,0.10667437985207788,0,4.0,0.8809340299356113,5,415.0,0.19140514384158303,14,264.0,0.353616505545471,11,389.0,0.16472915922176903,2,45.0,0.3633009898173677,1,21.0,0.43670069357743646,3,65.0,0.518834041125861,16,666.0,0.17442409054349356,8,300.0,0.39016728716002774,9,158.0,0.11087298201614675,7,369.0,0.42504589784186986,10,346.0,0.1598670903607293,15,323.0,0.22816070615761236,142,4421.0
1290.0,143,1068.0,2.331877729257642,4.361462863627439,9,241.0,0.27672137305457395,4,33.0,0.6240563145714183,16,622.0,0.13952634463737748,0,2.0,0.8514801994240456,3,429.0,0.19637616172372746,11,193.0,0.1557438578975565,16,454.0,0.20859737326996683,8,73.0,0.3026267782626161,4,24.0,0.6389993126130318,2,31.0,0.3958498962017259,12,722.0,0.17698195244757453,13,348.0,0.11920182384745782,9,116.0,0.30604571200976183,13,422.0,0.22987442753451845,2,334.0,0.25740445520632504,21,414.0,0.1955380701474622,143,4458.0
1295.0,132,961.0,2.08008658008658,4.541969729200574,3,216.0,0.36459447969245123,0,19.0,0.6444852776648131,8,533.0,0.30671252936961063,0,0.0,0.7119083759626679,8,447.0,0.2986803166367114,11,153.0,0.1745595491834352,15,449.0,0.14849967488521268,4,77.0,0.1386917319827765,0,18.0,0.7465826627054676,5,28.0,0.4483314709509264,7,694.0,0.14602405513853323,18,436.0,0.05713163282272413,2,118.0,0.35762693647553695,16,416.0,0.05655933360758165,7,341.0,0.28789517605912424,28,539.0,0.15581645573192585,132,4484.0
1300.0,135,1052.0,2.252676659528908,4.847067876024125,7,240.0,0.3408298522362688,2,6.0,0.5922898971254128,2,487.0,0.5189995523206999,3,10.0,0.5261629299420439,9,427.0,0.27510230600663743,3,151.0,0.25204689304776084,11,320.0,0.11440495076480858,0,35.0,0.6883719478405429,2,6.0,0.7117259415957022,3,26.0,0.5350073086263261,8,590.0,0.2584180282169407,22,544.0,0.28959143223423706,7,96.0,0.23898603644060978,14,336.0,0.11078039542657625,10,326.0,0.17459899056982028,32,694.0,0.11356630038551112,135,4294.0
1305.0,154,1256.0,2.706896551724138,4.19562035702065,8,227.0,0.23804906532432302,7,29.0,0.3389311419342623,8,489.0,0.4382174707688147,5,23.0,0.1698576843206943,9,348.0,0.15313137969958718,7,155.0,0.41854930114084427,8,340.0,0.24767036795230454,3,35.0,0.5329922143477112,3,8.0,0.331223618283118,3,23.0,0.660337599667384,6,431.0,0.2805613289973582,19,556.0,0.28253053128799593,14,155.0,0.1368525507123978,8,373.0,0.2695789929938578,13,319.0,0.11627750246564397,33,853.0,0.06341711618641646,154,4364.0
1310.0,171,1405.0,3.002136752136752,3.8960263015413488,7,163.0,0.31203574656243505,8,70.0,0.487196531488783,14,550.0,0.3108098816425749,9,43.0,0.24584772704138058,6,349.0,0.13529607487510253,9,165.0,0.29472649395935585,7,378.0,0.3419803357457563,5,58.0,0.5726038906369021,6,37.0,0.3625461450815284,4,23.0,0.3741586978188054,7,403.0,0.19976437992082524,17,424.0,0.19087390005062346,19,240.0,0.31750002299372054,9,406.0,0.2950847944249459,11,368.0,0.08743468952015497,33,921.0,0.02395530005824164,171,4598.0
1315.0,157,1286.0,2.753747323340471,3.678288362024967,2,150.0,0.3302992299956846,2,68.0,0.5116004745953571,18,637.0,0.31279752015406465,6,64.0,0.22822786209707877,6,365.0,0.22827150804019328,9,146.0,0.14448350842809415,14,433.0,0.30832224323495555,1,39.0,0.394387856076959,1,40.0,0.45849738283775027,4,25.0,0.46148089509072143,16,468.0,0.1881169849239126,14,453.0,0.1655131582809741,15,270.0,0.22905698614911374,12,376.0,0.1382997162312574,13,395.0,0.051496804295592995,24,870.0,0.08800760341983692,157,4799.0
1320.0,153,1131.0,2.3961864406779663,4.063167208399627,8,170.0,0.3016569752585827,2,33.0,0.43286025321074173,15,625.0,0.18356050322276196,4,57.0,0.21681783355219666,14,419.0,0.23631829789459305,6,140.0,0.1463831832453695,15,428.0,0.20852733200549273,4,24.0,0.3778246281589554,2,15.0,0.6639002567265675,1,26.0,0.5336292378281907,15,502.0,0.2323729423344478,8,493.0,0.1585024051449495,11,250.0,0.16207189751838344,13,278.0,0.23431238225391507,19,484.0,0.07024451439571475,16,716.0,0.2607078201894173,153,4660.0
1325.0,137,899.0,1.8807531380753137,4.127588617443646,8,160.0,0.23077964014193014,1,8.0,0.36493605839140686,14,525.0,0.1669742650364384,3,63.0,0.42452177903441357,13,404.0,0.11859969778429687,7,138.0,0.1511460416712567,17,358.0,0.11314174857724874,0,21.0,0.49795469625598854,0,7.0,0.7873249626586222,2,19.0,0.6941062761351781,18,495.0,0.1933589034943717,9,449.0,0.14836840075866367,6,272.0,0.19834709973345488,5,304.0,0.25163374597639654,27,605.0,0.14265062636796655,7,548.0,0.40657645878798526,137,4376.0
1330.0,154,955.0,2.0147679324894514,4.157980927204195,8,124.0,0.3195407896839404,6,27.0,0.5383749234998735,10,529.0,0.24453890876856385,4,59.0,0.6191430478065209,16,300.0,0.0736057445051779,12,158.0,0.21160624130735609,12,368.0,0.14163987556380478,3,19.0,0.7143559722896807,0,4.0,0.6052456960888842,2,10.0,0.45113058537973266,21,507.0,0.06830766054396015,8,354.0,0.26678718944298296,9,301.0,0.3388176723483426,8,317.0,0.2921713980360803,33,756.0,0.1458786049486104,2,522.0,0.33030997034778337,154,4355.0
1335.0,139,1064.0,2.2638297872340427,4.076161149089254,5,81.0,0.3776046890418525,2,34.0,0.579384432580252,10,568.0,0.24013649391612088,2,42.0,0.4625446486920094,15,207.0,0.20032216945182849,5,153.0,0.3463601389638765,7,390.0,0.2541892486415367,2,15.0,0.5236377653059804,0,3.0,0.3961784359083399,4,25.0,0.47070911195846515,22,414.0,0.055838476494724246,4,330.0,0.33125051839946584,9,294.0,0.2815711259734056,9,302.0,0.11380405401384362,36,928.0,0.06399272686572284,7,509.0,0.2406566285715862,139,4295.0
1340.0,136,977.0,2.052521008403361,4.088688406393893,1,71.0,0.40231970157114993,3,21.0,0.4884314583400712,7,510.0,0.15746954207324623,3,15.0,0.3538229356014796,7,240.0,0.2771420121624616,5,155.0,0.2676503732835998,13,425.0,0.24209328078553263,7,25.0,0.2116560978264606,3,14.0,0.67150280980213,1,21.0,0.6172944344468098,19,482.0,0.11189994702131625,9,342.0,0.21783810623932293,8,214.0,0.15727094971304922,9,241.0,0.19477229339337984,32,988.0,0.028047843696719504,9,477.0,0.23675370470645712,136,4241.0
1345.0,124,891.0,1.8640167364016735,4.485366274929062,6,67.0,0.35263037625408544,4,29.0,0.44193393059169284,7,317.0,0.14181179561929608,3,21.0,0.41956922310657546,7,229.0,0.24848441037625715,10,161.0,0.18841808946917313,12,414.0,0.07368371287173002,7,64.0,0.11008040093676004,0,8.0,0.7983406259298392,1,11.0,0.8083817685573212,13,512.0,0.2315050147692886,11,324.0,0.10132352169338549,6,252.0,0.17379525155026526,6,269.0,0.24065689608946042,24,916.0,0.18903690476033172,7,378.0,0.42592740193381123,124,3972.0
1350.0,119,785.0,1.6773504273504274,4.582366489942623,12,116.0,0.2586743498273985,2,21.0,0.32928278506409125,2,290.0,0.25588384281651577,4,34.0,0.643312432175043,10,233.0,0.13778142893042553,15,233.0,0.05824009775566464,14,353.0,0.09236865760316365,1,63.0,0.6432457881247632,1,5.0,0.6213094009218163,0,1.0,0.6776198813425596,10,477.0,0.2984565037854585,10,275.0,0.15069616339351327,8,274.0,0.3457020154843953,9,273.0,0.286057060714078,16,718.0,0.29505713279952295,5,385.0,0.25057210322687085,119,3751.0
1355.0,122,671.0,1.4399141630901287,4.300491876987599,11,143.0,0.28565316098260746,6,29.0,0.3913183662911116,8,304.0,0.2733222644746911,1,28.0,0.48820753199482747,10,210.0,0.16650441735460278,22,337.0,0.24572550569325205,6,391.0,0.2475709486384075,0,19.0,0.9049561514376736,2,8.0,0.34752219446568683,2,10.0,0.5230354775291443,9,368.0,0.19934204948596795,4,268.0,0.31364129766119436,10,267.0,0.2781005942564072,14,275.0,0.11250878597932926,8,622.0,0.28129523102599174,9,398.0,0.23498847244945967,122,3677.0
1360.0,118,580.0,1.228813559322034,4.374478297068038,5,112.0,0.3896248031802914,2,38.0,0.5729106420665422,12,354.0,0.17892802189816825,1,6.0,0.34113491845628235,7,188.0,0.15628249130827138,20,382.0,0.24156236805677644,10,410.0,0.3113735243903766,2,7.0,0.37796221571357996,1,11.0,0.4968583191726291,1,10.0,0.6451314200115554,11,389.0,0.10006066268235159,8,273.0,0.3064342339102677,8,178.0,0.13170493278208042,14,251.0,0.17339186600399148,5,551.0,0.3035269551556034,11,359.0,0.2167129713855076,118,3519.0
1365.0,117,624.0,1.3081761006289307,4.285798931834379,4,115.0,0.3269910545160789,2,20.0,0.6686413417684465,18,438.0,0.09925640825199539,6,28.0,0.06725431356978404,6,212.0,0.25771019063457945,17,360.0,0.12948775495905526,11,393.0,0.29557235575570584,0,5.0,0.15272312474384417,3,14.0,0.5068052072152563,1,12.0,0.8031655397730519,10,428.0,0.15071669204075627,8,257.0,0.17108446559201534,6,186.0,0.19182173740699424,10,292.0,0.20494935195760616,6,553.0,0.39533582168081216,9,216.0,0.2558882151716182,117,3529.0
1370.0,125,716.0,1.5266524520255864,4.121242383578772,8,148.0,0.29067907343784305,0,7.0,0.42389783198711906,25,552.0,0.1322563873986842,0,29.0,0.553547466507832,8,210.0,0.35112771004071286,15,441.0,0.09402859385314621,11,322.0,0.15404205481232688,1,11.0,0.6462886988694351,5,36.0,0.5917566471421265,0,2.0,0.5566463518621587,11,398.0,0.20315263698452496,8,214.0,0.13918642373117326,7,195.0,0.4004299083475906,9,294.0,0.23401595624290453,13,592.0,0.33100369251967016,4,198.0,0.17453900141870868,125,3649.0
1375.0,143,918.0,1.9125,4.247583372861783,10,155.0,0.2788608390966097,5,21.0,0.4092449431368585,32,699.0,0.16149118443835045,0,4.0,0.8672364686660986,13,225.0,0.28495226206193197,10,498.0,0.2268694707599398,12,347.0,0.12129685197343637,1,14.0,0.8023340855860713,3,36.0,0.3107589024368946,1,8.0,0.5241601497243655,11,343.0,0.22131268961303202,4,226.0,0.31154524964263863,6,174.0,0.29336478148525014,15,329.0,0.14482568364945783,13,572.0,0.17518882031481928,7,219.0,0.2152788909397858,143,3870.0
1380.0,145,956.0,1.9711340206185568,4.051040105345146,6,116.0,0.33987183716170943,0,25.0,0.6385117671879683,30,725.0,0.10393435144382622,0,6.0,0.5721632742900377,13,247.0,0.10320967491541974,10,480.0,0.303794135031473,9,374.0,0.193422225152161,0,4.0,0.7389827940973095,4,27.0,0.3800774685528161,1,9.0,0.7160706381260996,12,298.0,0.129635099904575,8,230.0,0.27671165074899645,4,119.0,0.14954534463595234,20,352.0,0.1229109809642891,14,479.0,0.07908009722973416,14,278.0,0.3101715318161959,145,3769.0
1385.0,150,862.0,1.7773195876288659,3.632478738549611,4,126.0,0.34928736847101793,2,9.0,0.6665641289910382,25,674.0,0.08903334523574961,6,29.0,0.3337297504573475,15,237.0,0.09513821350420727,7,399.0,0.2258750711358231,15,421.0,0.1632702571075177,1,5.0,0.3411892923783079,3,27.0,0.4781503681724279,1,12.0,0.8035091975347618,13,330.0,0.1546965841510499,11,226.0,0.1360683930096365,2,103.0,0.2150794582197991,18,305.0,0.18780026202103758,10,529.0,0.0942481027651089,17,316.0,0.20421754722626784,150,3748.0
1390.0,158,991.0,2.0560165975103732,3.6378745326856703,9,161.0,0.33839043550547854,1,8.0,0.4867778723727001,15,729.0,0.2018908568969102,11,84.0,0.3516646981850113,12,291.0,0.19199438343894062,8,432.0,0.10854213598821671,21,518.0,0.05002300818792362,0,0.0,0.19799277138866284,6,44.0,0.5510572586403034,0,2.0,0.65426720162843,9,332.0,0.28546530478057863,12,201.0,0.14293164699949726,6,118.0,0.39531667158228767,13,368.0,0.23320694265327505,13,570.0,0.19398215255353599,22,411.0,0.03356504278841668,158,4269.0
1395.0,156,982.0,2.037344398340249,3.8847914543714057,11,165.0,0.2040285594289931,6,27.0,0.4396619109811469,11,765.0,0.24432630607200587,7,103.0,0.33139453013662545,12,328.0,0.21105754940353058,12,484.0,0.11609506438573952,22,537.0,0.17406090648115158,0,4.0,0.5180960434765857,4,49.0,0.27880463098339087,2,11.0,0.4714705850410075,13,363.0,0.23013026216538654,8,196.0,0.25469975838476994,9,145.0,0.27628830786530517,9,401.0,0.17438189800844797,9,528.0,0.28579127313631114,21,519.0,0.08363554496112269,156,4625.0
1400.0,148,1088.0,2.2295081967213113,4.281377421961018,7,128.0,0.3188945744678687,6,59.0,0.5589523397459235,15,814.0,0.14176206089313945,5,82.0,0.366661524667491,10,323.0,0.12646925832844505,11,473.0,0.23449024509647076,12,456.0,0.3558721936823828,0,8.0,0.8023405568208846,3,29.0,0.4254714182348586,0,6.0,0.8069845638728964,20,445.0,0.09196059355482661,6,191.0,0.3453993425977928,10,143.0,0.09567203984147137,14,461.0,0.1408767080573733,7,356.0,0.280325264579444,22,618.0,0.19699885974814152,148,4592.0
1405.0,145,1182.0,2.427104722792608,3.8877385116329917,2,100.0,0.4127201874491717,0,47.0,0.7063361826968207,15,795.0,0.04942180582741637,6,65.0,0.3140399918536116,11,272.0,0.10227810258063393,8,370.0,0.24302249501722048,6,460.0,0.3397717015778967,0,8.0,0.9046232155282874,4,31.0,0.3423585587951327,0,4.0,0.9308026099840052,20,481.0,0.05945072360728983,12,228.0,0.20690522173764647,7,183.0,0.1235764836649559,20,548.0,0.14987656729479776,6,334.0,0.19055091719616307,28,745.0,0.20350040898774172,145,4671.0
1410.0,165,1365.0,2.8202479338842976,3.993094279095827,7,117.0,0.3184831242675312,2,7.0,0.47594569313992835,12,692.0,0.23610818013161708,6,84.0,0.5042603555249427,12,315.0,0.2038142085730145,7,392.0,0.2022170820679764,9,496.0,0.20904834160044358,2,7.0,0.6633747667063297,6,54.0,0.5660335680290332,0,0.0,0.6343390479151008,18,437.0,0.20980480668822662,15,245.0,0.25545681629395206,9,226.0,0.24665188580042582,20,569.0,0.16845168688898263,7,358.0,0.13427402301647562,33,898.0,0.17137103156805278,165,4897.0
1415.0,165,1348.0,2.7287449392712553,4.028967465660365,13,169.0,0.24986644233224667,3,11.0,0.3558154178165012,9,695.0,0.2939011118108693,6,114.0,0.4794557716069897,8,342.0,0.2049417909198282,10,434.0,0.1846404936275822,14,555.0,0.09443135717143529,0,3.0,0.42080558453075845,0,44.0,0.6611349300434995,3,15.0,0.4865349024863955,16,454.0,0.28412953082689213,12,191.0,0.1151253283511581,10,231.0,0.37488776955945746,18,521.0,0.13813936019667764,13,362.0,0.1398277778139947,30,926.0,0.08598056216611928,165,5067.0
1420.0,168,1256.0,2.512,3.7377552699823267,14,188.0,0.28065175677851917,7,43.0,0.33368493101311064,8,729.0,0.2362521093668088,4,93.0,0.09737571589353444,12,355.0,0.13869712918469448,14,493.0,0.1675465587549626,21,646.0,0.1473429299771784,1,4.0,0.2947581394652737,1,7.0,0.49790144800129826,0,9.0,0.7228677038292576,11,516.0,0.20282740575776753,8,231.0,0.2903923872001815,8,224.0,0.15731110718574765,14,424.0,0.15495570546226684,19,444.0,0.11675841411962286,26,867.0,0.0883919227703032,168,5273.0
1425.0,149,1093.0,2.2170385395537524,3.9493326039606558,8,151.0,0.3030493264930198,7,78.0,0.5253166304465761,10,684.0,0.14074338531574473,1,26.0,0.35853622040098115,19,437.0,0.07746325030311318,13,487.0,0.061428243852311305,21,655.0,0.22225884163810203,1,11.0,0.35347925765588806,1,3.0,0.3851965058990255,0,4.0,0.905294781116221,9,484.0,0.1435838714357731,7,254.0,0.3151922932478775,8,262.0,0.10667267631292077,5,456.0,0.31036766267462257,24,540.0,0.10091435270395178,15,908.0,0.1933552058335629,149,5440.0
1430.0,147,1162.0,2.3714285714285714,4.367397557998219,3,155.0,0.31233476161294793,7,113.0,0.44918911116945714,6,539.0,0.2860967920547021,1,12.0,0.6230955538471677,26,554.0,0.13092150967976432,12,402.0,0.22425524979156325,12,520.0,0.19231978060825777,1,20.0,0.7152230316904014,5,22.0,0.38112225030045904,2,2.0,0.6457669716049692,5,378.0,0.15242053686250306,13,306.0,0.25339184176784924,12,308.0,0.2440925165741446,8,461.0,0.3326596979308921,23,621.0,0.05972049274285005,11,944.0,0.26327289957032673,147,5357.0
1435.0,176,1332.0,2.7463917525773196,3.9941924563001705,9,187.0,0.30374586220577515,5,105.0,0.3136426644910747,7,562.0,0.322574042322354,5,31.0,0.5799959915790948,27,605.0,0.19777963619022879,9,392.0,0.2967551739973662,15,394.0,0.13566933491445057,2,9.0,0.6411060025933035,0,25.0,0.607395944006134,3,19.0,0.4794443253895887,4,364.0,0.24923689150571673,20,391.0,0.12210452588804051,19,389.0,0.20058837568400198,10,434.0,0.08640589107028203,30,729.0,0.09178860122772038,11,896.0,0.242986903239952,176,5532.0
1440.0,183,1646.0,3.4363256784968685,3.88758125619462,9,190.0,0.23619402912020337,1,48.0,0.4868787560291586,9,600.0,0.3118012743237524,7,60.0,0.1622469551107242,23,579.0,0.25304947253414495,6,400.0,0.21271640925305058,5,435.0,0.30920842606005117,5,27.0,0.6080949777248613,1,7.0,0.7252716008282271,0,12.0,0.7223181276853069,10,396.0,0.25584136368477045,26,507.0,0.03545978492243914,26,499.0,0.09075125044823339,11,362.0,0.11055151445045755,33,884.0,0.07272625446492578,11,764.0,0.19520749070375962,183,5770.0
1445.0,181,1972.0,4.108333333333333,3.844788526038923,7,129.0,0.28234955663702893,3,24.0,0.61077852798981,14,659.0,0.25724735571058177,5,76.0,0.1324461370987946,17,643.0,0.16037726187282578,12,451.0,0.15997746683158193,8,437.0,0.37819585827275043,1,26.0,0.3248029007158502,0,4.0,0.7896989426574414,0,4.0,0.8955911099724615,12,447.0,0.16186699590168444,24,558.0,0.020876077006171726,26,634.0,0.06270589692923302,5,381.0,0.2983152070840858,36,1060.0,0.152524948088066,11,760.0,0.15057740753709212,181,6293.0
1450.0,173,2140.0,4.412371134020619,4.121177206776021,1,114.0,0.38132279490208637,1,18.0,0.694837578419141,16,629.0,0.15417278556427508,1,42.0,0.5853390451842326,13,710.0,0.16353460022533617,15,441.0,0.188839603794777,8,399.0,0.2395676048116102,7,31.0,0.23939284425574123,2,8.0,0.609631704497347,1,4.0,0.8073044227560918,15,455.0,0.08879179990594777,14,485.0,0.1584676007473673,26,764.0,0.207595726772005,9,386.0,0.2979888159011574,37,1241.0,0.11019582667171142,7,775.0,0.15932673446391735,173,6502.0
1455.0,181,1933.0,4.035490605427975,3.995057344916316,7,129.0,0.3085946187123682,3,15.0,0.4079253372552853,17,509.0,0.09279553289383687,1,16.0,0.7987025216675572,15,780.0,0.1520880630581351,12,358.0,0.30204194518182337,11,308.0,0.2401721736094724,5,49.0,0.3431878956574313,7,33.0,0.26115514651772126,2,10.0,0.44981629245191895,12,392.0,0.21923452780584118,9,497.0,0.3073892967081565,24,789.0,0.17445292371958268,10,359.0,0.15469957104347187,32,1254.0,0.07763805028580388,14,784.0,0.14653527230547297,181,6282.0
1460.0,162,1518.0,3.1691022964509394,3.951352149792199,13,181.0,0.24337520981689426,2,16.0,0.36366877495787886,9,463.0,0.16136884370953042,0,6.0,0.6212043895351729,22,877.0,0.12232563175676503,8,383.0,0.27098273737595535,6,273.0,0.1657725238870112,5,47.0,0.49415204438363375,6,56.0,0.28274079510283,0,9.0,0.6005617108514527,15,461.0,0.22330792500655183,8,535.0,0.29814740732632994,19,715.0,0.1305493343111335,7,272.0,0.30896688500809505,26,1127.0,0.0608464958148759,16,751.0,0.16691997591124935,162,6172.0
1465.0,138,1173.0,2.4799154334038054,4.172228718310041,13,202.0,0.24221241135040988,2,9.0,0.5101952494914688,6,491.0,0.23393249856348974,2,12.0,0.357180041329893,22,891.0,0.04902072115822297,8,418.0,0.1890665767401678,6,279.0,0.32739973358326285,1,33.0,0.5086053239609232,3,44.0,0.5786439514181955,0,4.0,0.8691291872823786,14,514.0,0.13053203348999545,12,583.0,0.1955962420415243,12,786.0,0.0883318980362493,4,285.0,0.33005142398463555,19,954.0,0.13328668975059665,14,614.0,0.22548464659974843,138,6119.0
1470.0,151,987.0,2.1180257510729614,4.167230894886469,8,165.0,0.2560855034668347,3,17.0,0.5939059151135254,14,542.0,0.24594233359769793,0,9.0,0.4765739476250923,22,816.0,0.06894703750502047,10,385.0,0.1717838411438713,14,325.0,0.2593676404122538,5,27.0,0.38705332581619134,1,34.0,0.5140871779709478,1,5.0,0.8386588405635689,16,577.0,0.12416659629014087,20,672.0,0.034620802525047234,10,838.0,0.12276116233385864,9,294.0,0.32518855384105483,8,991.0,0.3088735301736654,10,653.0,0.27204938843891757,151,6350.0
1475.0,152,893.0,1.941304347826087,4.0901052476762265,2,177.0,0.29222329667187963,3,30.0,0.6799703243505589,14,505.0,0.19523193488116009,0,6.0,0.8202137720713358,17,905.0,0.18672949761735516,13,312.0,0.22650521549885444,14,321.0,0.20061329310145978,2,36.0,0.18156537152739388,6,46.0,0.34807168867833366,1,6.0,0.635771582579199,17,576.0,0.06786794344915825,20,688.0,0.1874580311279045,12,806.0,0.24891119453584137,15,355.0,0.1835301813737623,6,990.0,0.3414471138703201,10,680.0,0.22656721331981297,152,6439.0
1480.0,134,722.0,1.5593952483801297,4.191631207840379,9,206.0,0.29379385156883897,0,15.0,0.43088094495853474,11,356.0,0.13858988330657535,1,8.0,0.794127874675141,13,967.0,0.1972392186818374,9,223.0,0.3182694074039724,15,277.0,0.12899970318781984,6,27.0,0.4811096694401964,5,56.0,0.35188717615550896,0,6.0,0.487469450792625,14,497.0,0.2175093810847285,12,590.0,0.31205989597355127,7,656.0,0.2852317402899292,13,343.0,0.249486037718686,9,927.0,0.18150209974423967,10,619.0,0.1289589243556881,134,5773.0
1485.0,121,524.0,1.1244635193133048,4.193435075571011,10,207.0,0.1990468165186211,2,10.0,0.5016951438838232,9,240.0,0.21304859676555368,1,13.0,0.8135109377547594,10,917.0,0.10710270213185052,4,232.0,0.2210740419667651,13,224.0,0.12559126277815758,6,52.0,0.6514201902792881,4,33.0,0.5622601030071562,3,16.0,0.6811923900721062,15,510.0,0.22178983729525292,13,561.0,0.15677817123602492,6,582.0,0.17529578682545938,6,177.0,0.3431844759330152,9,776.0,0.11210771775980513,10,418.0,0.1455149953097708,121,4968.0
1490.0,94,318.0,0.6794871794871795,4.202842432231525,10,173.0,0.285132021315223,2,9.0,0.6565100259991056,1,246.0,0.3601886016099171,2,21.0,0.47778796488902625,12,786.0,0.12222405176332207,7,219.0,0.2983879313978446,4,245.0,0.21233289474209752,1,46.0,0.53430721152651,2,25.0,0.5903414745921222,0,8.0,0.7810079639629631,12,555.0,0.1330955198950555,15,590.0,0.12618745683824628,11,629.0,0.1445466929588781,2,174.0,0.3695245827164989,6,754.0,0.1455109319008943,7,454.0,0.10815266920166151,94,4934.0
1495.0,114,527.0,1.1165254237288136,4.510197888497179,1,144.0,0.35862263069657674,2,17.0,0.7716896729809866,6,243.0,0.3685434682420676,6,47.0,0.3679897911810215,10,616.0,0.2540586866959789,10,209.0,0.27394806087433027,7,229.0,0.3329257898070647,6,21.0,0.22744124651143927,4,28.0,0.3975657445873745,2,5.0,0.6691200027985716,12,610.0,0.14982801144720975,7,626.0,0.24097617506687846,14,690.0,0.23349628830199545,8,190.0,0.2741422925085482,9,764.0,0.2311393653998667,10,481.0,0.10913739905249141,114,4920.0
1500.0,146,743.0,1.5642105263157895,4.106770497946009,7,152.0,0.31380907958414006,4,31.0,0.41315474572459104,13,292.0,0.15907868103486517,6,52.0,0.35463152441378454,3,588.0,0.33783330916189874,12,172.0,0.19399783777987015,6,206.0,0.36526208889645134,11,69.0,0.1812897802130323,4,27.0,0.3286259843291066,1,7.0,0.39897987628257253,13,593.0,0.2200926625197747,13,659.0,0.21179565876056874,13,654.0,0.23090162254229213,10,176.0,0.09881510801661643,15,818.0,0.2439004344208951,15,546.0,0.19808911156565726,146,5042.0
1505.0,152,974.0,2.046218487394958,4.356893873559421,7,146.0,0.2823814436698154,4,35.0,0.35735959176495746,20,382.0,0.03964376963502266,1,30.0,0.3525636279860244,6,573.0,0.32662649503234736,9,169.0,0.12468044607367679,3,142.0,0.30306985797537817,12,130.0,0.31805058527840574,3,21.0,0.501005031855679,3,18.0,0.6896341124602363,12,447.0,0.26474586633421293,19,738.0,0.1504453395753289,10,506.0,0.21338263459910187,6,128.0,0.45663826446531613,21,906.0,0.10952626114898581,16,509.0,0.2751381082591076,152,4880.0
1510.0,144,1015.0,2.1101871101871104,4.313311472271176,5,97.0,0.3438053566995656,3,26.0,0.618637509890795,17,409.0,0.20428152313976453,2,31.0,0.1632547095650643,13,623.0,0.26105492131045843,6,155.0,0.19164916664195028,5,157.0,0.17874399985827535,6,142.0,0.22588542887709726,2,19.0,0.6154285582459239,0,10.0,0.7730216067198878,13,434.0,0.18470823314311893,26,854.0,0.04622537517323853,7,504.0,0.1550081468673835,4,71.0,0.44718624494625514,23,893.0,0.031950402828183004,12,366.0,0.2934151704464061,144,4791.0
1515.0,136,868.0,1.8273684210526315,4.1250639598795,3,87.0,0.337789586102697,5,37.0,0.5982400247486719,9,299.0,0.2705239090110102,6,56.0,0.4559383707513626,15,599.0,0.11468814641405668,6,153.0,0.1213505085639133,8,187.0,0.16909195300739951,2,101.0,0.38964427284629255,2,24.0,0.741794163766762,2,5.0,0.6055110125345793,17,512.0,0.12086122410466167,25,868.0,0.021235582946519487,7,526.0,0.29768758978058063,2,61.0,0.23751779857026342,21,767.0,0.056183400706554344,6,404.0,0.1690178834003609,136,4686.0
1520.0,135,741.0,1.579957356076759,4.043539644524808,8,114.0,0.30791426627453583,1,29.0,0.35215981913850847,7,335.0,0.33266780501356324,0,49.0,0.6304069496825877,14,495.0,0.10906991800423424,8,133.0,0.3691511938189791,14,200.0,0.14738032415942395,4,111.0,0.39303351734571534,1,6.0,0.4582249498641065,1,7.0,0.48286970003636104,14,571.0,0.23652788355772705,19,757.0,0.09046860476288167,14,582.0,0.31066950958768846,7,59.0,0.17040685092194255,14,792.0,0.10480305798782273,9,435.0,0.1359600309197135,135,4675.0
1525.0,157,962.0,2.0732758620689653,4.120294080106251,9,122.0,0.2553326439448563,5,22.0,0.44267054530840616,9,365.0,0.2673512094983856,0,6.0,0.6360043982599995,12,316.0,0.1968295601538686,6,116.0,0.424363009402706,13,187.0,0.16441392733643345,10,144.0,0.34044825105914456,3,13.0,0.38198558355405743,2,16.0,0.7536870884468844,19,625.0,0.20067739506959376,14,829.0,0.2079964453850135,15,539.0,0.08117223708636614,13,116.0,0.28700202783738826,13,851.0,0.2218839017842457,14,500.0,0.1178837178096376,157,4767.0
1530.0,153,962.0,2.0867678958785247,3.7497587003202133,7,105.0,0.31991693397330906,6,53.0,0.5566347732789999,14,423.0,0.06851578828014675,3,8.0,0.51715105321801,7,344.0,0.24265037885937885,6,110.0,0.2794459442128934,9,222.0,0.2289633649137868,7,145.0,0.2617429661270676,3,19.0,0.27992012552157436,0,4.0,0.7989281183669416,29,746.0,0.04373063935670337,12,894.0,0.2833839330092611,15,384.0,0.0960862368635343,7,134.0,0.4945155923174668,7,776.0,0.24819855346069195,21,596.0,0.0656059020517242,153,4963.0
1535.0,147,950.0,2.0084566596194504,4.07303915637702,3,96.0,0.3592745786174255,1,46.0,0.5864453111946121,21,511.0,0.04586742342173902,6,33.0,0.2271175304682639,7,342.0,0.22398341368920313,8,86.0,0.1946127470444711,11,237.0,0.2509045203479724,2,74.0,0.4218129288869999,7,45.0,0.38868450605676924,2,9.0,0.5807243317531241,34,774.0,0.03378002000614587,7,822.0,0.24746155798538305,7,428.0,0.29338490318560995,3,88.0,0.3035860532122864,7,570.0,0.15984795198946422,21,596.0,0.1055644604657072,147,4757.0
1540.0,144,905.0,1.8737060041407867,4.408019808535407,8,123.0,0.34757420373350617,2,13.0,0.5270776573063937,16,514.0,0.30541936693854244,2,42.0,0.21349727912114763,9,307.0,0.1600846684797035,15,133.0,0.1574838478639156,16,295.0,0.18125362689228094,1,22.0,0.6386609927075095,1,47.0,0.6213494160009009,1,6.0,0.4908495795426055,25,890.0,0.13577970329070735,11,647.0,0.10781347506309706,7,441.0,0.3637911324747008,2,91.0,0.18288654576961758,10,565.0,0.11115951441802453,18,515.0,0.07516822251384561,144,4651.0
1545.0,142,846.0,1.8038379530916844,4.12114190817053,9,133.0,0.256560073702961,3,12.0,0.36613561379306825,8,404.0,0.29479720869479387,3,25.0,0.6855151681048979,4,219.0,0.17686229449611496,20,223.0,0.23083973500059848,18,326.0,0.041519621340729826,2,20.0,0.3027758419017898,1,14.0,0.6959369109402456,1,12.0,0.7694003698043095,21,961.0,0.17621194732364645,10,690.0,0.11381791677593137,11,399.0,0.14759842940121937,8,119.0,0.2688873017222128,7,592.0,0.1946069936226444,16,594.0,0.09925468796584984,142,4743.0
1550.0,148,919.0,2.010940919037199,4.326752067078094,5,104.0,0.3403023485714927,6,36.0,0.5633920138793778,8,439.0,0.1364260732522792,3,40.0,0.666951944569435,3,209.0,0.24692167352780972,23,332.0,0.060747554879446025,17,311.0,0.13483352231239054,6,44.0,0.44875111893456926,2,15.0,0.38447017169256315,1,6.0,0.7361016522428606,18,1033.0,0.10389168402588612,9,713.0,0.27735179566041984,11,267.0,0.09812289035189785,8,122.0,0.45915380171755826,15,628.0,0.29895575584588713,13,664.0,0.20253735998071382,148,4963.0
1555.0,127,782.0,1.7074235807860263,4.126651707651718,2,79.0,0.39534519139960383,1,36.0,0.5597346644472447,9,479.0,0.12230305064011465,2,27.0,0.24982628752046146,10,244.0,0.2311234514770403,21,391.0,0.059978146475632425,9,342.0,0.29088165005746786,1,40.0,0.47459666937484485,7,45.0,0.3347744792506534,3,14.0,0.5688853256230545,16,1002.0,0.06984492386803065,15,766.0,0.23453389484707218,3,263.0,0.31006589645013377,2,67.0,0.3030184535235285,15,564.0,0.2054352335346018,11,634.0,0.31612985614057054,127,4993.0
1560.0,128,704.0,1.550660792951542,3.9846866247095187,7,98.0,0.31344221135800004,3,19.0,0.4394199390685472,16,546.0,0.2836347376488639,5,21.0,0.15603847353168546,9,229.0,0.13766091546146106,13,366.0,0.11998341654799727,8,355.0,0.2545557615756988,1,11.0,0.551669805224989,2,44.0,0.5230032980036995,1,17.0,0.3736091606975411,14,764.0,0.1869037811305187,16,728.0,0.13575531723805032,7,258.0,0.34062890079287544,3,64.0,0.1943762299822738,16,423.0,0.09285406985057813,7,511.0,0.26932033366369257,128,4454.0
1565.0,152,803.0,1.7343412526997841,3.815250956075993,9,101.0,0.27937784387042003,3,19.0,0.3324606543980436,24,645.0,0.2557319062966661,1,25.0,0.5277643879251258,9,187.0,0.10809216604080409,4,382.0,0.2282193177158898,15,417.0,0.09988061461386456,2,12.0,0.5454923546053704,3,19.0,0.6525412621966807,2,17.0,0.7357756405886255,12,813.0,0.23717953212734955,17,620.0,0.1082916930847039,13,310.0,0.26525854949507355,8,84.0,0.2705690458726629,23,529.0,0.06976439656680317,7,510.0,0.12059475953800237,152,4690.0
1570.0,170,1106.0,2.4095860566448803,3.902191320836242,5,67.0,0.37166839312502736,8,41.0,0.5246046480717601,28,767.0,0.21828956054028653,1,11.0,0.7555654098935254,8,167.0,0.13979827475295178,7,410.0,0.2305345800551511,14,423.0,0.16271402767420481,6,32.0,0.35416172923862355,3,21.0,0.40777355018960576,0,4.0,0.7907916931216974,11,861.0,0.17885208778939796,15,647.0,0.24554862400619817,20,399.0,0.07455626542167074,15,147.0,0.29977292349684165,20,616.0,0.16030147587817317,9,550.0,0.16138790324984467,170,5163.0
1575.0,158,1268.0,2.7685589519650655,4.09091506632304,2,53.0,0.3711207524594034,2,48.0,0.4969136621334165,29,915.0,0.12695736314040204,3,19.0,0.41563075638536157,5,177.0,0.263878836102725,9,398.0,0.2657384549670321,12,367.0,0.29545467180688967,6,64.0,0.4301872438534174,7,47.0,0.29504428480371164,2,10.0,0.5837585292228569,11,846.0,0.12112978227320625,10,689.0,0.2703560247165744,19,419.0,0.22081413862826174,15,222.0,0.13279985664648322,15,644.0,0.19844820426799945,11,508.0,0.20946932330081847,158,5426.0
1580.0,143,1430.0,3.0686695278969958,4.247945285848203,6,67.0,0.35369239276536335,2,22.0,0.41532064616723763,29,1060.0,0.05791067219869696,1,18.0,0.5454164623009516,9,178.0,0.36107781732109234,7,321.0,0.19780290212356064,10,423.0,0.32946795479781,0,55.0,0.4797092791715944,1,47.0,0.6290691588053675,2,12.0,0.4606888999142548,11,739.0,0.21703652933807158,9,638.0,0.15090774572849353,11,344.0,0.33370408564353343,15,301.0,0.25286367037219437,20,681.0,0.1159571518920076,10,401.0,0.21738674789436654,143,5307.0
1585.0,141,1280.0,2.7292110874200426,4.0014372829172755,12,118.0,0.26993586321809776,2,8.0,0.38671433333605704,28,1070.0,0.06322054830490653,0,5.0,0.451767393392015,16,240.0,0.29248452991917895,5,317.0,0.15193512115821867,10,474.0,0.2147867882264943,0,6.0,0.6533130375008382,2,9.0,0.6933016071411296,2,18.0,0.7276578739696988,9,765.0,0.24620970376737839,10,507.0,0.13632770229755153,4,341.0,0.3133537833381352,10,300.0,0.31137031849838337,24,707.0,0.049313710326871145,7,395.0,0.16525130647989347,141,5280.0
1590.0,154,1182.0,2.5042372881355934,4.223223640354196,17,197.0,0.19496414997572312,7,28.0,0.3111398139253679,20,932.0,0.21543184555651337,1,5.0,0.4978686673695711,22,337.0,0.13807829731933827,7,350.0,0.2699130069363655,10,455.0,0.10545478881009318,1,10.0,0.5607264077514521,4,23.0,0.5851103643759862,1,5.0,0.793940852379896,14,818.0,0.19264398450414072,5,483.0,0.2553607971215515,8,371.0,0.1169337996370238,6,225.0,0.3724425609313504,24,616.0,0.15391273573073627,7,398.0,0.22454120536638367,154,5253.0
1595.0,151,1022.0,2.1652542372881354,4.207488658414445,14,226.0,0.2378197421670627,2,41.0,0.4372262390674711,12,677.0,0.31402411100161404,6,27.0,0.5306778504109361,22,390.0,0.062099377316839274,10,333.0,0.26170513585007465,11,341.0,0.09693724229976093,5,31.0,0.5400572689396999,0,20.0,0.3927082964144238,2,10.0,0.75510854421082,15,782.0,0.08612618078664133,7,498.0,0.2970887207415108,10,348.0,0.1374838349009965,2,216.0,0.3032751506605872,16,701.0,0.22076395090469325,17,458.0,0.20497101827758726,151,5099.0
1600.0,131,752.0,1.5966029723991508,4.325115940400895,7,188.0,0.331836467702405,3,16.0,0.6836255575018771,4,709.0,0.25112903835590944,1,31.0,0.6061548185947842,22,389.0,0.19315095915434505,5,276.0,0.2267575506896956,5,367.0,0.16447930224275462,3,36.0,0.4799299973458891,3,16.0,0.6658635109190484,0,0.0,0.5691583866584207,17,642.0,0.09675536234245602,14,551.0,0.18747254585153147,5,229.0,0.30071560410718984,7,245.0,0.2939835614426142,12,740.0,0.16117297614958556,23,561.0,0.2133152712964938,131,4996.0
1605.0,137,816.0,1.7777777777777777,3.8480107823038305,4,205.0,0.3069903742817166,0,8.0,0.7514621993606428,7,731.0,0.19564270143090404,4,22.0,0.35023998416278485,15,436.0,0.24501066215370373,11,304.0,0.10962043736647574,9,383.0,0.24421905691964133,3,26.0,0.5212518170864534,0,10.0,0.6774623995577754,4,17.0,0.39588675420193337,12,662.0,0.11080522142598549,20,641.0,0.049784623566680335,1,219.0,0.4129054096121875,7,221.0,0.32837349173808944,12,698.0,0.11399827570568853,28,676.0,0.1610262576216286,137,5259.0
1610.0,163,1200.0,2.5641025641025643,4.150351813939793,9,235.0,0.29470016219345546,2,7.0,0.5510044275103505,9,660.0,0.20325936782401663,11,66.0,0.10952608313288789,11,491.0,0.18804541964644278,9,330.0,0.21964753797689188,15,442.0,0.23824848418840638,0,13.0,0.6062552636226662,3,8.0,0.6472403506351435,6,45.0,0.5434746210417606,13,694.0,0.2236878789604377,26,762.0,0.1410284167002236,8,237.0,0.281832368529535,4,131.0,0.40004009183875516,8,576.0,0.23037139869116252,29,795.0,0.11788748974996119,163,5492.0
1615.0,167,1575.0,3.343949044585987,4.193166041636462,9,229.0,0.2375330438827453,0,6.0,0.5333587530610437,4,498.0,0.3152294764139511,12,125.0,0.3033671613772537,7,469.0,0.1082142386885029,14,357.0,0.2828695860481045,16,439.0,0.10103997183573181,4,21.0,0.518216763835431,2,10.0,0.41471268632106445,0,39.0,0.618022723487117,14,748.0,0.23524862629603938,32,913.0,0.1725952783652858,8,226.0,0.08323194706736274,2,60.0,0.4627236471765682,9,573.0,0.26254932107111506,34,954.0,0.05661709456025816,167,5667.0
1620.0,170,1754.0,3.723991507430998,4.341280036949643,8,178.0,0.2818253596964745,1,9.0,0.6922603401226586,4,474.0,0.28908664896837766,7,139.0,0.27243182473964656,7,407.0,0.15627239069443338,19,430.0,0.26953406998320467,17,372.0,0.1393017924130675,4,41.0,0.6159777617252845,5,24.0,0.5671637479980698,2,9.0,0.5341059612403436,15,715.0,0.11465098728511862,32,1073.0,0.07119905603745354,5,137.0,0.3906180137789808,3,60.0,0.40764066623650885,9,590.0,0.18776183955268666,32,990.0,0.10439425802379905,170,5648.0
1625.0,158,1663.0,3.5534188034188032,4.315926083370534,2,165.0,0.3232200844375069,0,6.0,0.7643610210989529,8,507.0,0.26651459632619173,1,94.0,0.41605179463379754,6,347.0,0.257766844222621,27,550.0,0.10888746590903044,12,277.0,0.2875505239730777,2,30.0,0.5487168900563477,5,49.0,0.5596811284218313,2,3.0,0.4158156831690703,16,690.0,0.07323232472733268,29,1083.0,0.041061584049180144,1,112.0,0.4703265019286007,8,92.0,0.2830534566592435,14,629.0,0.13537427532487548,25,911.0,0.19388370272380337,158,5545.0
1630.0,165,1645.0,3.514957264957265,4.213309279339974,7,188.0,0.3426381063561135,2,8.0,0.5438715656689784,9,462.0,0.3284310437587572,2,88.0,0.49301188284219394,5,347.0,0.3378443710330202,31,698.0,0.024793991202808504,3,282.0,0.28527231995202323,4,19.0,0.5348564935943656,2,43.0,0.3484714537227573,4,24.0,0.49221018739468647,16,764.0,0.17405120071909788,22,942.0,0.18670274595616823,5,123.0,0.44762075611645435,14,150.0,0.2288707897817484,21,724.0,0.08524286984734529,18,719.0,0.12863901929310995,165,5581.0
1635.0,177,1747.0,3.7978260869565217,4.088436550376182,8,173.0,0.21241066732098435,1,10.0,0.3281613163629322,4,324.0,0.3532671223483673,8,114.0,0.43586502978711544,10,375.0,0.293311165832032,35,869.0,0.02513593253687711,8,269.0,0.1953932880765737,2,18.0,0.4125312225219751,3,22.0,0.39730276864022546,0,17.0,0.7407332667944497,18,839.0,0.15795528247883975,13,742.0,0.2824473820924821,10,169.0,0.37682885842924924,19,235.0,0.22449658751026647,28,845.0,0.09972374945832348,10,760.0,0.17038092305116065,177,5781.0
1640.0,183,1761.0,3.7870967741935484,3.8127674795761823,7,120.0,0.2970556093262517,3,18.0,0.6196945827156054,7,351.0,0.3018495972908011,7,115.0,0.308599985138851,15,412.0,0.13003014527116147,29,916.0,0.1491641686967387,11,264.0,0.13687486884612368,7,34.0,0.3174795075720206,4,27.0,0.49449320864995566,2,8.0,0.6915398603692791,18,923.0,0.06678162416704284,5,722.0,0.24186865817907327,13,231.0,0.12276960070941136,19,326.0,0.12587596489187708,29,862.0,0.12482031779146599,7,757.0,0.2756566761950057,183,6086.0
1645.0,180,1688.0,3.6223175965665235,4.083388909193425,5,85.0,0.3913446790824282,0,11.0,0.7602102613601108,10,398.0,0.20423092260049502,6,62.0,0.3191613144645587,26,512.0,0.07756401639766809,20,813.0,0.23218368295950262,6,206.0,0.4730396345838528,4,48.0,0.46676755472754555,5,46.0,0.6038164918561536,0,5.0,0.6179192848872013,25,913.0,0.030216807913795066,7,756.0,0.23647965892402026,13,229.0,0.20839505630317576,19,429.0,0.08011875432644956,26,987.0,0.06704047572995375,8,687.0,0.25003587748417183,180,6187.0
1650.0,161,1623.0,3.5282608695652176,4.008843213118657,3,84.0,0.3781908448949572,1,6.0,0.5922164627538549,17,466.0,0.16764516783550049,4,70.0,0.23374044016037857,24,624.0,0.13604670443279246,13,688.0,0.17199655403698846,4,120.0,0.501373352579825,3,33.0,0.5816657046959518,3,42.0,0.302217919674506,5,15.0,0.4401996076543845,22,789.0,0.06130944909624653,7,692.0,0.29957810100119914,6,174.0,0.37686376287584217,19,524.0,0.3366347547579768,23,1105.0,0.023474794008589237,7,551.0,0.24291006489092584,161,5983.0
1655.0,156,1549.0,3.345572354211663,3.9483087489537625,7,77.0,0.3618491247306797,1,8.0,0.4184416145488193,23,571.0,0.07204468799194291,7,77.0,0.13501181429610237,28,725.0,0.12045523757720827,10,548.0,0.23459787280689293,8,88.0,0.37866060537066404,2,34.0,0.5169052349855436,2,23.0,0.4534319985274847,0,19.0,0.6943766190181161,19,683.0,0.2484090233874881,5,535.0,0.3210660866077305,2,140.0,0.4298332669557903,15,529.0,0.24845586920165558,22,1218.0,0.022782216301223457,5,555.0,0.12334667419812077,156,5830.0
1660.0,155,1328.0,2.831556503198294,4.247095828864386,13,131.0,0.2950704855529695,2,5.0,0.5158294652726201,23,576.0,0.18553603182880749,11,126.0,0.06094750744569842,30,862.0,0.03568021632763394,2,558.0,0.42953728689306253,9,87.0,0.3088423070602533,9,62.0,0.39938301826567435,2,22.0,0.5086408016503866,2,10.0,0.7630747235705623,8,661.0,0.3439106460595728,2,327.0,0.1885880451721663,7,166.0,0.2429980171549281,9,434.0,0.18697512234766306,17,1174.0,0.039885703218323056,9,567.0,0.16233593561689638,155,5768.0
1665.0,137,1078.0,2.318279569892473,4.16413810535921,11,157.0,0.2531528191503457,2,9.0,0.38480165608574873,13,468.0,0.25786402864588076,5,128.0,0.40268897016587424,29,912.0,0.013949645873610646,7,555.0,0.3534782602681363,6,71.0,0.21960884856709045,12,85.0,0.24250689643744522,6,47.0,0.5180995899072234,0,5.0,0.39417776490326467,8,645.0,0.2864083316728265,3,337.0,0.23053986388831926,6,152.0,0.2904133503963426,4,435.0,0.19141434981154165,14,1007.0,0.17532882428499313,11,544.0,0.21665127927676553,137,5557.0
1670.0,139,873.0,1.861407249466951,4.60347184099399,4,107.0,0.36055697126560965,4,24.0,0.6422701470511837,7,296.0,0.1931078696494663,0,65.0,0.6437541954782798,23,845.0,0.059676098143815005,13,601.0,0.25111159479254835,11,89.0,0.08998420229801557,10,101.0,0.14146246021432432,5,49.0,0.2703920186346481,6,24.0,0.3901221239318524,14,700.0,0.19036884159709752,8,353.0,0.34164562563410855,2,101.0,0.3252677547095708,9,464.0,0.36130802260616307,13,959.0,0.296860447999346,10,437.0,0.2747615314166669,139,5215.0
1675.0,128,848.0,1.8197424892703862,4.3549174836974025,2,109.0,0.3957740401381823,0,17.0,0.6587636691106292,4,322.0,0.18646660703800427,4,75.0,0.42797866118204325,14,712.0,0.2160585023809545,20,687.0,0.12608243946959316,9,116.0,0.14798643807093612,7,121.0,0.28864613884160856,3,36.0,0.39909870201494446,0,25.0,0.6493011447322987,16,671.0,0.08533077849771702,15,413.0,0.24338422256354644,1,51.0,0.24129396422997984,9,429.0,0.2853743827446052,14,1024.0,0.2802465388080705,10,446.0,0.2534511202768801,128,5254.0
1680.0,137,815.0,1.787280701754386,4.096889646375198,8,135.0,0.2955890889211332,3,8.0,0.48443383595293665,7,335.0,0.20305419493420612,10,108.0,0.19967734665773967,6,714.0,0.26904146080360536,19,690.0,0.06356584491798091,8,137.0,0.4094617310242029,7,116.0,0.32078612291509456,2,29.0,0.48101050737171647,2,11.0,0.6781053400907223,16,586.0,0.1680999127646785,21,499.0,0.20123513041114213,1,43.0,0.29640264342813966,6,306.0,0.17068475173657385,9,950.0,0.1849317905795601,12,466.0,0.21149304932402566,137,5133.0
1685.0,153,766.0,1.658008658008658,3.8454621448054755,11,144.0,0.24173020488414465,3,14.0,0.35618050872522666,7,320.0,0.26790724000090455,11,121.0,0.09814228129176694,7,743.0,0.24302097992295035,15,583.0,0.24510232917952568,3,124.0,0.42808849688177,13,151.0,0.17949687288336574,7,47.0,0.5130178360909265,1,9.0,0.508320017271861,16,649.0,0.16671186929918752,22,514.0,0.048664009321805236,7,68.0,0.3229008233525205,5,297.0,0.15407011798981005,10,774.0,0.16302547992036567,15,498.0,0.25877543103018663,153,5056.0
1690.0,145,900.0,1.9148936170212767,4.728521939474504,6,116.0,0.36260521950377406,4,28.0,0.6439393096486803,4,220.0,0.32470267944279585,5,95.0,0.46223081957823703,9,702.0,0.17143188524720818,7,396.0,0.4715959392878396,4,70.0,0.495069695503963,18,233.0,0.11722911633656156,4,53.0,0.3413296631055848,5,23.0,0.40690422308376467,16,697.0,0.1152626168362616,16,375.0,0.2358377584717288,14,122.0,0.46529605604330354,7,325.0,0.264120934178434,5,749.0,0.23360445232141336,21,587.0,0.0923352097192507,145,4791.0
1695.0,116,880.0,1.896551724137931,4.513939822553383,1,83.0,0.3748073798355185,1,21.0,0.7056132576429895,0,208.0,0.3374948044439904,2,74.0,0.4384420730217568,6,569.0,0.27753572796867654,2,405.0,0.3852319510091528,2,61.0,0.29228206835362086,26,355.0,0.04514766169170368,2,34.0,0.4119970904819858,0,24.0,0.6350155314373767,12,673.0,0.10639433300491005,7,251.0,0.3839836249954386,9,135.0,0.3434475979909211,9,289.0,0.31310448616051834,10,756.0,0.24434289266167453,27,713.0,0.0007046993687958759,116,4651.0
1700.0,135,1044.0,2.2212765957446807,4.369888783119573,6,95.0,0.34992948080344005,2,10.0,0.5493871619712113,6,229.0,0.20239846937434997,7,81.0,0.23638751628501936,4,561.0,0.33028006049433717,8,432.0,0.3057563024992455,8,65.0,0.33085223377805323,27,492.0,0.20561431023547017,2,21.0,0.5342031368257961,1,6.0,0.7527209005785959,11,510.0,0.21796634174412896,1,220.0,0.2863471139706026,9,125.0,0.17083531458817178,6,176.0,0.2839079056977308,15,805.0,0.13584870551937714,22,722.0,0.053741883725157556,135,4550.0
1705.0,149,1212.0,2.5569620253164556,3.957737543914375,7,97.0,0.33091894263147265,2,4.0,0.4423695584740702,7,210.0,0.26403671946176743,13,138.0,0.08091876654713867,8,591.0,0.2827404771996064,9,383.0,0.12152013318712,11,115.0,0.2351939524920036,32,637.0,0.19771711399085093,6,41.0,0.5784478843934678,1,4.0,0.5739962049375259,7,531.0,0.257506777010244,7,226.0,0.26324183748660507,6,107.0,0.31354014895141624,5,178.0,0.16626330995339184,16,759.0,0.07871906065346537,12,576.0,0.2685485885818828,149,4597.0
1710.0,151,1285.0,2.734042553191489,3.887607127993093,3,65.0,0.3860846019523262,4,25.0,0.6445334660037764,1,134.0,0.2271551670896812,11,165.0,0.4033748604992135,9,552.0,0.15920001157173366,9,256.0,0.12363077916243707,15,129.0,0.2052955843370188,36,805.0,0.14399882473983727,4,43.0,0.23916866859805422,6,28.0,0.37025943701498587,7,547.0,0.1694206774977661,13,279.0,0.25599372040029955,3,107.0,0.32448252236806097,10,215.0,0.2313356901854813,14,609.0,0.21188658406690378,6,619.0,0.38426966107544447,151,4578.0
1715.0,157,1579.0,3.331223628691983,4.30393503202033,4,70.0,0.3706613621298778,0,19.0,0.7304416713666385,2,113.0,0.3952784215571817,3,123.0,0.42214256543537265,12,442.0,0.12576146972951277,6,157.0,0.37883136706554094,7,119.0,0.3689678502048179,36,985.0,0.020343227579835026,4,32.0,0.36382014248716893,2,35.0,0.5607983094343424,15,605.0,0.12031323657224048,20,362.0,0.22385317622606157,10,99.0,0.12729160477530427,16,280.0,0.21906138157445024,11,493.0,0.3501533434877638,9,651.0,0.2291429236449797,157,4585.0
1720.0,172,1847.0,3.808247422680412,4.0106114343353205,9,104.0,0.30976496039595686,2,7.0,0.6009360632851458,7,145.0,0.3901583212046748,3,115.0,0.3102485592719107,9,300.0,0.14472665415297833,3,148.0,0.35779242499406705,10,117.0,0.2635039930062628,31,1055.0,0.06473517233082281,3,36.0,0.4580290180890509,3,23.0,0.622965394656078,19,691.0,0.17350062521540885,23,468.0,0.10749230184567943,15,167.0,0.03935600562262574,17,300.0,0.06716671567515843,9,465.0,0.2751696907587392,9,579.0,0.20007810723551195,172,4720.0
1725.0,183,1825.0,3.7941787941787943,4.000424325784389,9,117.0,0.29462350237019996,4,26.0,0.3739106367540864,14,201.0,0.4080531580301952,7,144.0,0.12683609787451827,5,310.0,0.1565471959685176,9,157.0,0.2578059135466803,16,166.0,0.20615302344921774,22,993.0,0.24022835599476758,8,55.0,0.4807380355114478,2,15.0,0.38006023219862217,20,681.0,0.16151746059379463,23,587.0,0.038447371824956396,10,189.0,0.28641262845374993,15,277.0,0.1373267731894254,9,473.0,0.15470404858226083,10,422.0,0.24837728632807415,183,4813.0
1730.0,152,1624.0,3.3903966597077244,4.05110531552122,3,79.0,0.3892323235695782,0,19.0,0.6383923369321457,16,277.0,0.1541805175512573,7,144.0,0.09166728961412883,7,300.0,0.2977113134742679,9,162.0,0.15672380167075087,19,260.0,0.28851243691525463,15,1074.0,0.23725927990772389,6,65.0,0.27447445265499315,6,33.0,0.37131967620441747,19,571.0,0.10404077371245278,23,704.0,0.15311480001028382,0,131.0,0.5390479006442892,5,269.0,0.3306417364657053,11,501.0,0.16189690932201575,6,413.0,0.16409668658720794,152,5002.0
1735.0,140,1373.0,2.8663883089770357,4.349609149545584,1,54.0,0.439418853934259,0,4.0,0.8508635695473361,15,277.0,0.03152142586471026,2,102.0,0.3821569026248158,15,329.0,0.26914637380542283,8,124.0,0.26305602920832655,19,355.0,0.3499881471507182,12,1138.0,0.1632308167919753,4,45.0,0.37703349093337396,0,31.0,0.6653876468823419,16,571.0,0.1405665209300287,20,721.0,0.17815857521333922,1,91.0,0.33969926533959016,6,285.0,0.29169795485219785,13,475.0,0.10777221665690558,8,422.0,0.1705887694917556,140,5024.0
1740.0,144,1196.0,2.5126050420168067,4.2235608025595495,8,75.0,0.32851159681093706,1,1.0,0.6105982723822647,8,228.0,0.19656535025348024,2,87.0,0.552610396009324,21,418.0,0.10553598343868598,6,145.0,0.3191104157923078,21,453.0,0.08517666297145911,12,1089.0,0.09972072052530404,1,34.0,0.4118038672604454,1,9.0,0.7588015088610958,11,622.0,0.23630497090538022,15,589.0,0.265555051038988,6,83.0,0.33637764047908747,6,274.0,0.1815709074147594,16,376.0,0.17876427866385777,9,384.0,0.10868782054232155,144,4867.0
1745.0,147,957.0,2.018987341772152,4.184480533094604,14,131.0,0.28415137911946886,3,11.0,0.4417647795742406,2,194.0,0.38453591361861555,7,108.0,0.28414261726362294,21,436.0,0.06660142315322425,11,178.0,0.1881533913764117,21,492.0,0.03370684591945138,9,935.0,0.24012005380069326,7,53.0,0.4874615059032984,1,4.0,0.49994932047425533,5,555.0,0.31057575272095994,7,592.0,0.20426025335100376,7,106.0,0.47533171172472727,9,209.0,0.14017564943226257,13,425.0,0.15142785195736608,10,299.0,0.1703381850652605,147,4728.0
1750.0,141,928.0,1.9454926624737945,4.000202011555317,16,209.0,0.27566140976725545,0,12.0,0.5760506481626754,7,219.0,0.31958009197236764,13,162.0,0.04210382839087521,18,360.0,0.17418411084667187,16,250.0,0.19883805811392896,12,425.0,0.14306105533980237,6,908.0,0.28895904329509553,10,101.0,0.38307498104983373,7,27.0,0.35257729444784114,4,415.0,0.24126947643966093,6,625.0,0.17968669293733158,7,113.0,0.352828892136823,3,210.0,0.2694111014219745,12,452.0,0.11376150663410962,4,315.0,0.2639316499852036,141,4803.0
1755.0,146,1023.0,2.2095032397408207,3.8207939869394205,18,295.0,0.18852309024793282,0,0.0,0.8308484784434194,7,200.0,0.3547338904322686,12,184.0,0.2690989964218753,14,291.0,0.3038496919711136,22,352.0,0.24631095483698723,5,439.0,0.15025893272218332,9,939.0,0.16169183503590165,9,114.0,0.18837663158546683,1,36.0,0.4030410704986041,6,359.0,0.20546055518350592,6,563.0,0.27564383447946106,13,155.0,0.26649949433651177,6,213.0,0.3159031613642274,10,406.0,0.13121495189917434,8,330.0,0.25236759685107335,146,4876.0
1760.0,141,980.0,2.0985010706638114,4.091227566661526,14,319.0,0.22943393164038023,2,9.0,0.5842333062332743,4,137.0,0.41391667736914267,2,120.0,0.6027619889587096,7,270.0,0.3235692263786671,21,392.0,0.22212850921163682,8,475.0,0.11316953625128377,14,998.0,0.08046359161377427,5,84.0,0.3103286558542814,1,13.0,0.8103132353885198,10,386.0,0.15544382198192852,3,357.0,0.31829185881883904,13,220.0,0.3136380339591727,12,253.0,0.1559301618145415,15,329.0,0.10992307620610021,10,304.0,0.1299009153200764,141,4666.0
1765.0,114,637.0,1.346723044397463,4.162119440573182,8,260.0,0.35024601627700974,3,21.0,0.6520369121755706,1,99.0,0.3896878520226885,3,121.0,0.43142448948593926,2,265.0,0.3006889698750698,18,373.0,0.10980145223342742,9,445.0,0.26188230651242467,15,961.0,0.12067649827694218,2,69.0,0.43462521251457903,1,12.0,0.7924853641552575,9,404.0,0.15501646700511162,3,322.0,0.23303644644006816,7,209.0,0.24553819445741398,14,270.0,0.11053652842063418,9,349.0,0.19289300628870357,10,155.0,0.14291051599571877,114,4335.0
1770.0,123,508.0,1.0739957716701902,4.305843807324354,2,248.0,0.31056701338873355,0,13.0,0.6810696465474694,8,123.0,0.23456878775873663,8,148.0,0.24855485783804288,9,291.0,0.32892906481512,20,338.0,0.12415438345517574,4,337.0,0.3775488573214284,12,738.0,0.29590906149960094,7,84.0,0.2538199489011875,3,20.0,0.4160603033518479,15,399.0,0.10979738308438129,8,356.0,0.15535987305877524,3,108.0,0.3601632324115771,9,229.0,0.37337589612646516,10,366.0,0.2242026832057016,5,172.0,0.2804270107887781,123,3970.0
1775.0,132,651.0,1.3506224066390042,4.301789289391757,9,277.0,0.30930791565024957,0,4.0,0.5246489909993935,11,133.0,0.06966627122563471,14,212.0,0.0435505697817816,15,351.0,0.25558794672791113,12,339.0,0.325421672785595,7,327.0,0.31432990581678355,9,788.0,0.3379472838791039,5,83.0,0.33206077948579815,8,50.0,0.2973256144886572,12,334.0,0.2094584089141194,7,321.0,0.27929490939673185,1,47.0,0.578465695491266,4,136.0,0.3561784032133654,11,361.0,0.1296226937570015,7,183.0,0.28957024764849587,132,3946.0
1780.0,125,611.0,1.2469387755102042,4.0066356472322475,15,335.0,0.24700538287523016,1,4.0,0.40522495371286005,11,119.0,0.13600630733968125,13,232.0,0.24493489916479846,19,386.0,0.10257192693346626,2,321.0,0.41834661909394005,8,356.0,0.15950620446512018,10,840.0,0.2380957781746892,2,44.0,0.4773764622573675,4,59.0,0.4900731693666193,7,334.0,0.22592075978782822,4,196.0,0.3103724545252365,2,42.0,0.4383135096496888,1,130.0,0.3103713708390416,14,313.0,0.12157449393405813,12,233.0,0.15077623738350004,125,3944.0
1785.0,129,625.0,1.278118609406953,3.95786508563522,22,427.0,0.1539742264142777,3,14.0,0.40959277674559996,5,133.0,0.35766193680945757,4,155.0,0.3656172662077243,16,459.0,0.07411832754851158,6,290.0,0.360090530834048,8,321.0,0.12115313406797149,9,765.0,0.1235169173315921,3,47.0,0.5281709564483481,3,38.0,0.5404753925087726,12,352.0,0.20378000838113833,2,80.0,0.21025914334715506,9,75.0,0.396371683192924,7,152.0,0.249082273700444,8,346.0,0.19921383480895202,12,235.0,0.09352040940289123,129,3889.0
1790.0,144,782.0,1.5797979797979798,4.334948283581126,17,443.0,0.21064707413246447,1,14.0,0.5034854232936277,8,129.0,0.39589046675139244,4,173.0,0.36654063207530757,18,524.0,0.1559488256736323,13,340.0,0.1806987551814354,6,205.0,0.2509800142811811,9,583.0,0.1344179961376213,4,64.0,0.6483682032104231,5,36.0,0.4796000557212956,14,411.0,0.1806188722230897,4,85.0,0.24755793873615858,13,130.0,0.2795135756494563,7,147.0,0.09548387281001444,10,355.0,0.29285040190996986,11,209.0,0.12682741206159684,144,3848.0
1795.0,136,692.0,1.4122448979591837,4.193068572955497,11,360.0,0.29360351223151443,1,11.0,0.8414764933386166,10,146.0,0.20601124242713273,9,209.0,0.2568461370371056,17,549.0,0.2418575758297175,15,360.0,0.08162896699655507,5,182.0,0.3122354705689617,4,549.0,0.20699447458695858,1,36.0,0.40656640597638566,2,31.0,0.36500122281698305,15,406.0,0.11967510692810711,8,114.0,0.3295373550518264,12,153.0,0.24294098264662303,5,113.0,0.17702507032274045,14,401.0,0.22185232798083074,7,230.0,0.26861213491307134,136,3850.0
1800.0,126,581.0,1.2104166666666667,4.154538378637042,5,353.0,0.24894013342437743,1,6.0,0.8012980669809383,10,137.0,0.13610811354441169,15,274.0,0.23399464540463077,10,471.0,0.22924724852590525,11,316.0,0.2793937406499182,3,187.0,0.2279535198908454,7,553.0,0.24706855111059836,3,11.0,0.49891713148547767,3,19.0,0.6376956692316555,17,363.0,0.10024627793006347,8,119.0,0.3858740350699085,7,143.0,0.18071703785047827,3,105.0,0.41029014659159363,15,405.0,0.10881216648221573,8,270.0,0.2844002311722422,126,3732.0
1805.0,139,705.0,1.4842105263157894,3.620291757307954,9,382.0,0.259651662570593,3,10.0,0.6485558595421907,8,131.0,0.21602516705221586,20,370.0,0.0908410674603304,5,429.0,0.1290047544092534,5,262.0,0.2621041686120281,10,223.0,0.1524037523171424,13,609.0,0.18486010865524852,2,11.0,0.5843992419877931,3,17.0,0.6519973886237536,15,403.0,0.2154321651723567,7,97.0,0.1872828677957687,6,102.0,0.40571943761365525,8,132.0,0.3083408789616122,16,353.0,0.09892906052756271,9,269.0,0.18609833429776615,139,3800.0
1810.0,148,816.0,1.6929460580912863,3.7882220079631765,9,346.0,0.2481266145004458,2,11.0,0.5133055080465424,8,127.0,0.3474350161884614,19,400.0,0.17809981219902946,9,450.0,0.15214254326893858,2,231.0,0.21951927730022305,17,296.0,0.18982389153931353,14,553.0,0.10220670692618038,4,27.0,0.7031991324590209,4,22.0,0.5177136194335158,14,457.0,0.21678013322824186,4,102.0,0.19217658532519397,2,100.0,0.44754615899660405,14,186.0,0.1644219404047431,14,333.0,0.21128202466015494,12,241.0,0.1436460172842619,148,3882.0
1815.0,146,807.0,1.6847599164926932,3.9210986438026105,8,249.0,0.2254881570270601,2,16.0,0.7477372676293822,8,129.0,0.318574660363836,12,350.0,0.2659099655452741,12,504.0,0.15344336313749257,8,227.0,0.1326413942510652,23,395.0,0.17268398008458638,15,394.0,0.13649860739946887,1,22.0,0.37031245946627556,2,24.0,0.3283667086971755,8,432.0,0.15836306162369976,7,118.0,0.34981883854467954,8,98.0,0.33104521710608303,15,220.0,0.06467006467609548,9,352.0,0.22073434774590517,8,278.0,0.22948845705918833,146,3808.0
1820.0,153,985.0,2.02258726899384,4.4752478425633,7,158.0,0.26775374315867506,0,4.0,0.8634963210559117,4,99.0,0.37800824425307095,5,350.0,0.27242382452990527,15,501.0,0.1674801020712538,14,286.0,0.2056417790222902,29,525.0,0.07903553066368417,8,381.0,0.19035083269002417,4,20.0,0.4262954768247034,3,24.0,0.6645746080515031,11,356.0,0.12487162751800014,7,128.0,0.42563853270706037,14,156.0,0.13293412709676378,13,185.0,0.249990822860614,7,339.0,0.19673573430433622,12,309.0,0.23488169468640577,153,3821.0
1825.0,151,1183.0,2.4442148760330578,4.423537489227727,1,153.0,0.3937736196813026,2,6.0,0.7333416075299848,8,93.0,0.32151862708126766,9,389.0,0.15732663072943137,12,416.0,0.2732638851400516,19,374.0,0.33192744120682083,32,679.0,0.00018924835836794975,7,408.0,0.28294809762700185,2,23.0,0.5413824638293764,1,16.0,0.7159890653010155,10,279.0,0.17299520543927277,4,86.0,0.33528077218989766,11,183.0,0.2527660995248914,7,199.0,0.36851744642112166,15,385.0,0.12976336381283948,11,314.0,0.1222651708002208,151,4003.0
1830.0,165,1475.0,3.079331941544885,3.7895173792908943,7,150.0,0.33830247350795717,3,7.0,0.3684202967173749,8,100.0,0.29324121997607805,9,370.0,0.2659317219366879,11,449.0,0.1814497174649634,20,466.0,0.09041421064893608,32,843.0,0.022155848928583598,15,467.0,0.19034698894763125,3,24.0,0.647056467150556,3,18.0,0.48149298994381023,7,234.0,0.3675418440471132,6,69.0,0.24102585468861376,5,146.0,0.4070685745314773,7,224.0,0.2673357166302142,16,401.0,0.08111218744522514,13,254.0,0.11417556622027974,165,4222.0
1835.0,142,1288.0,2.6889352818371606,3.8266281905948563,8,139.0,0.23731080735552962,8,37.0,0.34673186138366796,7,91.0,0.36729685888017427,5,255.0,0.34262769873756954,13,510.0,0.1305354232971097,18,479.0,0.04654722223717622,26,876.0,0.16678435920453424,15,422.0,0.07643960239699862,1,17.0,0.5025335744355053,1,18.0,0.3641011569236007,1,203.0,0.44522025394581544,2,74.0,0.31081542295221637,4,156.0,0.29103430272976627,14,288.0,0.13137755715907512,13,327.0,0.08437603015299819,6,258.0,0.16935217894957066,142,4150.0
1840.0,146,1160.0,2.3868312757201644,4.450583786611158,6,101.0,0.32062159299532217,8,77.0,0.49772780344384376,11,110.0,0.28214722476325854,5,254.0,0.25610127603425586,10,479.0,0.09086614122809435,10,467.0,0.27102280578150584,17,781.0,0.2709841189806795,11,362.0,0.273809939327751,2,12.0,0.518201988061739,3,19.0,0.6559629494662788,6,161.0,0.2878967261263906,6,73.0,0.3569374098093138,9,188.0,0.217580906522259,20,374.0,0.1740355860377375,14,399.0,0.19203418924742435,8,263.0,0.25091001249265416,146,4120.0
1845.0,132,895.0,1.8607068607068606,4.082924844244198,2,98.0,0.30635804012330786,2,78.0,0.48098845679729196,11,132.0,0.28811961494768434,6,282.0,0.1941467439332733,11,365.0,0.1285407942840422,7,507.0,0.31414975406307233,12,768.0,0.28857425205858617,5,236.0,0.34974841400318707,2,12.0,0.46243866310681386,2,15.0,0.6866452016565908,8,162.0,0.1787896642682224,9,84.0,0.21402175344064864,10,193.0,0.10334738918806789,26,494.0,0.19867741976318687,12,457.0,0.22247206588799928,7,243.0,0.3016658465350039,132,4126.0
1850.0,140,954.0,1.9710743801652892,4.276681888015781,8,114.0,0.30057238879612214,1,29.0,0.38866164938325326,3,89.0,0.4060639986484623,12,332.0,0.24831412546846418,8,288.0,0.2409787955180688,13,559.0,0.15045680239492065,9,819.0,0.20318068714527437,2,221.0,0.3788030914649939,2,17.0,0.691759769605408,4,19.0,0.5305941667128091,11,149.0,0.26159235103239376,12,94.0,0.25536922954812075,9,144.0,0.35544236924206934,27,627.0,0.15014644401664945,15,522.0,0.1632325464791625,4,178.0,0.20277263811216487,140,4201.0
1855.0,129,1064.0,2.1494949494949496,3.7589315961009637,9,121.0,0.27663009511640296,3,14.0,0.6225514388314405,3,74.0,0.36553661899766715,12,330.0,0.24187625008623245,7,260.0,0.33950302381126807,14,531.0,0.07974410525753223,8,778.0,0.15892308475801464,7,223.0,0.24565161319527856,0,2.0,0.8739604634993889,1,12.0,0.3922643100367773,5,148.0,0.22996818354342977,7,113.0,0.12793634808332163,7,148.0,0.31471433859456477,30,771.0,0.024357792014466834,14,525.0,0.08241167357797348,2,182.0,0.18397134565635775,129,4232.0
1860.0,143,1203.0,2.4551020408163264,4.069220122845877,7,98.0,0.30027444814945037,1,10.0,0.6242515986346204,7,85.0,0.17686018933415545,9,255.0,0.24345955736841876,4,244.0,0.2719211666175358,12,408.0,0.21911623325551785,5,644.0,0.29652182838933683,13,277.0,0.22001205028876464,2,4.0,0.7381574292056461,3,18.0,0.6539651458249006,9,151.0,0.15179766165217087,8,124.0,0.17252861035577755,6,149.0,0.1958396981409549,35,942.0,0.12061610704326639,15,462.0,0.20960091022671096,7,202.0,0.2938400277729117,143,4073.0
1865.0,147,1212.0,2.443548387096774,3.9405237432693343,4,113.0,0.2897424937301049,3,17.0,0.6752776073714727,8,91.0,0.29253961079795654,9,246.0,0.15316555420821598,8,239.0,0.1856393507991032,10,359.0,0.27876730261342464,3,607.0,0.27651084809551124,13,277.0,0.12477242676958736,2,5.0,0.3957503383346977,1,11.0,0.7372567817765692,11,150.0,0.14299346086642908,10,142.0,0.25095454456360733,10,171.0,0.19722737919946473,30,1005.0,0.16740434389400202,12,416.0,0.3009720040988856,13,256.0,0.2526814817463265,147,4105.0
1870.0,156,1148.0,2.273267326732673,3.9018396059130893,9,142.0,0.29395320561001814,5,34.0,0.38310247228294025,1,69.0,0.54179083347472,7,282.0,0.1640144678143443,16,305.0,0.09394214821125027,9,398.0,0.18643262005999017,9,628.0,0.19189096634166078,10,218.0,0.2742481661319675,7,29.0,0.3685761078608347,3,13.0,0.5487948010518681,11,131.0,0.22316784983575325,8,142.0,0.3932685231099944,17,240.0,0.2967454444531239,22,935.0,0.11839850457186739,8,414.0,0.19758407628642546,14,267.0,0.10436925849899695,156,4247.0
1875.0,161,1093.0,2.1643564356435645,3.6994584341095105,10,153.0,0.2079070199124812,3,37.0,0.3723087196236067,5,85.0,0.5182482289970943,13,333.0,0.11801523585738952,18,336.0,0.17315799790128686,10,445.0,0.18092142014695442,11,586.0,0.15628617834609823,5,248.0,0.3413999835211933,4,48.0,0.3121059473472882,2,20.0,0.36582435233573346,10,128.0,0.2413573554497556,5,152.0,0.26186237974966975,24,346.0,0.1560325012638521,17,765.0,0.1333664355611148,8,447.0,0.1987898310577521,16,254.0,0.1129106159113497,161,4383.0
1880.0,158,1052.0,2.095617529880478,4.0043014226527545,7,128.0,0.3145195137336396,2,19.0,0.6791502703022588,9,123.0,0.4951855638089466,13,327.0,0.07965607237745094,17,400.0,0.2370303568273381,12,430.0,0.10878188662360871,7,463.0,0.26628710398422534,7,271.0,0.3009449308811136,3,34.0,0.5657511143667326,3,24.0,0.6535023404292577,8,139.0,0.14580852700057098,9,186.0,0.1479338343798712,27,470.0,0.03515313716945463,7,804.0,0.31567660925153396,15,509.0,0.12440491208275324,12,269.0,0.26615529524852843,158,4596.0
1885.0,152,1112.0,2.2063492063492065,4.124877362282011,2,120.0,0.32989431798826985,1,14.0,0.697331367090289,9,127.0,0.22948278007173886,11,247.0,0.2872312030359073,20,492.0,0.137705540170345,10,341.0,0.22774452747130935,5,437.0,0.24930046312153673,14,326.0,0.06100903633825344,2,31.0,0.6379212280554057,0,12.0,0.8506851570078733,7,126.0,0.2337549332733592,15,252.0,0.10448340750243447,27,609.0,0.03301778825640068,7,810.0,0.3663130426333171,14,506.0,0.19299911701471423,8,292.0,0.34515980822283426,152,4742.0
1890.0,163,1205.0,2.3956262425447314,3.9642104217958813,8,137.0,0.2883501707720613,4,22.0,0.3723429652916141,6,102.0,0.1538943173205979,4,197.0,0.4511251053959166,20,595.0,0.04782237248549738,6,357.0,0.3418590260359752,9,457.0,0.18542813020530743,20,413.0,0.007467465311446697,4,34.0,0.39330090977449855,1,1.0,0.5928888468188981,10,126.0,0.2822254286395424,16,286.0,0.20798472971831422,21,643.0,0.20061139433220468,7,744.0,0.1709719037628382,12,428.0,0.2611517999353205,15,341.0,0.2682439435222699,163,4883.0
1895.0,155,994.0,1.9528487229862475,3.8806271735344913,10,147.0,0.27772264480744807,2,24.0,0.32179579534512087,6,110.0,0.17958278581924322,2,201.0,0.2883986527436184,17,593.0,0.03839151414867824,9,385.0,0.2902001178406807,15,529.0,0.12400932593921112,21,435.0,0.06621836137843037,3,30.0,0.3586555921200879,1,8.0,0.5293110403224948,9,128.0,0.24300109088860178,13,261.0,0.2757784811221261,11,564.0,0.3582195760538493,9,602.0,0.21931819288312976,11,362.0,0.17927580937181956,16,356.0,0.14400288803634645,155,4735.0
1900.0,151,892.0,1.7768924302788844,4.084257211610701,6,119.0,0.3151704398386428,2,17.0,0.6734936917738584,8,102.0,0.4048072294883909,7,226.0,0.21477492418572058,15,510.0,0.08511283887925136,11,363.0,0.2096384369870221,21,630.0,0.18111569963558513,11,360.0,0.30661227280373893,2,20.0,0.6665125447862823,1,11.0,0.8002518531936641,12,177.0,0.10403713941833244,11,255.0,0.16344914721303583,10,580.0,0.2074998815546356,8,405.0,0.30044071103340464,9,386.0,0.1638617607753603,17,334.0,0.08643561096019124,151,4495.0
1905.0,135,766.0,1.5537525354969575,3.9582671010736212,4,130.0,0.2942746706850247,2,13.0,0.6562599483946829,5,92.0,0.48537971325405815,9,231.0,0.12478688404685116,13,399.0,0.2548340786636138,12,292.0,0.14540238801738117,27,755.0,0.20169371331967564,7,401.0,0.3156708316964167,2,18.0,0.6907900002728873,1,6.0,0.7860773104331593,13,218.0,0.09890676069941079,8,301.0,0.13669561075184206,12,636.0,0.13436922600333054,3,408.0,0.2986781786357618,7,411.0,0.20290096501633062,10,347.0,0.13319999373032476,135,4658.0
1910.0,148,1030.0,2.0977596741344198,4.190085814457257,9,158.0,0.2747564115160315,5,27.0,0.36848704774158464,2,51.0,0.40367364479348034,6,185.0,0.4023570236589357,6,421.0,0.35464827078183747,6,307.0,0.22203845431587088,34,905.0,0.08942317455942819,10,440.0,0.14163325265740898,4,28.0,0.38869226442382876,2,11.0,0.6033898114417645,14,238.0,0.2296222985642314,10,341.0,0.2749729011398759,10,603.0,0.25262349691209096,8,394.0,0.2170491158516892,13,463.0,0.23236899978517397,9,381.0,0.2604446161909538,148,4953.0
1915.0,174,1396.0,2.7975951903807617,4.151313313667739,11,163.0,0.2770177058482543,3,31.0,0.3929117387043836,5,35.0,0.27213547017628387,3,101.0,0.42973060051175793,6,406.0,0.26053623395014863,9,317.0,0.23546213054910092,36,1083.0,9.559785224467651e-05,11,425.0,0.04049865665885821,9,63.0,0.32282092768902937,5,30.0,0.3781772904334727,20,296.0,0.20050605666350843,17,402.0,0.20210309011011454,6,487.0,0.3141149638154095,12,356.0,0.20605493031759398,14,465.0,0.2888767438884558,7,359.0,0.29481306603768925,174,5019.0
1920.0,174,1611.0,3.2284569138276553,3.784180672142629,6,129.0,0.2884039669778144,3,22.0,0.609939195386184,5,40.0,0.342344567314917,1,101.0,0.2860266194779561,13,459.0,0.17682081881077097,14,363.0,0.1644763347805255,30,1109.0,0.042920723237305065,6,341.0,0.250982823210036,9,108.0,0.43195316538072537,0,20.0,0.4145841565861217,26,411.0,0.12151510369599597,22,500.0,0.06520692553918274,7,508.0,0.2521000668145827,12,242.0,0.1208614532441671,15,521.0,0.2034440707443088,5,285.0,0.21413813986846117,174,5159.0
1925.0,177,1714.0,3.434869739478958,4.205231882891564,4,81.0,0.3900575814753159,0,10.0,0.7432231985347766,6,45.0,0.5534360003464376,8,129.0,0.22795142955582684,13,477.0,0.2619653084523699,24,462.0,0.05961412588030211,20,958.0,0.22266047476185735,1,313.0,0.5162490233464618,9,153.0,0.44458434990005424,0,0.0,0.773646634866369,31,493.0,0.019915769803117413,27,634.0,0.04032748385308455,9,543.0,0.20838901890362876,2,216.0,0.3183288465978878,19,604.0,0.1542158631516285,4,277.0,0.22849417072445907,177,5395.0
1930.0,189,1780.0,3.603238866396761,3.887063630185492,1,80.0,0.4534932830513696,1,5.0,0.6488906816246619,2,43.0,0.3890453319875401,8,135.0,0.261243250899667,19,550.0,0.203667451933604,32,601.0,0.12898583841660557,11,688.0,0.3497044869975426,7,335.0,0.3765347522575494,9,142.0,0.24888536159552466,1,5.0,0.550770888189894,25,513.0,0.0969569311998409,28,776.0,0.18448832913977214,12,508.0,0.1276877458451987,7,203.0,0.35066249386111426,19,608.0,0.09616001752288462,7,295.0,0.26512800815657517,189,5487.0
1935.0,179,1740.0,3.5510204081632653,3.6868570408512684,6,86.0,0.3063453196913972,0,3.0,0.338299498481994,3,31.0,0.25639678384951387,5,98.0,0.49171653851767017,26,667.0,0.11158225486234466,31,744.0,0.1713630741244422,4,562.0,0.37157822590544765,10,305.0,0.14427885105560062,3,62.0,0.30701398334770846,4,20.0,0.5663317858181457,15,561.0,0.23075996712663238,26,820.0,0.18190863338203894,11,400.0,0.20611815587137847,13,249.0,0.2889685291716764,13,514.0,0.09877923587693346,9,281.0,0.1784562648091259,179,5403.0
1940.0,178,1883.0,3.788732394366197,3.8941794734903072,6,93.0,0.29953903599250054,2,10.0,0.44213538773562217,5,38.0,0.3391480973537898,4,103.0,0.33280120379973593,32,820.0,0.007100806128424768,31,892.0,0.13337492818680036,6,436.0,0.3565915267252276,10,229.0,0.18149614704237535,2,61.0,0.5227900971709368,0,19.0,0.6432549008415991,14,631.0,0.2583963987290991,22,754.0,0.11392396254069978,4,420.0,0.30228672268771306,17,330.0,0.06198225691983709,14,398.0,0.18822626184557362,9,231.0,0.1507627040164757,178,5465.0
1945.0,164,1744.0,3.49498997995992,3.850202997841087,3,67.0,0.3869333927073672,2,13.0,0.5404520923804376,6,51.0,0.5273104769484531,9,135.0,0.2630965479904028,30,883.0,0.03774855465597368,26,925.0,0.04769992336156132,5,453.0,0.38540487284240904,4,222.0,0.279348533149478,8,84.0,0.4329115673771711,1,6.0,0.5861814508037375,13,656.0,0.1617646717102593,14,798.0,0.14125285084190772,9,450.0,0.27825062458572014,23,439.0,0.17172498988806095,6,423.0,0.2166835406038093,5,233.0,0.13367217765186007,164,5838.0
1950.0,175,1612.0,3.2764227642276422,3.929699511939318,4,36.0,0.4728350835423812,5,31.0,0.6334117554805865,10,84.0,0.24527249600440626,11,148.0,0.06863351946754545,22,877.0,0.18643157762487833,21,840.0,0.21339298932892037,8,461.0,0.4406475615986844,9,236.0,0.3091495834838752,6,85.0,0.2121220027214815,1,13.0,0.40947272973477195,20,738.0,0.051905403252571244,10,850.0,0.21793310485758044,10,408.0,0.29542103950801535,23,558.0,0.23743024007450828,7,407.0,0.22872589443379557,8,244.0,0.23263571318768,175,6016.0
1955.0,171,1558.0,3.1097804391217565,4.0315934302059695,2,30.0,0.406596708430743,8,62.0,0.39377029867106556,8,102.0,0.13708614636196903,10,141.0,0.2578567073230316,19,974.0,0.20856680585503357,12,853.0,0.21381658781822244,15,508.0,0.252349667096437,13,288.0,0.18451332796803027,1,58.0,0.4433188425445189,3,18.0,0.6309041835161197,21,834.0,0.03483956077703479,10,801.0,0.29791815257606713,8,259.0,0.21113382101828607,23,669.0,0.1980403386892761,10,377.0,0.16719459095547454,8,236.0,0.28611857698868326,171,6210.0
1960.0,174,1594.0,3.1626984126984126,3.868217112315973,7,42.0,0.3899321829694509,7,76.0,0.2656518697232134,3,73.0,0.4324646526801205,4,110.0,0.51289273005177,18,1064.0,0.10153679709493849,11,893.0,0.17789324158658443,20,597.0,0.07525575069855701,18,296.0,0.034323625281961055,3,58.0,0.40886332736204467,1,14.0,0.6728433431097314,27,938.0,0.14104707937741387,8,655.0,0.19517698862143856,4,236.0,0.29505423573227635,26,794.0,0.0487809974146808,11,293.0,0.24450340306811513,6,180.0,0.18030940252539618,174,6319.0
1965.0,172,1591.0,3.1693227091633465,3.6994787124703996,8,65.0,0.28052393815021837,3,53.0,0.38109013969899336,3,77.0,0.4871091232735788,2,101.0,0.29004665371449323,17,1143.0,0.07349082437287889,9,830.0,0.1155582227440361,16,601.0,0.09201368911556533,14,216.0,0.10952754551270338,8,89.0,0.45419838381220173,3,14.0,0.4018317878904964,30,1075.0,0.1418879500737413,10,473.0,0.16809507290260123,7,253.0,0.3098911661507471,25,791.0,0.16761660219529118,9,315.0,0.2325861030236518,8,209.0,0.105466560278157,172,6305.0
1970.0,152,1361.0,2.7494949494949497,4.083726644700283,5,56.0,0.37054173633692306,3,32.0,0.619844560267204,9,101.0,0.36658042825338016,7,104.0,0.19111730375952288,24,1242.0,0.05694543324888015,8,675.0,0.24834402404522726,6,423.0,0.39293692802037744,6,244.0,0.2983031552679061,3,85.0,0.5775446764913387,2,21.0,0.431831740721648,28,1112.0,0.06569368296758125,5,486.0,0.2307552690562532,15,310.0,0.2572434268439261,15,669.0,0.2741434206654194,8,316.0,0.12941780512334203,8,242.0,0.1255116326988183,152,6118.0
1975.0,152,1225.0,2.5,4.1188950965459314,2,55.0,0.37237862716339337,2,27.0,0.5047734805441711,8,112.0,0.3081771168468628,9,120.0,0.08097543972561257,30,1384.0,0.11939091374271171,6,601.0,0.32281084068543076,0,304.0,0.28731280222283806,6,267.0,0.2606467410192039,0,23.0,0.49869990598950453,2,14.0,0.6410418076390024,28,1037.0,0.059041054754054044,9,495.0,0.31036830701205415,20,394.0,0.0968093455195542,8,485.0,0.27335191307886586,11,304.0,0.16079844777269578,11,242.0,0.23109706889935788,152,5864.0
1980.0,161,1333.0,2.7484536082474227,4.277863839022841,8,61.0,0.33350523112413055,7,45.0,0.2395857157813957,6,77.0,0.4578561938002845,5,97.0,0.34916362438727555,36,1555.0,0.14978342985303883,7,614.0,0.20680476273220935,1,301.0,0.22276009654651444,13,315.0,0.15970534903441735,1,18.0,0.41668224524630904,4,25.0,0.6394406999810741,16,1131.0,0.19851009815877735,9,443.0,0.2961491647730001,23,418.0,0.08689724127845769,6,347.0,0.3214360452167604,12,299.0,0.11063323369238268,7,164.0,0.30898046186722794,161,5910.0
1985.0,160,1243.0,2.5523613963039016,3.98156496244458,6,73.0,0.3289091327229065,6,65.0,0.34600615558960524,4,72.0,0.4215416071938084,4,104.0,0.2711284622385863,30,1571.0,0.08407647474699702,12,665.0,0.07957080293851704,6,325.0,0.12246967328034337,20,398.0,0.04127959005548738,8,47.0,0.26147157170404994,3,23.0,0.34853484787821876,14,1192.0,0.2439934976211704,7,311.0,0.3232871703350185,14,366.0,0.28292750130182853,3,325.0,0.3948411200166965,17,272.0,0.18978655678060782,6,127.0,0.20363288081710948,160,5936.0
1990.0,155,1050.0,2.1920668058455113,4.065176229083732,3,47.0,0.48165076046516314,3,41.0,0.569788506729878,7,75.0,0.28412609811011497,10,127.0,0.2632321368668198,26,1429.0,0.09702462947933443,12,622.0,0.23534438226536605,6,273.0,0.2633971270850591,20,440.0,0.14919510544843298,12,100.0,0.40446828546308106,7,36.0,0.3552886128488408,9,1128.0,0.15086002722607103,3,324.0,0.24648337583950783,11,283.0,0.30676564727750344,7,324.0,0.41149561712284877,14,329.0,0.19311999483031608,5,141.0,0.20135806248145216,155,5719.0
1995.0,149,1002.0,2.1548387096774193,3.898157412992643,5,33.0,0.4803136727769687,2,35.0,0.549528244422251,10,87.0,0.10600771216346085,15,196.0,0.2556687812603681,16,1468.0,0.21686010320445784,7,430.0,0.27891302044392435,3,159.0,0.4754629865630376,15,416.0,0.226219915317029,13,165.0,0.25384859565146306,3,44.0,0.2990975146322776,13,961.0,0.09075015049490183,9,363.0,0.25217489579953334,2,285.0,0.29940274728232075,13,367.0,0.27852343126122053,14,367.0,0.1356554011467925,9,158.0,0.36246080884975024,149,5534.0
2000.0,158,931.0,1.96,3.9045585511228023,3,29.0,0.43542461610672006,8,52.0,0.38634753413366785,7,92.0,0.33620372461150927,15,230.0,0.35590850822642833,14,1529.0,0.22919931206559135,4,413.0,0.36413981788042743,7,179.0,0.16727316552414495,13,453.0,0.10960918447606927,14,190.0,0.19872663076440034,3,29.0,0.49483154667260026,10,827.0,0.1536982823218735,10,320.0,0.33329459009102735,8,314.0,0.30488258158113657,20,448.0,0.10988247675802894,13,365.0,0.09486986930301058,9,171.0,0.28671178680622544,158,5641.0
2005.0,141,688.0,1.4127310061601643,3.938968138476221,6,28.0,0.514881371900691,7,64.0,0.23677282527339596,3,93.0,0.48585875220653446,12,201.0,0.2629953388221343,9,1432.0,0.13695861610627486,7,436.0,0.2763731983234694,11,222.0,0.10797885167421352,10,513.0,0.10068055650440529,6,168.0,0.30477083941524624,1,19.0,0.643821301573411,8,756.0,0.2797787303948951,6,210.0,0.3286092984194821,14,372.0,0.16374119438975593,18,453.0,0.05785324868263111,14,301.0,0.10002743792267998,9,153.0,0.24277646574346548,141,5421.0
2010.0,127,683.0,1.4111570247933884,4.290862371665661,8,62.0,0.41820534171029866,1,43.0,0.372967495127637,9,99.0,0.3832462881463332,7,224.0,0.12428956012731318,10,1112.0,0.11523153621555637,8,378.0,0.23120852685050078,17,292.0,0.2039184529141364,8,492.0,0.1444645116860445,2,140.0,0.46231943284766946,1,12.0,0.8311689377438257,5,732.0,0.37867550549500445,7,209.0,0.22135002418512714,14,390.0,0.0624166018386023,9,347.0,0.32001483839244504,11,276.0,0.2604492505522648,10,134.0,0.2092250108928273,127,4942.0
2015.0,126,667.0,1.3668032786885247,4.506402526826159,7,71.0,0.3854872801992519,3,30.0,0.5067018340523396,13,124.0,0.121924702443169,9,243.0,0.1753456471443391,9,871.0,0.18642803045666684,4,234.0,0.22333890634594247,23,396.0,0.26724864721640873,6,365.0,0.288936239846836,6,156.0,0.3798721034172701,0,2.0,0.6333318976707728,12,765.0,0.25154440646505144,8,241.0,0.1269514514138136,13,346.0,0.23831316855854795,3,369.0,0.4231253944074509,4,263.0,0.33270971172067765,6,144.0,0.31742480459890626,126,4620.0
2020.0,138,811.0,1.6584867075664622,4.139417003375178,3,41.0,0.4990376816112372,1,24.0,0.5328696738897226,15,142.0,0.08089715266436791,13,246.0,0.301859832110669,4,875.0,0.3139633733683992,4,208.0,0.28783861205154293,26,514.0,0.09531380453147059,4,358.0,0.3178570788559332,12,202.0,0.23120755756105857,3,8.0,0.575920481867751,12,709.0,0.13133651064965984,10,235.0,0.11762766589818903,7,256.0,0.36499596703401355,9,402.0,0.23843452458429928,7,233.0,0.2880169650436324,8,135.0,0.29271605721797933,138,4588.0
2025.0,154,1061.0,2.1565040650406506,4.039839666229367,2,36.0,0.3942084530101609,4,33.0,0.6074655226262974,7,176.0,0.165972566060939,12,216.0,0.19828418056785976,8,863.0,0.4074509460896971,9,243.0,0.3705388911389208,30,659.0,0.01282164088907989,6,377.0,0.2658137120048652,13,217.0,0.1845752689393595,2,12.0,0.44782370657636195,16,574.0,0.10271460751883923,5,159.0,0.44764580544815324,2,255.0,0.31801856695807357,11,377.0,0.12660506472978872,13,272.0,0.2200539705839449,14,168.0,0.15735303036396256,154,4637.0
2030.0,161,1158.0,2.302186878727634,4.082005981819446,7,56.0,0.4076753292371426,3,29.0,0.3362409657307427,8,175.0,0.3212383385686455,11,245.0,0.10210964460640683,14,920.0,0.27393665926608907,14,297.0,0.26708798782964843,24,694.0,0.17452223116750762,8,353.0,0.09221746726797528,10,166.0,0.2578196375906978,2,17.0,0.7171857121378115,12,340.0,0.24492803089467782,0,108.0,0.42856168014940743,7,278.0,0.21866684762556937,8,272.0,0.24787463243042557,16,303.0,0.10016438523178409,17,214.0,0.07532094319942212,161,4467.0
2035.0,135,825.0,1.6467065868263473,4.127055094052588,5,65.0,0.41516732747093743,3,20.0,0.43549724377544935,11,190.0,0.3349855737052595,9,258.0,0.16797855693464692,17,860.0,0.10748268051144716,14,285.0,0.08984757490011747,14,602.0,0.25752312797893084,6,271.0,0.4044907315929662,4,184.0,0.3651354006527514,0,4.0,0.8737365708042802,7,361.0,0.3087036681095901,3,111.0,0.26684786639369845,6,258.0,0.20512437595965527,6,297.0,0.27716764584607534,16,302.0,0.10649001484949384,14,221.0,0.2176217214331724,135,4289.0
2040.0,132,701.0,1.4161616161616162,4.050634911284015,3,36.0,0.47763813513250597,5,40.0,0.5212544003464543,11,178.0,0.13992385103663108,16,293.0,0.34738101313810754,19,688.0,0.07840978695747262,15,242.0,0.20743816425374112,5,440.0,0.2511845236282894,1,241.0,0.4165268566458029,7,212.0,0.281752142004312,2,6.0,0.6274677182712167,9,357.0,0.22907971958180712,9,141.0,0.13484237045664432,3,180.0,0.2970481725409755,9,324.0,0.18544347533382205,15,266.0,0.22246865149640277,3,225.0,0.25865451267881695,132,3869.0
2045.0,145,813.0,1.6195219123505975,3.661038096332435,3,24.0,0.4511381485894933,1,32.0,0.6187435787090619,8,196.0,0.11157992393942155,20,381.0,0.26308042349656613,16,500.0,0.10772724525016347,16,292.0,0.21692388652533298,7,359.0,0.24920773448540476,7,262.0,0.32939278117117415,9,210.0,0.19258881411440795,1,8.0,0.48338974863417894,10,328.0,0.15424124841039968,10,152.0,0.08003074425599857,1,146.0,0.342073747018853,16,391.0,0.09765247450591999,12,287.0,0.3109733317085026,8,229.0,0.25276865275678634,145,3797.0
2050.0,143,874.0,1.7238658777120315,4.03863007735864,8,45.0,0.44712707549006003,1,10.0,0.5912327490792978,8,189.0,0.23000605873264823,25,491.0,0.14601997140635317,9,540.0,0.16574974604668866,9,330.0,0.2240907486875597,1,334.0,0.4037015209300893,13,319.0,0.21976278966677465,8,148.0,0.22798359187565168,2,15.0,0.7538759848850399,9,228.0,0.2514938109873038,6,108.0,0.3835309189935636,6,161.0,0.28809113870859876,16,389.0,0.18638993896452888,8,329.0,0.1926836777576131,14,283.0,0.18076342033173207,143,3919.0
2055.0,141,811.0,1.5870841487279843,3.7328618226442734,4,51.0,0.42819014082321516,4,20.0,0.352582156438666,12,206.0,0.21746145995426086,19,516.0,0.05237906856789231,8,525.0,0.20024782143963463,12,335.0,0.18629861784193863,8,341.0,0.3630271089371301,16,331.0,0.14643177562622336,3,142.0,0.267429801286553,1,5.0,0.7534929812160847,5,240.0,0.22183422998767552,2,111.0,0.3913789335902785,8,155.0,0.15222685174258674,12,329.0,0.2535759112988047,11,319.0,0.15212117824062452,16,307.0,0.06106964319433367,141,3933.0
2060.0,157,896.0,1.703422053231939,4.381197062939155,4,32.0,0.48894652327077315,1,27.0,0.5842922278264432,9,190.0,0.2998299261008274,15,412.0,0.19990287247306066,9,450.0,0.2837468121708549,18,396.0,0.1473400709545064,14,396.0,0.11503836653518627,16,293.0,0.12845490137791576,8,164.0,0.30593452055421594,2,10.0,0.644668333499144,9,260.0,0.14349109834485557,7,133.0,0.3084364190071619,5,125.0,0.24363915372050518,11,358.0,0.14233472728118454,15,324.0,0.24911547546045093,14,284.0,0.17910280632391254,157,3854.0
2065.0,164,1050.0,1.9848771266540643,4.301102800891363,2,27.0,0.45343105986107596,2,16.0,0.702166900935328,7,195.0,0.17026601352721554,11,328.0,0.2971513184476908,5,265.0,0.3670162012974021,25,512.0,0.11995791198258093,20,487.0,0.03959339220138559,14,212.0,0.14243839509308662,9,166.0,0.32173515905554273,0,6.0,0.5292688902011098,13,244.0,0.10935888324542495,8,140.0,0.12568120293273696,6,154.0,0.27847080424835974,13,423.0,0.11613104939351072,21,384.0,0.20020651716249002,8,279.0,0.26856757741651066,164,3838.0
2070.0,151,981.0,1.9273084479371316,3.886603217167412,7,38.0,0.42939090378797423,3,15.0,0.3868851011892632,8,180.0,0.19314145912681407,2,333.0,0.2722422184936878,4,240.0,0.2752525365832078,26,564.0,0.15253347447515395,14,490.0,0.24191302302375306,4,229.0,0.2501759825958668,6,124.0,0.22865782670887252,2,14.0,0.6835209539443314,8,204.0,0.23013985729529032,10,123.0,0.2650351161544114,11,175.0,0.16517954758003106,15,486.0,0.23507047484659183,23,427.0,0.0857252487799035,8,311.0,0.20881055876556917,151,3953.0
2075.0,147,876.0,1.748502994011976,3.9857394839114395,5,45.0,0.38672149832154734,6,37.0,0.35796635757829004,12,189.0,0.1994092137195756,7,316.0,0.22822207447871795,9,274.0,0.21200300032896294,21,538.0,0.24028210666835334,4,364.0,0.48569496979738047,8,221.0,0.37917939314961496,4,136.0,0.24059235478430802,0,4.0,0.8368892010621063,6,197.0,0.23652031753485842,2,118.0,0.3114552511544242,15,243.0,0.11065056892453438,16,477.0,0.2059964200786868,26,439.0,0.08550192895809453,6,301.0,0.1904042080452202,147,3899.0
2080.0,150,844.0,1.6812749003984064,4.1661765225524094,5,36.0,0.4813341704887654,1,41.0,0.5390982638878871,9,158.0,0.39018118367611937,10,296.0,0.20587488963568099,14,330.0,0.11528674587257823,14,546.0,0.1583129756879624,1,182.0,0.25559581800786996,8,203.0,0.3034287680381869,9,165.0,0.27618862343151107,2,5.0,0.6148500061538509,9,226.0,0.15461215289666622,7,122.0,0.31722767752625747,20,271.0,0.16739037335691545,16,407.0,0.15280462761901306,22,462.0,0.2246840260805405,3,228.0,0.28547239839587046,150,3678.0
2085.0,134,760.0,1.5139442231075697,3.7853450874842913,4,40.0,0.3594843334491151,3,23.0,0.662034351771463,7,120.0,0.20631936480050939,9,229.0,0.2167755448611667,22,423.0,0.06754369330728902,11,603.0,0.1504102530630384,2,192.0,0.23814973898270278,7,171.0,0.1357811357120464,10,167.0,0.28735240618018,0,6.0,0.5932118345846339,13,294.0,0.10965007107083986,8,130.0,0.10392208783866255,16,252.0,0.22859950729254297,9,462.0,0.14610069061885467,9,508.0,0.26397148646647084,4,234.0,0.25731993495311045,134,3854.0
2090.0,145,712.0,1.424,3.61895456090447,7,48.0,0.4281212025983601,1,11.0,0.4116483963329288,7,120.0,0.22974190050264587,5,246.0,0.25654729153323347,23,454.0,0.15299025965379873,14,661.0,0.22274345410341556,8,218.0,0.11989519935693345,5,191.0,0.1402415209237287,9,139.0,0.21891307260982512,0,4.0,0.869764117052962,14,313.0,0.18501484274621996,10,134.0,0.12993128342869728,12,308.0,0.11112334614788216,12,509.0,0.22795763870191035,9,502.0,0.21359185027818953,9,265.0,0.153258390774218,145,4123.0
2095.0,159,814.0,1.6312625250501003,4.18058117392989,8,62.0,0.39063860792978355,6,25.0,0.4061933927150876,7,94.0,0.3256666758654933,8,257.0,0.2599373176416351,20,439.0,0.2776847491583616,14,652.0,0.23301092447758764,15,281.0,0.25062238735229114,8,206.0,0.24399385617422986,7,111.0,0.2862722605274905,1,6.0,0.8067375345641172,10,264.0,0.2310829251177342,6,151.0,0.3745547091388405,13,352.0,0.12336658223769499,10,493.0,0.22903959117925643,17,548.0,0.17590068083453422,9,252.0,0.1213446352439911,159,4193.0
2100.0,155,878.0,1.7737373737373738,4.125036720874421,5,51.0,0.4325569885033972,1,27.0,0.5683221174098926,13,127.0,0.46134910372164545,9,231.0,0.15281471927854678,17,512.0,0.19017906555075073,9,551.0,0.14898454008517237,11,256.0,0.4673537042563104,10,214.0,0.252008204979721,7,106.0,0.36431736889356714,3,13.0,0.7196476918482531,9,190.0,0.1714089343387236,12,172.0,0.3326335087171965,17,419.0,0.07499770226749118,8,382.0,0.10637009187987902,19,569.0,0.06245533654133281,5,152.0,0.2781664159261275,155,3972.0
2105.0,142,694.0,1.3852295409181636,4.17350895777811,4,49.0,0.3952202714240756,3,14.0,0.7137242500977562,10,144.0,0.27838127365882265,9,157.0,0.14380264823840483,14,585.0,0.14356628045997666,14,408.0,0.16594666059362,2,166.0,0.42512031109762716,8,178.0,0.23864119673353823,7,107.0,0.4120306501856549,2,9.0,0.5063640497697586,7,231.0,0.19853971087718658,18,244.0,0.12748147268723076,16,443.0,0.05773405192746574,5,385.0,0.1784327194261308,18,533.0,0.09953712576392058,5,170.0,0.39879994514254663,142,3823.0
2110.0,141,692.0,1.373015873015873,4.064879806586851,7,52.0,0.4255640451031196,0,9.0,0.4598170921542522,11,134.0,0.10189072906186021,4,163.0,0.37854141196887253,12,576.0,0.11945817693418607,5,439.0,0.3445142033289277,3,173.0,0.15141380765614795,7,191.0,0.1410938837903406,9,90.0,0.31796767490595823,9,29.0,0.3445162803645606,8,258.0,0.31247172465318085,25,354.0,0.031110582980713106,14,374.0,0.2517092572843388,6,394.0,0.2962422750959292,13,561.0,0.2188281629695684,8,194.0,0.3155140932787448,141,3991.0
2115.0,154,902.0,1.8148893360160965,4.210938444238338,10,93.0,0.32536392479088716,7,23.0,0.32144124108025923,7,120.0,0.24147108677970222,8,183.0,0.3026874376178124,15,509.0,0.18360984801616176,8,444.0,0.33769798204338086,9,202.0,0.14562831292285894,8,211.0,0.25791437276443707,13,131.0,0.16566205063571818,6,53.0,0.25553811636750035,8,258.0,0.35410539794494617,21,412.0,0.20048908805797136,8,399.0,0.38040144557387684,7,368.0,0.29359317399451496,12,608.0,0.22429215241412284,7,183.0,0.2549017857337511,154,4197.0
2120.0,113,546.0,1.0854870775347913,4.0019957302020845,6,98.0,0.3301154600037377,1,29.0,0.4516580969198648,4,116.0,0.44004113028590797,9,170.0,0.14355043159381226,7,537.0,0.20112579258981786,9,418.0,0.20955974812877803,10,191.0,0.09793173076531572,8,206.0,0.2505368614873766,12,168.0,0.23630569044346986,2,41.0,0.4709377246680667,4,209.0,0.25951769151830495,12,373.0,0.3069033161395846,7,429.0,0.3222931570967221,6,281.0,0.19094985779309992,9,578.0,0.12937471680916487,7,121.0,0.1126335858061551,113,3965.0
2125.0,116,448.0,0.8818897637795275,4.1126079465741086,2,51.0,0.4804381862271675,1,9.0,0.7002082171158891,7,88.0,0.42308645178608856,9,131.0,0.1330376561419659,11,555.0,0.11393666935380525,9,309.0,0.10727502124820212,10,151.0,0.3487209271931877,7,153.0,0.3054979256540652,5,139.0,0.453999644970315,3,35.0,0.5776618700452046,9,209.0,0.11235622923287782,11,403.0,0.14546616247412597,12,482.0,0.16419708078297818,6,276.0,0.13665010371102693,11,458.0,0.11421428585808531,3,143.0,0.2281093870559051,116,3592.0
2130.0,115,514.0,1.0321285140562249,4.002115576894561,4,51.0,0.40053761904425217,0,6.0,0.7821330764182047,8,84.0,0.3524905401823988,5,135.0,0.3015790178872375,10,528.0,0.10845985828464433,7,215.0,0.3131783328242242,6,150.0,0.33362323310197856,3,157.0,0.16353508574229045,2,129.0,0.3395261266482455,5,56.0,0.5320082747870898,12,252.0,0.10496444474019177,13,467.0,0.12794988056758433,19,565.0,0.035439914764844205,7,291.0,0.3094954540431681,6,489.0,0.14453401742134153,8,157.0,0.27042670279808656,115,3732.0
2135.0,149,836.0,1.6686626746506985,4.033813060401615,8,77.0,0.3747360162439878,0,4.0,0.5072624773665704,5,74.0,0.22285613382536132,7,144.0,0.36428192637205875,14,445.0,0.21079421735274578,4,214.0,0.39380615863354335,10,174.0,0.17711589457384783,8,185.0,0.2576695428199836,8,150.0,0.2764420512182456,7,86.0,0.2823448227539736,13,289.0,0.24185917441624963,8,446.0,0.25181437454962446,25,685.0,0.16581367027741215,15,345.0,0.2505062562593213,9,507.0,0.2176569854370171,8,156.0,0.2665614382964366,149,3981.0
2140.0,167,1011.0,2.0099403578528827,3.863351224831967,7,83.0,0.3888542502440563,1,9.0,0.4780330448453169,10,83.0,0.3131604320933642,14,194.0,0.29936717016315845,6,442.0,0.20969807969298254,8,187.0,0.2384456486108811,11,178.0,0.10960873063837315,9,180.0,0.31543235423750343,9,159.0,0.2721083091881613,6,87.0,0.3305741147875185,20,350.0,0.18152412604845908,5,363.0,0.281698220064653,23,719.0,0.22311288346481056,21,433.0,0.14836957006124538,9,475.0,0.3197515436866389,8,127.0,0.14488501970484147,167,4069.0
2145.0,145,897.0,1.7692307692307692,3.9739142891553,3,47.0,0.4251682458898045,2,15.0,0.6718551633738679,9,115.0,0.25915780224561036,14,219.0,0.1663705864985417,10,458.0,0.13244572792418058,14,247.0,0.12572023235362975,8,151.0,0.11407809606078893,7,144.0,0.36555041136257466,2,89.0,0.4668827211348692,1,34.0,0.59994796714309,21,384.0,0.07283455446498195,6,365.0,0.19196673582156998,20,646.0,0.10045522278809454,17,449.0,0.2438926369311793,7,377.0,0.26011517073207224,4,133.0,0.27276778322826295,145,3873.0
2150.0,144,781.0,1.5224171539961013,3.808864109878639,1,29.0,0.5028340327183418,0,3.0,0.6936438171991829,8,117.0,0.14604234264104027,17,218.0,0.10176752785856108,12,443.0,0.12074834921752899,20,337.0,0.18390241549715627,4,164.0,0.27241868050345003,4,145.0,0.1583380877748878,4,92.0,0.3363070115382117,2,34.0,0.5327120709119106,21,373.0,0.08823783952182669,7,401.0,0.18869380000693106,19,502.0,0.13948119591306538,11,287.0,0.1652963698129692,8,376.0,0.1130857571322248,6,141.0,0.27752659912894423,144,3662.0
2155.0,162,860.0,1.6862745098039216,4.066105151113893,7,44.0,0.42178400598615073,1,3.0,0.5074516115656483,11,125.0,0.06567630711025081,12,268.0,0.14759564027844724,9,375.0,0.24924924573611915,17,351.0,0.32810772084462964,8,181.0,0.3110113743282016,8,173.0,0.18465916066089155,8,120.0,0.2521549798398987,7,59.0,0.2849141145251257,15,425.0,0.2182657606789455,15,461.0,0.21819830047310482,10,536.0,0.2918840412909648,11,334.0,0.24109241939005385,11,417.0,0.1345664009747206,12,187.0,0.2239493212862776,162,4059.0
2160.0,153,789.0,1.590725806451613,3.5462006890305298,4,52.0,0.38496424576572263,1,10.0,0.3929111480586798,6,137.0,0.14134530389729388,8,286.0,0.19278033473702944,6,364.0,0.26131919168430784,12,283.0,0.1855094654496078,9,190.0,0.22441487188106501,9,176.0,0.24817172450150432,14,181.0,0.21134270836974223,5,68.0,0.24932718995394523,12,478.0,0.25138365712369204,21,552.0,0.19397992057619604,8,552.0,0.3170580316737747,11,390.0,0.26045306738528007,13,395.0,0.1828101067086293,14,208.0,0.04782889229736266,153,4322.0
2165.0,152,751.0,1.5141129032258065,3.8976024385468553,2,31.0,0.487463688179214,2,13.0,0.6721284939452135,5,135.0,0.45703439006081276,10,288.0,0.2192785402566949,10,381.0,0.17903585748795156,6,298.0,0.1515198451962605,12,173.0,0.1325286736557588,7,123.0,0.37670051958210843,11,191.0,0.3821855355072193,3,37.0,0.46188486309154964,9,469.0,0.1675059630681182,23,584.0,0.10572267157003706,13,562.0,0.1924605808129496,14,446.0,0.16029177328418343,11,319.0,0.229391005536301,14,172.0,0.1865529777440679,152,4222.0
2170.0,133,680.0,1.3438735177865613,3.918886541360066,2,21.0,0.5048501400186393,0,8.0,0.7695430238085671,9,123.0,0.4436402528782155,12,258.0,0.21309548751231067,9,364.0,0.10960361204699626,7,326.0,0.16125546808679078,4,167.0,0.2776212688458744,3,127.0,0.16945463885541381,4,135.0,0.31868884578206386,2,38.0,0.5107171445754688,11,407.0,0.14760012537811204,19,535.0,0.1441439522838673,16,545.0,0.1625665402540311,16,442.0,0.04431897460479252,10,262.0,0.13681033345642135,9,174.0,0.19370252030825252,133,3932.0
2175.0,138,599.0,1.1884920634920635,3.961681141815537,6,34.0,0.4244168532272017,2,7.0,0.5613311699973874,8,129.0,0.2126591691042412,6,273.0,0.14441617423202419,9,285.0,0.13889831865383392,10,318.0,0.2093930891953806,7,171.0,0.3428599166741993,8,151.0,0.1794125074226502,4,146.0,0.23761456581537366,5,55.0,0.5683732325357549,12,437.0,0.19541357448308058,17,420.0,0.23152384094391387,17,464.0,0.13634619655577612,13,380.0,0.29608113177724704,10,287.0,0.13266217976843017,4,174.0,0.22652098817652727,138,3731.0
2180.0,127,610.0,1.2127236580516898,4.068656254883471,3,37.0,0.3793808152771087,0,9.0,0.4210942388847841,7,106.0,0.1252868074043956,8,271.0,0.1878599313853897,6,173.0,0.26538791869947975,6,233.0,0.2605183556608446,13,212.0,0.24335240298389182,10,163.0,0.23956627791178298,10,176.0,0.2604553742743034,3,44.0,0.31561768877082064,14,499.0,0.18012291280978623,4,443.0,0.3031615985192681,15,515.0,0.1905610647306954,10,277.0,0.33502442633642443,11,280.0,0.17891486733034875,7,177.0,0.2068211842640063,127,3615.0
2185.0,128,759.0,1.518,4.190029336031453,4,27.0,0.5213817283968477,1,7.0,0.6738639257573473,3,120.0,0.3496921569952164,14,281.0,0.08786965566872558,5,155.0,0.3426270199155661,4,214.0,0.23627548316658903,19,297.0,0.06731927986659565,8,125.0,0.3069244503637652,14,238.0,0.3242143559445088,3,17.0,0.4290847230277747,14,445.0,0.09480265403913353,7,425.0,0.24073434650294567,10,536.0,0.24943203114937385,4,190.0,0.28538281976779434,11,278.0,0.11092955026039675,7,178.0,0.24703558480580948,128,3533.0
2190.0,129,674.0,1.348,3.8728583961678487,3,22.0,0.4572886531224289,2,10.0,0.6301064309911283,9,138.0,0.39579650925610066,11,259.0,0.09880579980787259,4,140.0,0.210127687340032,7,237.0,0.1255698781852492,26,411.0,0.13734609413178103,2,108.0,0.21280747893461746,13,252.0,0.17777180626707112,3,20.0,0.37616973040383017,10,468.0,0.11399528484962974,9,401.0,0.1459204958164783,13,500.0,0.15907980563321894,3,188.0,0.344476939267564,11,229.0,0.13025450917249223,3,138.0,0.39941857661647795,129,3521.0
2195.0,146,893.0,1.7788844621513944,4.121278027733136,6,37.0,0.4703183546555322,5,24.0,0.4263877309744028,8,138.0,0.13906470881513797,10,214.0,0.303255908450925,10,135.0,0.19582018884181282,8,220.0,0.18402085752462113,29,550.0,0.12383535495536246,6,123.0,0.11732008006144791,10,202.0,0.2423016920055706,4,29.0,0.6142007761567224,9,414.0,0.1935710709781856,11,328.0,0.22059689727890675,15,420.0,0.11432620123810175,7,201.0,0.4461636684734255,3,206.0,0.24355502831582093,5,154.0,0.19957557284778743,146,3395.0
2200.0,136,923.0,1.8534136546184738,4.024774556742403,9,75.0,0.38992259245366223,5,29.0,0.3365375996098835,9,120.0,0.16872971457560837,1,203.0,0.3988691945108114,17,208.0,0.1822014713688816,4,149.0,0.3196081262743913,23,601.0,0.10837313955504202,13,179.0,0.08141101749514779,3,192.0,0.2966041821514071,1,22.0,0.7193446774535449,14,447.0,0.2273067707625034,4,332.0,0.24284244441275993,11,434.0,0.11077795274428914,8,195.0,0.30950365753475084,6,211.0,0.3263519640374686,8,184.0,0.09203371699965888,136,3581.0
2205.0,145,884.0,1.793103448275862,4.069752501424306,6,80.0,0.3723957808984111,2,20.0,0.5022015404864719,6,115.0,0.40126194221612804,8,185.0,0.2360342471773963,19,254.0,0.20941436123865675,3,156.0,0.28083803203352115,20,532.0,0.06719251820454668,9,194.0,0.44059000696330053,9,222.0,0.3638994562583119,3,13.0,0.4729549062534599,15,441.0,0.12366858056927542,9,336.0,0.16768830330159734,8,438.0,0.25464866612500536,6,141.0,0.16048238465929882,12,256.0,0.2646760728101101,10,191.0,0.20587123194471998,145,3574.0
2210.0,136,726.0,1.4637096774193548,4.072721881329289,3,42.0,0.5430067044213347,3,19.0,0.5794450024911749,3,112.0,0.4764551099750342,11,189.0,0.16517935003435286,17,252.0,0.1982578400481502,7,180.0,0.2648504532790131,14,605.0,0.11428471666243151,0,115.0,0.49690730737579686,8,209.0,0.22521634165814433,2,20.0,0.3764018851512562,17,397.0,0.0814710425881302,15,394.0,0.19858062073822322,14,460.0,0.22122077368858553,2,155.0,0.1655366242740243,14,264.0,0.12452971203674153,6,154.0,0.39369159804469733,136,3567.0
2215.0,160,926.0,1.844621513944223,4.098034288086245,1,21.0,0.5587210752155272,3,33.0,0.6984181081152294,8,103.0,0.3527625446769742,10,163.0,0.244689786223384,16,268.0,0.1433302953534768,14,235.0,0.1621327134419926,11,666.0,0.21512756674854985,1,44.0,0.3461851604660929,8,144.0,0.24711956888234765,4,27.0,0.6726864923692609,15,437.0,0.10994953651035473,22,494.0,0.16176984911368816,21,548.0,0.08937920065755735,8,179.0,0.25169584347646234,14,240.0,0.09276895768634924,4,181.0,0.40243124133928193,160,3783.0
2220.0,176,1241.0,2.502016129032258,3.9574920291244426,6,38.0,0.4273551486050942,4,50.0,0.37307952872863537,14,162.0,0.204716252276565,3,159.0,0.30185259528270214,14,307.0,0.16405289134334705,15,257.0,0.24972949063548272,14,729.0,0.31678171011321904,3,49.0,0.24334467035455404,1,136.0,0.2924569142269895,1,21.0,0.6818616809214166,13,478.0,0.24986625697385612,28,620.0,0.19198847473688377,23,574.0,0.03845279273290414,15,243.0,0.2826908961775012,14,221.0,0.23066468217040903,8,211.0,0.22028601205569334,176,4255.0
2225.0,197,1712.0,3.465587044534413,4.074417648220336,9,77.0,0.3694560334381909,11,90.0,0.2519834765434333,18,253.0,0.17242732603054983,8,161.0,0.31138754593100926,11,352.0,0.18373638476551943,10,222.0,0.2751924256151477,21,818.0,0.24763018325821873,9,80.0,0.32888321541333765,6,148.0,0.27535730691307886,3,11.0,0.5975038133979453,15,531.0,0.2582532680889933,29,763.0,0.1697471583498098,14,493.0,0.2595205784925484,17,323.0,0.2993324125462827,6,235.0,0.3041602014644236,10,212.0,0.14561642588746432,197,4769.0
2230.0,190,1955.0,3.902195608782435,3.6078862123316386,5,80.0,0.4083936757869271,11,149.0,0.2794251594710317,14,283.0,0.21498263717599994,9,163.0,0.24854505356961523,10,374.0,0.23105118675353165,12,258.0,0.14132841607578966,27,942.0,0.1806048285022491,5,77.0,0.43790028437120826,12,194.0,0.2423330929208057,1,7.0,0.43354280959326325,17,533.0,0.1627575357420618,29,910.0,0.1253131905440425,5,434.0,0.3666462722218994,18,412.0,0.10172857627567435,7,220.0,0.21613246632780672,8,164.0,0.24164667836596232,190,5200.0
2235.0,185,1905.0,3.772277227722772,3.7698085344025234,1,42.0,0.5235915334658475,11,202.0,0.3928706924608132,8,220.0,0.2728314086897893,11,145.0,0.29381369657263634,14,370.0,0.25064629538361527,11,317.0,0.1557320349537567,33,1095.0,0.08552453299025219,2,31.0,0.2788004362511161,9,198.0,0.24845821229690396,4,22.0,0.453012650424931,20,473.0,0.08153854332865507,24,926.0,0.14121574620633887,5,455.0,0.2921125225804629,17,424.0,0.19092950936811032,9,216.0,0.14961887252829456,6,186.0,0.24518189520216316,185,5322.0
2240.0,177,1794.0,3.50390625,3.7457625142202753,3,43.0,0.4310343675953384,11,259.0,0.3311383740333781,3,231.0,0.37720947370380786,5,141.0,0.15774729006926527,14,371.0,0.12760741217003407,16,381.0,0.22738153359450924,36,1278.0,0.04007062662143328,2,27.0,0.16660901685300922,2,128.0,0.3582385268425341,2,20.0,0.6447283818829979,24,559.0,0.0955453787218939,20,818.0,0.13256264012189395,12,501.0,0.21653435123741793,9,341.0,0.30517476010512484,11,210.0,0.10305392005738365,7,212.0,0.17600502970415186,177,5520.0
2245.0,185,1734.0,3.38671875,3.942929482851643,9,78.0,0.37063059866760556,15,325.0,0.21935080138752713,9,238.0,0.299313226686546,7,140.0,0.26642663940745825,17,360.0,0.09457678006952483,22,480.0,0.1952442507490367,30,1314.0,0.14219975692164175,2,33.0,0.5641593059954112,4,57.0,0.4606355100696056,3,16.0,0.7326089881370558,16,635.0,0.1739854510543142,17,633.0,0.18827523760154627,13,471.0,0.13643671721918388,2,332.0,0.24439455255517303,9,248.0,0.10751522022155324,10,210.0,0.109762141030472,185,5570.0
2250.0,166,1393.0,2.808467741935484,3.752302664091341,6,85.0,0.34917722297938547,11,317.0,0.2574529276698514,11,229.0,0.23107626912709556,9,146.0,0.2107498869370892,18,420.0,0.1828288629257215,28,591.0,0.058599759443198875,20,1184.0,0.23656115163721592,2,41.0,0.749656930205812,1,54.0,0.3381991593390803,0,5.0,0.6178717036419537,16,660.0,0.1984171735092311,7,663.0,0.26998096254369947,10,387.0,0.11624711571508681,7,359.0,0.2714878555241702,12,269.0,0.21324132959785383,8,176.0,0.13630296514399876,166,5586.0
2255.0,151,1238.0,2.5111561866125762,4.203463416669605,2,48.0,0.4466494201173461,3,184.0,0.48489073752367046,9,186.0,0.131529537517044,7,128.0,0.3229770879869203,13,465.0,0.23125673782260006,34,748.0,0.07271868565167007,14,925.0,0.18153231932847375,2,47.0,0.796187765074439,3,52.0,0.6735143768658417,5,12.0,0.3604912269162784,18,660.0,0.09534439339905443,7,670.0,0.29053834765048747,10,399.0,0.25404292180657945,7,324.0,0.2716704475386107,11,264.0,0.21083131533624155,6,198.0,0.2711499385450523,151,5310.0
2260.0,147,1188.0,2.37125748502994,3.8354264647059715,4,52.0,0.4193644838638921,2,187.0,0.388874140645424,8,119.0,0.21167383214611585,6,138.0,0.22464137627841319,15,501.0,0.11565686661880513,38,933.0,0.0846686852793936,7,961.0,0.18553773607795565,0,6.0,0.3941404914924985,2,25.0,0.6526947074084102,4,32.0,0.3433224386409514,21,601.0,0.08898429963550163,10,624.0,0.18304950485569818,7,445.0,0.280434960121822,4,223.0,0.3248930143725256,10,225.0,0.13853114107480213,9,222.0,0.29175458557303907,147,5294.0
2265.0,161,1259.0,2.523046092184369,3.7069501759783403,9,81.0,0.34201040030817575,9,219.0,0.2489017685972467,8,131.0,0.3390914903253097,9,138.0,0.21103127606893102,23,601.0,0.051355973678319226,33,1003.0,0.08868390792149383,8,982.0,0.23913015083261674,2,13.0,0.4594116055207085,4,19.0,0.4936326840918374,3,21.0,0.5672622490190645,17,667.0,0.18743144382599483,8,455.0,0.2294422024487456,8,408.0,0.183315902111632,2,206.0,0.23669123799025354,9,223.0,0.13950044244168097,9,217.0,0.15054511922152936,161,5384.0
2270.0,160,1106.0,2.2298387096774195,3.5347188055914516,7,90.0,0.382556311772007,9,198.0,0.24831947609782282,5,120.0,0.30417373046053603,12,155.0,0.21809326612693278,25,708.0,0.12979574392353413,25,1122.0,0.04731649452904919,7,907.0,0.14161296456316894,3,13.0,0.4168499202427949,2,25.0,0.3142107374352689,5,35.0,0.5857850770253127,15,696.0,0.23058017122908991,4,457.0,0.2608602746174491,11,321.0,0.13428418539901457,8,235.0,0.23602167179388053,9,259.0,0.24780609672014878,13,187.0,0.08621442128296158,160,5528.0
2275.0,153,1086.0,2.207317073170732,4.0897942866529275,1,46.0,0.47869078936448434,2,116.0,0.4854239589872769,7,77.0,0.31866369748254375,11,151.0,0.20465042461967978,28,801.0,0.1530251961040799,22,1219.0,0.04696220531948434,5,658.0,0.2627031197390762,8,38.0,0.4391127663074376,4,25.0,0.6039049946282056,2,32.0,0.41744627645625554,12,663.0,0.12731319804891195,9,482.0,0.17227444120444382,10,222.0,0.2732273611905548,15,297.0,0.16955439427900132,12,305.0,0.24847845815177486,5,222.0,0.21064784210708273,153,5354.0
2280.0,159,1102.0,2.2262626262626264,3.854479443832569,3,46.0,0.40855716622867944,2,99.0,0.3842833914423045,11,89.0,0.0394740794893978,11,171.0,0.11091306592155908,30,914.0,0.11610750761255846,21,1320.0,0.1505467982353249,2,671.0,0.41377535342888283,3,51.0,0.3740614611166419,1,20.0,0.6808175804796013,6,29.0,0.33045409856182645,16,581.0,0.12316407958298001,11,445.0,0.18277593207453943,4,229.0,0.3186639336011569,15,297.0,0.1947728180475493,14,315.0,0.11158170739036578,9,248.0,0.25728421520433814,159,5525.0
2285.0,157,1216.0,2.4715447154471546,4.095715485714452,9,73.0,0.36727321504117266,8,124.0,0.25666760779261594,7,114.0,0.36522998302619136,8,179.0,0.19074992871768703,32,1071.0,0.021521432305693564,16,1277.0,0.16947636719453027,7,695.0,0.30807739322812755,2,24.0,0.509026084764759,4,16.0,0.5209460609189083,0,27.0,0.5885471331553067,13,486.0,0.2348390655753075,8,322.0,0.2892530472006402,7,219.0,0.22927489258687073,12,243.0,0.2960451556960355,15,285.0,0.08542422812789716,9,243.0,0.14849950136664664,157,5398.0
2290.0,157,1284.0,2.6044624746450302,4.2075952945121164,12,128.0,0.32486693214791623,7,117.0,0.24672328301596172,0,59.0,0.7150934191201879,15,235.0,0.16290310264422883,30,1121.0,0.04412959746147981,14,1123.0,0.12379035067069648,13,749.0,0.24087318115437176,2,9.0,0.575917689090645,2,19.0,0.35941181063437744,3,15.0,0.6619355360006081,11,486.0,0.26306188235829403,6,298.0,0.28333776228458346,14,269.0,0.13897400694748896,8,261.0,0.21552876953388295,9,306.0,0.11853254017239043,11,196.0,0.10265169990052972,157,5391.0
2295.0,175,1341.0,2.7763975155279503,3.932891077311499,14,193.0,0.2401925411910193,4,64.0,0.31180896114506806,2,48.0,0.6125471327316211,22,331.0,0.1976167728942018,27,1261.0,0.1399462984074513,10,1077.0,0.14941268363665128,15,686.0,0.12385395829429158,6,30.0,0.4359979269426018,5,28.0,0.5864145143577687,1,11.0,0.4439330309720575,12,491.0,0.24409487076270123,10,334.0,0.17808598880337853,21,358.0,0.16652033208542974,9,299.0,0.14699534910919312,11,343.0,0.12582116936772444,6,209.0,0.2615865765768926,175,5763.0
2300.0,172,1351.0,2.814583333333333,3.847077077953854,10,202.0,0.2944371527707927,2,70.0,0.3306814421673721,7,71.0,0.2830786529140193,28,459.0,0.13888699432736096,22,1375.0,0.14436865282143255,10,1123.0,0.25178100665442027,11,511.0,0.28543440411728216,2,39.0,0.47106227621160424,2,31.0,0.5829008532535314,4,20.0,0.41174154101017985,13,448.0,0.15567011506679213,14,396.0,0.12708206509211104,20,380.0,0.19366057892460134,8,279.0,0.2615789090376043,14,404.0,0.22174641297526593,5,217.0,0.34451114564674534,172,6025.0
2305.0,164,1290.0,2.648870636550308,4.2209140991848955,4,145.0,0.4090881133573886,8,92.0,0.48724086104899644,6,77.0,0.11007096991880419,32,617.0,0.08756197924902406,21,1478.0,0.06745717929147493,6,1041.0,0.2778206322154216,6,547.0,0.3497988593817264,5,28.0,0.48896580667657996,3,20.0,0.5543548167234749,0,15.0,0.6531740073854265,18,495.0,0.16295216318898414,14,368.0,0.1917617151083757,15,354.0,0.1592532121540379,5,211.0,0.45699024211629313,14,413.0,0.27671509000706973,7,212.0,0.25068540795030975,164,6113.0
2310.0,148,1210.0,2.4643584521384927,3.9412448927501873,3,63.0,0.4282274831485648,4,91.0,0.5217403660095017,5,72.0,0.3788466004027292,34,780.0,0.012910593595969543,17,1431.0,0.03855177542093544,4,844.0,0.16041900270673123,9,582.0,0.3008191509766401,5,43.0,0.26094890147399896,3,19.0,0.34904753556243084,2,8.0,0.7304134580178605,22,511.0,0.0531366198301382,10,284.0,0.28852686380422604,6,372.0,0.20853112169160076,3,126.0,0.2764116874781417,12,360.0,0.22974996202090098,9,164.0,0.18889473359874948,148,5750.0
2315.0,138,1119.0,2.274390243902439,3.837372750239694,1,59.0,0.4277162889166791,3,48.0,0.4010642750668176,5,86.0,0.5051899667727838,31,861.0,0.03832627881039091,13,1173.0,0.090689973953824,4,861.0,0.17385676453390386,8,512.0,0.11132511489466887,7,52.0,0.23980786238480117,5,36.0,0.591979720268668,3,19.0,0.5701087260456984,22,468.0,0.08661874104692,6,290.0,0.21932381384569363,8,398.0,0.242637935338938,3,132.0,0.23521605256941952,10,360.0,0.13047713808797143,9,154.0,0.20066046394245324,138,5509.0
2320.0,141,1023.0,2.0920245398773005,4.346687578267512,6,66.0,0.4058672336403485,1,23.0,0.3914762173271345,10,103.0,0.3430519265125558,21,816.0,0.20806530573461568,13,1000.0,0.26934476952412945,9,890.0,0.11474053519890293,9,350.0,0.25441491895790413,7,80.0,0.47075161750294575,0,30.0,0.6811898485638884,2,18.0,0.39198016263383956,18,511.0,0.20904696616397056,7,328.0,0.12147209173158939,13,455.0,0.26132334791543205,9,155.0,0.15137403217023496,11,409.0,0.16172155390750254,5,162.0,0.3331398099323804,141,5396.0
2325.0,158,1151.0,2.407949790794979,4.540043400755603,12,117.0,0.2748876758998551,6,38.0,0.2496914074059351,17,166.0,0.23561250675668874,13,678.0,0.3357004170595462,8,1050.0,0.36953676713480926,15,952.0,0.20922092908003845,2,273.0,0.3862861617651151,3,72.0,0.40652141296820465,2,9.0,0.4694591031063961,5,32.0,0.5708913230316158,15,544.0,0.27732855987984656,8,301.0,0.2606216030866977,19,540.0,0.1267712282853997,14,213.0,0.22068004520471232,12,465.0,0.24071808982253368,7,146.0,0.3129532773577686,158,5596.0
2330.0,168,1301.0,2.721757322175732,4.225982100629293,13,180.0,0.295875539419263,6,50.0,0.3029378968773249,19,260.0,0.2473657663182656,7,715.0,0.24323957703213173,8,1081.0,0.3168349382537643,15,902.0,0.26349627239698686,6,287.0,0.3573773485543157,4,36.0,0.31153921250652217,3,11.0,0.35977200026765,1,28.0,0.6197808056255273,10,512.0,0.2291915646952014,4,230.0,0.3253327918551766,27,661.0,0.06655227143029117,17,292.0,0.25816613525650506,14,466.0,0.25168696610334795,14,178.0,0.15686184154968658,168,5889.0
2335.0,175,1395.0,2.852760736196319,4.166528596835969,9,181.0,0.3224915403330607,2,42.0,0.45343058681999737,20,360.0,0.1247452807522699,8,748.0,0.2678390454888227,15,1142.0,0.1945291486797832,14,726.0,0.2431015367392116,9,227.0,0.370755103305724,2,21.0,0.5303796522960563,5,30.0,0.6086324429722266,3,16.0,0.5647600049241348,11,419.0,0.14087102921514674,6,209.0,0.24630338350589748,26,701.0,0.14090193694974282,17,377.0,0.17572972706723491,11,370.0,0.14441869275328229,17,217.0,0.1954194455868073,175,5786.0
2340.0,158,1228.0,2.5163934426229506,3.7699570552111004,3,113.0,0.34557460026588227,2,36.0,0.5040460418701256,20,464.0,0.18486899603809975,8,706.0,0.2388138623564503,17,1082.0,0.06023673335508204,14,783.0,0.12764640864208518,9,165.0,0.2828465250041168,6,29.0,0.5726848693844754,0,26.0,0.6395313538750609,2,12.0,0.3547164269015761,12,460.0,0.10141775298998212,6,235.0,0.15165180057664868,20,636.0,0.22073916454684833,13,384.0,0.2507999091328458,15,313.0,0.17349657135123767,11,204.0,0.19789589849108957,158,5648.0
2345.0,131,911.0,1.8668032786885247,4.055167007328589,2,114.0,0.3863482596652036,6,57.0,0.5438129806067195,16,475.0,0.10357264034124691,5,520.0,0.18293460316924995,21,1119.0,0.04200726998240273,9,839.0,0.15189186730487533,6,151.0,0.23100609189092502,1,34.0,0.3839173594628871,2,11.0,0.5569928457236586,5,27.0,0.6035680574761376,12,491.0,0.13747274342204147,13,280.0,0.25373632903272314,13,673.0,0.1820787945255616,5,289.0,0.3382171595075222,6,307.0,0.3356696452929904,9,235.0,0.23602963872365187,131,5622.0
2350.0,126,732.0,1.493877551020408,4.348144814788155,8,137.0,0.34448974650643094,2,54.0,0.3166730367162896,10,401.0,0.3157725462350115,2,498.0,0.30049467485721676,15,949.0,0.16533520857442527,12,766.0,0.15242783376828561,7,161.0,0.20609526421831315,5,29.0,0.20283360332707895,1,6.0,0.4405114227371645,1,26.0,0.6566456755449976,16,548.0,0.1917424544384593,18,361.0,0.19731821542021938,9,728.0,0.1331079003394252,3,289.0,0.32739999273915643,6,304.0,0.43581231656348596,11,275.0,0.2530481008669864,126,5532.0
2355.0,145,773.0,1.5938144329896908,4.2534137670093575,8,138.0,0.27979071985868975,1,19.0,0.3956786728539877,2,257.0,0.42743082097759166,7,518.0,0.2914607932184895,8,980.0,0.20198576397242088,12,587.0,0.19636606548103339,14,203.0,0.2687455915784799,6,49.0,0.4242464804504642,4,23.0,0.6380425303704877,2,12.0,0.44516330514637914,18,545.0,0.19068606682710554,23,397.0,0.0982406338450297,9,684.0,0.27475033211550925,8,313.0,0.21094959902943614,7,281.0,0.24597475284035583,16,341.0,0.16827087451341283,145,5347.0
2360.0,130,687.0,1.4164948453608248,3.801282262905113,5,93.0,0.36642914858579534,3,21.0,0.5436505776734917,2,186.0,0.32910141191514986,8,472.0,0.3056214539963363,8,979.0,0.12787945724082828,10,622.0,0.20354563750671106,13,218.0,0.0896821783004345,2,51.0,0.29981042928561097,0,18.0,0.6812307744620221,2,14.0,0.3520346281288455,15,456.0,0.1211374962369676,18,375.0,0.1798209714244582,5,550.0,0.3024996987693747,8,281.0,0.25358302765338314,8,223.0,0.14734460074160904,23,443.0,0.060603928493245064,130,5002.0
2365.0,139,701.0,1.4364754098360655,4.006204244140315,5,58.0,0.4563732154320859,6,43.0,0.5916312381889351,4,201.0,0.2275091625422684,8,305.0,0.19600257612165092,10,906.0,0.10348347728386913,9,631.0,0.17925909909609303,9,175.0,0.11987500010166165,3,23.0,0.5178797738069003,2,7.0,0.5559889398783019,6,33.0,0.5605025824019021,19,444.0,0.11306621569524322,16,431.0,0.21679200829254017,5,529.0,0.19081314659029164,6,156.0,0.34107017184188054,9,248.0,0.1327410839324851,22,489.0,0.028034722743230114,139,4679.0
2370.0,108,536.0,1.1051546391752578,4.336277386708933,3,53.0,0.42777017651960936,3,44.0,0.38116484088923686,9,223.0,0.47957905463739564,2,318.0,0.1356742398621188,10,726.0,0.21525955452235085,14,670.0,0.1538407825919292,2,163.0,0.3496445928481982,3,40.0,0.5905801080623412,2,11.0,0.39434632102313677,0,35.0,0.6074575070238462,10,506.0,0.1491975470246103,11,470.0,0.1989173489922931,9,568.0,0.10925104195178706,2,132.0,0.3945501380706687,10,260.0,0.14562941726138331,18,466.0,0.11458924272966435,108,4685.0
2375.0,139,766.0,1.6126315789473684,4.266384547758278,7,45.0,0.3745178710821905,1,18.0,0.34972397789206533,6,196.0,0.40310910625201474,8,346.0,0.2652805076721618,8,652.0,0.2751165017886567,18,616.0,0.06261692621983607,8,195.0,0.3085402535580611,0,21.0,0.4975661415330429,4,26.0,0.629915477349484,2,6.0,0.4636086766190774,12,536.0,0.25192433804897013,14,483.0,0.1338716724551218,15,629.0,0.21896205172636482,8,155.0,0.2402605988099075,15,292.0,0.2038478180003047,13,508.0,0.24243879897675183,139,4724.0
2380.0,152,838.0,1.7422037422037422,4.016310923235491,7,56.0,0.39102183517527556,3,21.0,0.4969133375515151,6,102.0,0.1725116585509085,11,312.0,0.3080679975001849,8,663.0,0.18079839209385531,17,392.0,0.07968626972550688,8,189.0,0.29983239528891226,0,8.0,0.6321441076892987,1,21.0,0.7246688430226527,2,12.0,0.37151026113705027,12,519.0,0.25031588641244384,19,556.0,0.07981994355244307,16,606.0,0.20805243634402035,14,216.0,0.048423174725052455,19,348.0,0.1696012469431075,9,562.0,0.32091876894683036,152,4583.0
2385.0,153,868.0,1.8158995815899581,3.7723718742999215,4,41.0,0.44395110249947023,2,19.0,0.4486313110929881,4,93.0,0.17155678064575536,10,173.0,0.18819216087713656,10,666.0,0.14197164894009395,12,444.0,0.18118841198675714,7,144.0,0.2157297367704982,2,7.0,0.6128653255467134,2,11.0,0.5921069799526175,6,32.0,0.5232088008300207,9,429.0,0.1508669403996944,23,582.0,0.0908528356584844,13,454.0,0.11811521002318538,17,303.0,0.35026053487600967,17,307.0,0.09443078035330738,15,621.0,0.2598474988937046,153,4326.0
2390.0,165,1069.0,2.1905737704918034,3.9558004403342544,1,30.0,0.46289138738873287,6,33.0,0.5626538017292726,8,113.0,0.1283812775456739,7,161.0,0.1202052250295683,18,728.0,0.1336259158264305,10,479.0,0.28118980822916356,3,138.0,0.34537588843988654,3,25.0,0.5516488385175183,5,30.0,0.4793056451616732,2,32.0,0.6072032198180991,16,464.0,0.10215948818933555,20,512.0,0.1957686146665373,7,502.0,0.1785269012360869,19,391.0,0.2177040812846375,21,352.0,0.08760071995750604,19,708.0,0.12045808669703331,165,4698.0
2395.0,166,1154.0,2.359918200408998,3.751541350250096,6,34.0,0.4621774365754077,4,41.0,0.37445271644643063,11,160.0,0.30342151602965306,8,177.0,0.1996216107978213,18,680.0,0.04747611238527945,9,432.0,0.30147624070333406,8,147.0,0.34247673170209075,1,17.0,0.4898211152303569,1,25.0,0.32827266352329115,3,18.0,0.5002393166574048,13,526.0,0.2019194261919757,17,572.0,0.23976830266560784,10,539.0,0.13555974233483858,18,395.0,0.10578146847441819,12,417.0,0.12226204747986993,27,828.0,0.008928809904737997,166,5008.0
2400.0,167,1102.0,2.305439330543933,4.142319353267977,9,75.0,0.3258927420529089,3,24.0,0.3397061635150134,5,150.0,0.40280804959554695,10,169.0,0.12718418306315968,21,530.0,0.16661436478360114,8,346.0,0.18386677307551977,14,203.0,0.32355028105344547,0,5.0,0.7368631115348308,4,23.0,0.5873964033521042,4,31.0,0.41816293101390156,14,558.0,0.2768126873765603,12,612.0,0.13692280469558968,10,500.0,0.2534678939240291,14,342.0,0.14150925356527058,11,447.0,0.21919667131690893,28,872.0,0.045772098518424405,167,4887.0
2405.0,134,774.0,1.6024844720496894,4.159062222814447,5,82.0,0.3649033298528559,2,31.0,0.3186618760526461,3,73.0,0.4453404628805366,7,151.0,0.25041266867969636,15,610.0,0.19528172196820456,11,382.0,0.09760373311027316,12,213.0,0.10355376967655816,3,11.0,0.35139204646766226,2,23.0,0.6192370283379274,4,36.0,0.30487572201857016,16,538.0,0.16665554902282442,13,671.0,0.17256435779148183,6,312.0,0.2902886961316678,1,310.0,0.3193552318733046,15,480.0,0.24168885371413765,19,756.0,0.22940470272666594,134,4679.0
2410.0,141,786.0,1.634095634095634,4.3296433155134375,2,38.0,0.5151414359820139,8,53.0,0.529851947494018,3,54.0,0.48239202871187875,2,126.0,0.2937589620706882,15,665.0,0.13431198720488408,9,419.0,0.13819004446630115,10,173.0,0.13800044597991423,4,35.0,0.5174038231207123,5,25.0,0.4467561868069753,6,40.0,0.5444041814129011,17,455.0,0.08538107129704849,15,655.0,0.2259504685675344,6,340.0,0.22321722454794013,6,313.0,0.30672924679384,20,566.0,0.08676233622979063,13,780.0,0.26594621046927436,141,4737.0
2415.0,137,796.0,1.6900212314225054,4.0631750277269685,1,26.0,0.47263251827333747,4,58.0,0.4582204745551762,6,70.0,0.43159031654486846,6,140.0,0.2931640402876649,11,591.0,0.10673593642986155,11,408.0,0.19438067890979918,3,189.0,0.34619174006846715,0,25.0,0.7671844409037046,6,55.0,0.3549973897783096,6,67.0,0.561590796793393,20,505.0,0.09983218123225471,11,548.0,0.2533443727289815,6,370.0,0.18548394425208142,13,366.0,0.3210581341408435,24,670.0,0.02649079589999991,9,831.0,0.17519062746777003,137,4919.0
2420.0,164,1065.0,2.2707889125799574,3.886282548825067,6,45.0,0.45055159187202026,3,35.0,0.36235672390370693,12,121.0,0.32840443046440665,6,141.0,0.24106381513208724,10,429.0,0.21785888073980197,11,339.0,0.22754705067781603,10,208.0,0.4213083977468012,0,4.0,0.8514952140572284,2,47.0,0.5962657936314529,10,104.0,0.22649761056458995,14,566.0,0.19467763665127183,10,517.0,0.21312953161823636,13,427.0,0.13574802952520124,20,450.0,0.22921626093872408,29,805.0,0.05797848149409949,8,771.0,0.14954604669758673,164,5009.0
2425.0,154,1123.0,2.3842887473460723,3.764848414224427,5,51.0,0.42163777924573537,3,36.0,0.33081533290040815,6,116.0,0.33037896671169426,7,125.0,0.22474580259482937,5,445.0,0.2762994089803805,9,372.0,0.0944812580601681,16,271.0,0.215085132448849,2,2.0,0.30673643759799074,0,3.0,0.8094253855486586,10,122.0,0.24128098333514406,13,577.0,0.2154301167418587,11,576.0,0.17273278892294897,14,407.0,0.19471359111844086,19,475.0,0.1424487490182118,30,952.0,0.12558776916146566,4,615.0,0.24483275749755035,154,5145.0
2430.0,154,1199.0,2.529535864978903,4.378848846330238,3,26.0,0.4863861286675518,10,57.0,0.41185693641768645,4,71.0,0.3216732775305624,4,139.0,0.25094658620835913,10,464.0,0.1834570761334184,13,400.0,0.1319920284095202,21,367.0,0.07812107973969211,2,16.0,0.2369473911588032,1,3.0,0.46342865900461927,2,74.0,0.3143873686376059,20,625.0,0.1405986206749991,8,544.0,0.2772181539705943,9,300.0,0.3472697538088669,15,404.0,0.2112271877750804,29,992.0,0.23806325947691737,3,624.0,0.33551145861893705,154,5106.0
2435.0,130,963.0,2.035940803382664,3.929397661652308,1,23.0,0.46720979692042713,5,68.0,0.40878565299005376,3,65.0,0.2618964408998076,8,161.0,0.16206445768248628,10,443.0,0.11032383332529684,14,390.0,0.19440050632562939,17,390.0,0.07348254424366382,0,8.0,0.7120202691847354,0,6.0,0.48024240137655905,1,65.0,0.3484520092364171,22,639.0,0.060763062788940246,4,428.0,0.3097566626290035,8,301.0,0.2748768785794383,5,408.0,0.14381917771356706,23,924.0,0.18579342663807893,9,656.0,0.28806500917813116,130,4975.0
2440.0,137,843.0,1.8090128755364807,3.9400812935693827,6,36.0,0.45087996256393315,3,47.0,0.29553644695094045,8,88.0,0.39145246841520354,12,179.0,0.2168440214400455,10,363.0,0.10656487371222603,11,333.0,0.1781885882487076,7,327.0,0.39498197072691993,0,8.0,0.8369351431864224,2,10.0,0.6676901510975722,7,84.0,0.4837444871682427,19,561.0,0.18977169323762794,4,438.0,0.22174883683240906,8,341.0,0.1843159617765182,8,405.0,0.25811883763469007,21,825.0,0.12609881347822308,11,614.0,0.16350391641510026,137,4659.0
2445.0,113,633.0,1.376086956521739,3.9035565365308273,3,43.0,0.46855790161817806,2,53.0,0.3050179753022933,5,89.0,0.5162842165422297,8,153.0,0.3340116933186538,9,405.0,0.09465300000521076,8,338.0,0.11099406706022136,2,304.0,0.247294222817414,0,4.0,0.859521017815762,0,6.0,0.763874795142065,9,128.0,0.38262299691680196,13,584.0,0.2499516093611943,9,476.0,0.1344092644981499,10,326.0,0.13749094389739683,14,451.0,0.2786903400786876,13,898.0,0.14910906447163796,8,438.0,0.2436872861068981,113,4696.0
2450.0,117,574.0,1.221276595744681,4.250850631143015,1,12.0,0.5726254264730456,8,71.0,0.4303074216634546,4,40.0,0.3499886291521259,2,158.0,0.38266351132882614,10,437.0,0.20142481960557312,10,362.0,0.14553322173503658,8,330.0,0.12551345197390232,2,11.0,0.24816427216551584,0,4.0,0.6362034765413838,6,127.0,0.26553603731686687,13,632.0,0.17753437643915357,9,440.0,0.23042616841507235,9,245.0,0.25557748131666036,19,530.0,0.20994746822334548,9,911.0,0.31255191742901794,7,461.0,0.26446063508558987,117,4771.0
2455.0,131,737.0,1.5386221294363256,4.26887081824083,1,5.0,0.6089105466382754,5,78.0,0.388039266479605,3,47.0,0.21215474110684826,10,176.0,0.22584898630295433,17,468.0,0.27808247510523076,14,419.0,0.22773068731270346,15,397.0,0.057173819923077455,0,7.0,0.5387885447243937,0,5.0,0.5281835551359795,2,61.0,0.41998457829877056,7,590.0,0.1341715746455839,8,330.0,0.31448526827406936,4,228.0,0.340232777026744,20,533.0,0.05276765141802198,16,944.0,0.2525766849532205,9,486.0,0.20924894324194013,131,4774.0
2460.0,142,781.0,1.6169772256728778,4.03723827043992,5,23.0,0.3910605559666688,2,45.0,0.308781351148705,7,61.0,0.3393385356247181,14,237.0,0.12597392856371784,17,465.0,0.18809913811140713,14,423.0,0.23031690053904472,15,400.0,0.23927669960807094,0,6.0,0.8220155408591544,1,6.0,0.6544845197742197,2,44.0,0.5096061968265727,8,477.0,0.23660054453518667,5,311.0,0.19972398522846702,6,236.0,0.20854635182777714,18,459.0,0.11285397229685859,18,925.0,0.12976636482130668,10,435.0,0.14197490057168582,142,4553.0
2465.0,135,677.0,1.4133611691022965,4.3529941162726296,2,30.0,0.5123733217163251,3,29.0,0.4475175704128711,6,72.0,0.5585310379920432,17,268.0,0.07779692165978316,19,416.0,0.07732720268371848,12,356.0,0.2301744571026573,7,308.0,0.444493400623171,1,8.0,0.7604912029251795,0,5.0,0.805156168433889,6,62.0,0.49816826193800845,4,463.0,0.2401679737461797,9,344.0,0.13085538179717152,14,289.0,0.11776005103221956,10,514.0,0.23331985042514541,18,810.0,0.07583919999120306,7,305.0,0.3367595049680716,135,4279.0
2470.0,130,559.0,1.1597510373443984,4.049477185624528,2,14.0,0.6330905092359989,2,24.0,0.503414160942668,2,42.0,0.48428419461293104,15,257.0,0.24676534696537647,18,466.0,0.095214218425818,12,413.0,0.10525444930373282,2,293.0,0.21374301881299998,1,9.0,0.7725720270823317,2,8.0,0.626036475539763,4,56.0,0.2651075916164863,10,482.0,0.14564957659949962,15,408.0,0.10568073122323136,13,302.0,0.17231149446143362,10,562.0,0.26054494772021214,17,836.0,0.18762409959170864,5,321.0,0.2714762904489161,130,4493.0
2475.0,131,590.0,1.2291666666666667,4.135788543033035,2,9.0,0.5093965746323967,6,36.0,0.4667063427105597,2,39.0,0.16606977787026017,10,201.0,0.1898652874251352,13,508.0,0.24085491813841942,12,474.0,0.24454948035286142,8,324.0,0.1545228437815147,3,5.0,0.34639148040743356,1,8.0,0.34384336707329655,3,38.0,0.43254706554258615,12,457.0,0.11525895215494766,15,397.0,0.2068337629062522,10,253.0,0.2988536805452233,9,513.0,0.1421889770717538,14,886.0,0.2279581092469861,11,358.0,0.20356552275540268,131,4506.0
2480.0,131,690.0,1.4285714285714286,4.563870575937164,5,30.0,0.534734828591885,10,80.0,0.22191906527223473,8,54.0,0.12908901651741528,8,196.0,0.29598035145454205,12,494.0,0.21207537286510525,11,459.0,0.3007472891177221,8,294.0,0.2599647119612146,3,24.0,0.22672276847124917,2,10.0,0.472312093776675,4,35.0,0.575308967072089,8,364.0,0.24542865051667243,12,305.0,0.341974910847979,3,207.0,0.25510849716763867,13,407.0,0.11839460372869462,10,826.0,0.1480323529675111,14,423.0,0.09494609740093507,131,4208.0
2485.0,112,535.0,1.121593291404612,4.295695058196609,1,29.0,0.5424453747270601,13,145.0,0.2563626448436594,10,106.0,0.118844546422623,4,168.0,0.34999712110792836,11,412.0,0.10341743052666594,9,375.0,0.23626932276666712,5,193.0,0.5154662287726575,0,17.0,0.6588159209242774,2,4.0,0.39517595183264387,2,27.0,0.6340562635394288,5,375.0,0.24838496166031654,11,234.0,0.24134345459972414,4,220.0,0.19259704370794936,7,407.0,0.13048116647529487,12,673.0,0.1346893153372475,16,404.0,0.11236916056646698,112,3789.0
2490.0,114,574.0,1.2264957264957266,4.1052772073273385,2,6.0,0.6146953266162991,14,217.0,0.36284891986008483,4,109.0,0.5541587696361777,6,126.0,0.3227951334851939,10,435.0,0.10115410364023555,8,398.0,0.0991778523147723,4,207.0,0.3263045533726394,0,8.0,0.84103737048315,4,22.0,0.43354782704982153,4,14.0,0.4072522382196928,11,395.0,0.1541935521188015,9,266.0,0.2183378191048148,9,248.0,0.2705141182487628,11,423.0,0.22859494042873574,5,594.0,0.2541673651763702,13,312.0,0.10790807780363057,114,3780.0
2495.0,123,675.0,1.4484978540772533,4.391531850127779,3,8.0,0.5294437316768538,8,221.0,0.2977497480971732,0,50.0,0.6933114849593079,12,160.0,0.4168426358119138,10,423.0,0.22776206118260653,9,431.0,0.1287499129749301,10,247.0,0.2288437149516194,0,4.0,0.8456061852325236,2,22.0,0.45486042771332447,3,19.0,0.3401540128028276,15,460.0,0.07620336982349572,9,293.0,0.21873973740795527,9,245.0,0.25779608719437114,13,480.0,0.27627350214929564,7,591.0,0.31788905171221876,13,338.0,0.11567447702809082,123,3992.0
2500.0,142,748.0,1.5813953488372092,4.02403890377215,5,31.0,0.5570579436308564,5,144.0,0.2657987374784137,2,52.0,0.2825391630318691,9,173.0,0.277582156640232,11,397.0,0.2696779520685972,10,409.0,0.12739656545206873,11,237.0,0.1287185056561152,3,13.0,0.2728409907329269,3,23.0,0.643141743886189,4,21.0,0.5789521255493957,18,464.0,0.1595858073083067,11,313.0,0.12125749659706117,6,182.0,0.13718337912420978,22,568.0,0.14775426911914383,13,629.0,0.24568821431118615,9,395.0,0.25669826802187373,142,4051.0
2505.0,150,861.0,1.8126315789473684,3.946747114808608,1,30.0,0.4269581104581606,1,157.0,0.328916925909595,9,85.0,0.048066785697966075,8,140.0,0.3299939518110615,12,320.0,0.1913899540107211,11,332.0,0.10277374144958654,9,179.0,0.4009894700849592,1,13.0,0.5042695768570128,0,14.0,0.7031396697953557,1,18.0,0.587405513747739,13,383.0,0.21449584756633916,20,383.0,0.13599430128858034,7,213.0,0.12571918349323716,26,689.0,0.035114811577826345,16,588.0,0.09553396540463745,15,455.0,0.29482427848165305,150,3999.0
2510.0,160,1135.0,2.420042643923241,3.9209547581992132,2,13.0,0.587825189039213,6,175.0,0.41490773278741927,5,85.0,0.3760143239662244,3,119.0,0.30272907483328787,12,357.0,0.09076310142271633,9,368.0,0.16092287979479086,4,104.0,0.288365045040773,0,10.0,0.790909414995289,2,7.0,0.5355105562680151,2,13.0,0.4663820592047328,13,290.0,0.15821163278891306,20,422.0,0.22186272478651317,9,250.0,0.25796201548543507,33,841.0,0.12348610057309312,17,474.0,0.08114872893371303,23,551.0,0.23335267259790965,160,4079.0
2515.0,147,1043.0,2.20042194092827,3.9821194632199894,3,14.0,0.4784179873989753,8,161.0,0.29984606520920354,0,40.0,0.6760013334004947,5,113.0,0.3141532484096077,9,382.0,0.13894856032264552,12,398.0,0.2035764571803958,5,105.0,0.22647765647912277,2,10.0,0.608974316241685,1,13.0,0.41454389912272255,0,9.0,0.5952493712841906,7,315.0,0.18853196147457638,15,387.0,0.22167948953571226,14,285.0,0.2953468942493856,29,886.0,0.1856768144473248,13,539.0,0.1105656997973677,24,566.0,0.0804293103087263,147,4223.0
2520.0,159,1041.0,2.2148936170212767,4.149745138689197,5,33.0,0.5169215604373891,5,99.0,0.2786026147633052,1,26.0,0.5943409076022921,12,156.0,0.23720299411302156,11,359.0,0.2160894294938799,14,462.0,0.1701374441144525,8,105.0,0.20575603791671823,1,12.0,0.5075053980512306,3,14.0,0.6531678580373439,1,6.0,0.6778682893898056,7,339.0,0.3166685831219997,13,420.0,0.13888681563716754,18,361.0,0.07965246574765411,22,797.0,0.09406605254707279,13,575.0,0.22190463028127985,25,512.0,0.09580717916358061,159,4276.0
2525.0,146,1028.0,2.1596638655462184,4.221491875471241,1,28.0,0.5540186775671658,1,65.0,0.37000751110153446,3,45.0,0.5487299226232437,10,161.0,0.0396408315193224,13,310.0,0.1883208016339196,21,557.0,0.05191259187772271,10,121.0,0.2689729390497922,1,10.0,0.4333821539606162,1,14.0,0.6715435327801695,0,6.0,0.7585530251000635,10,352.0,0.28143307193316847,11,480.0,0.15557886207332497,23,466.0,0.042785588926474334,19,652.0,0.12097225516181076,11,529.0,0.23130038047794838,11,558.0,0.25677531702707634,146,4354.0
2530.0,140,974.0,2.041928721174004,3.8984709683987036,2,10.0,0.6085081192243128,7,86.0,0.4104558414445574,6,68.0,0.3760441781530174,5,122.0,0.19719014368513468,17,383.0,0.0674026249084654,21,577.0,0.14564640311820268,3,98.0,0.36369352106012326,1,12.0,0.3097993634691644,2,16.0,0.4742590323219404,2,6.0,0.5254185388770498,8,302.0,0.13978942316324725,13,538.0,0.22037009932655255,23,573.0,0.171349810495639,7,698.0,0.2782151861604539,13,524.0,0.08102775927038985,10,582.0,0.24873199740667107,140,4595.0
2535.0,143,928.0,1.9786780383795308,3.6974179720628633,3,15.0,0.4784840776249645,7,92.0,0.23888141805861815,5,62.0,0.3918492001171037,2,98.0,0.4316653483151784,18,445.0,0.07524395878928261,19,475.0,0.23125294736434393,2,71.0,0.34766939125913077,5,29.0,0.4577876841313794,1,14.0,0.3768326388086653,0,11.0,0.4356150593616026,8,340.0,0.09963525364992665,15,538.0,0.18375719389207074,27,703.0,0.18986073359361452,7,697.0,0.3385935786316465,15,495.0,0.07395983253720897,9,558.0,0.16805176621099713,143,4643.0
2540.0,147,1096.0,2.317124735729387,4.027903744970349,6,39.0,0.5317549422375024,6,75.0,0.296047282011831,2,31.0,0.5534278421146972,7,127.0,0.4557433252692877,16,474.0,0.12723858148001574,13,390.0,0.20970341764869813,6,78.0,0.4741180450192185,4,41.0,0.17149559442885565,3,12.0,0.627134825155838,3,12.0,0.6501949497829147,13,387.0,0.1599062699816141,13,461.0,0.10529578054420616,30,846.0,0.11761310785961775,7,636.0,0.13178481135929931,8,532.0,0.16942174915872776,10,471.0,0.12038134748545454,147,4612.0
2545.0,165,1315.0,2.7395833333333335,4.182881377215432,8,72.0,0.44415690263419827,1,65.0,0.31037776080916346,2,28.0,0.49385046657071635,12,176.0,0.3050366570053296,24,565.0,0.14831003565332349,10,316.0,0.23759783618192806,11,122.0,0.3125153088869734,6,45.0,0.402772468959468,2,12.0,0.6169228823738631,0,9.0,0.7145426716105927,12,393.0,0.21114407564727453,18,549.0,0.11509318750010163,29,890.0,0.035492668134497606,11,518.0,0.1482885644048839,10,540.0,0.1975237162786237,9,376.0,0.14074710666207832,165,4676.0
2550.0,138,969.0,2.0443037974683542,3.743741058916242,4,69.0,0.37990992851106553,7,76.0,0.2806012749264002,7,46.0,0.35827934419308266,10,183.0,0.07065098536134695,28,580.0,0.12380240069785356,1,304.0,0.33643401442181126,10,137.0,0.25232417363667436,5,55.0,0.2893733770253616,5,25.0,0.37546182006816636,1,6.0,0.5384097711117676,10,351.0,0.15807839308839958,11,594.0,0.19625850690887325,22,826.0,0.19705199723522981,3,501.0,0.35513806421059685,11,494.0,0.07228776052604119,3,375.0,0.21755427556064125,138,4622.0
2555.0,146,877.0,1.8580508474576272,4.042740284236084,2,35.0,0.5079786085282636,5,78.0,0.45859464144346906,8,65.0,0.10494577585873564,4,128.0,0.37595981521938004,26,677.0,0.04213863501595214,7,301.0,0.3870754879097951,7,106.0,0.32867996585404186,6,49.0,0.3802734085155559,10,68.0,0.3042469108860874,0,7.0,0.4552111966267209,11,320.0,0.08020797033729894,14,631.0,0.23236614492351954,14,854.0,0.25341572463317485,9,502.0,0.2931033783564408,14,414.0,0.08490750479719315,9,354.0,0.34870777005716674,146,4589.0
2560.0,137,799.0,1.6750524109014675,4.2548749075160615,4,37.0,0.43763995688799817,3,49.0,0.41117615739977253,5,65.0,0.34715504612885084,3,132.0,0.5992228680725976,21,746.0,0.10017864818660496,6,278.0,0.2965206174437049,4,78.0,0.27862684230499846,2,43.0,0.44392917592321857,10,118.0,0.46578220744745324,2,8.0,0.5379748831157392,7,343.0,0.12351835097755846,24,734.0,0.07379369560967489,10,909.0,0.24150245412837573,16,553.0,0.13269478946783037,11,440.0,0.10862338944411201,9,332.0,0.28894647286803876,137,4865.0
2565.0,134,764.0,1.6220806794055203,4.297518476836409,8,64.0,0.38783017418213567,5,37.0,0.40683869242966375,5,72.0,0.5828620968575523,7,153.0,0.46187914435612054,17,744.0,0.1594181938666957,2,211.0,0.20520824263815837,2,82.0,0.3585262679824794,7,41.0,0.4377949951418789,4,114.0,0.4588238714627311,0,5.0,0.5797938876254239,7,343.0,0.25269067302737963,27,722.0,0.01801864363698145,10,857.0,0.19593456136357132,16,542.0,0.08530890905977098,12,467.0,0.20804019604772597,5,235.0,0.14784217237283948,134,4689.0
2570.0,115,536.0,1.1452991452991452,4.116769671003466,7,65.0,0.362026308067949,1,36.0,0.3569958545490715,3,60.0,0.3750586283672194,13,206.0,0.19042080348607746,11,639.0,0.18224500143102917,2,199.0,0.32353956553420143,7,97.0,0.22144272671568865,3,40.0,0.42512675921315285,3,65.0,0.35516308322826307,0,4.0,0.8841571132256085,9,331.0,0.19714241639596647,21,832.0,0.072557097692322,10,724.0,0.10776794192910373,10,443.0,0.36210329724688894,11,441.0,0.2243053726515633,4,210.0,0.22337331950716666,115,4392.0
2575.0,138,753.0,1.585263157894737,4.2863730545567424,3,32.0,0.5166308957654022,6,32.0,0.5459020553246843,7,42.0,0.2078704603324501,20,292.0,0.00557105477083281,12,486.0,0.11743812375933563,7,214.0,0.35810522844176856,12,146.0,0.237216896962057,6,33.0,0.34432269832024404,3,70.0,0.30632664817448146,0,4.0,0.9009385444094312,15,386.0,0.05864881150161834,18,899.0,0.1651352626071167,9,536.0,0.15110715610509728,4,256.0,0.36592746163773393,9,343.0,0.16600463026789386,7,229.0,0.3883260186794955,138,4000.0
2580.0,152,982.0,2.080508474576271,3.7522903072637197,2,27.0,0.3906244149970775,6,62.0,0.49364623102708155,10,74.0,0.1103916735313403,23,407.0,0.016415020044265136,8,504.0,0.15625851384049333,14,268.0,0.24052440764124872,18,221.0,0.1912031995498404,10,72.0,0.2542695464068906,10,99.0,0.20294652162442336,1,4.0,0.6528359142324391,16,450.0,0.05382850932524035,17,982.0,0.22440991324755968,2,537.0,0.35752521859986913,1,240.0,0.21717254541267486,7,364.0,0.1063421233165471,7,202.0,0.30631540394567236,152,4513.0
2585.0,170,1154.0,2.4553191489361703,3.986892596734727,7,44.0,0.42861110923525514,3,56.0,0.3005889630990227,5,71.0,0.530752257762913,18,440.0,0.2947508183300628,8,484.0,0.3269318692619258,16,279.0,0.0672135562545164,15,267.0,0.11397596335748057,7,91.0,0.11421686341208095,16,170.0,0.2105968576348304,3,15.0,0.3953243621771611,18,503.0,0.16716831639807195,22,1075.0,0.20150306288765193,7,519.0,0.38987845911916835,8,262.0,0.22946051370988202,12,414.0,0.19722139121799498,5,124.0,0.23318881832890226,170,4814.0
2590.0,163,1233.0,2.640256959314775,4.286204541282853,4,51.0,0.41719704747491915,2,23.0,0.48217628844189353,3,69.0,0.5117380296900969,11,366.0,0.2990311745418835,14,497.0,0.2744919847109868,17,222.0,0.10096004048748909,9,239.0,0.29006708661712965,8,76.0,0.3888813920622398,16,250.0,0.35259729079416646,0,11.0,0.5161985067745821,23,592.0,0.1712884675061266,28,1199.0,0.08002936833208894,7,470.0,0.20170634685735175,8,230.0,0.1443742165041197,10,396.0,0.29353660369126233,3,118.0,0.35278175019259445,163,4809.0
2595.0,150,1243.0,2.6223628691983123,4.222196844916938,2,23.0,0.4619537581939765,2,13.0,0.5124935755240324,9,75.0,0.19304175408872845,7,258.0,0.21579319781624048,19,580.0,0.1367496403205909,4,254.0,0.2997493242228,1,224.0,0.32139605930451814,5,82.0,0.43398474778795676,11,250.0,0.2580943907824353,0,2.0,0.8336818312323272,25,621.0,0.06903000720146606,33,1366.0,0.03756461280249493,10,344.0,0.18975089954709054,6,138.0,0.3806857722492226,9,318.0,0.19742706977728014,7,132.0,0.43240583103811625,150,4680.0
2600.0,173,1418.0,2.9915611814345993,4.153115217244365,4,32.0,0.5768120592287245,5,33.0,0.6486075875494476,13,135.0,0.11215320860867325,3,269.0,0.2584880283485384,22,603.0,0.04713956537637744,9,264.0,0.38685097034647453,8,232.0,0.37096182760700014,4,72.0,0.20659096786969042,10,198.0,0.26787052185373456,0,4.0,0.789463956996881,31,712.0,0.03347763225364832,35,1537.0,0.10873543967340367,5,363.0,0.13783675562913103,4,127.0,0.34334457270944757,7,295.0,0.11965366275901165,13,183.0,0.2662319785304453,173,5059.0
2605.0,179,1444.0,3.0528541226215644,4.091118274192319,2,23.0,0.48212469805174923,4,37.0,0.347901567933162,7,151.0,0.34252130790795104,9,294.0,0.3620901653330208,22,552.0,0.17054116267977676,15,326.0,0.34840032170914953,15,287.0,0.268987798553569,9,97.0,0.3222706275523182,1,195.0,0.3027847948135772,2,11.0,0.7805383619005811,22,831.0,0.052477234922314514,30,1538.0,0.1331170918602829,9,382.0,0.1551583633963763,7,150.0,0.2364062938163144,10,326.0,0.15354379059848797,15,199.0,0.08354612393257198,179,5399.0
2610.0,173,1431.0,3.138157894736842,4.408092301487521,4,19.0,0.5635664805698838,3,26.0,0.2870553611022931,0,83.0,0.6905560805730321,8,285.0,0.42605668667791785,18,445.0,0.2792295607794327,21,421.0,0.1742605319741192,19,378.0,0.14430295473031873,4,84.0,0.47937275195850826,8,220.0,0.3579211229215416,1,5.0,0.4981565743112901,19,906.0,0.16834115878811212,22,1356.0,0.10471452079846544,9,333.0,0.4453171235124006,8,156.0,0.11016996762522754,13,384.0,0.22345604399354743,16,198.0,0.11139962059714953,173,5299.0
2615.0,149,1318.0,2.8777292576419216,4.377214413260372,0,14.0,0.5406811963875316,2,21.0,0.29845192553767186,2,13.0,0.5612349207941758,5,215.0,0.2885586343366976,13,399.0,0.24102017739067483,20,443.0,0.11041760845665856,20,480.0,0.01932043453199128,2,33.0,0.26827202263786726,15,278.0,0.19506683942244435,6,25.0,0.33013303905026964,22,996.0,0.20170397669867057,17,1061.0,0.16676661360827155,1,184.0,0.5735573357340383,8,126.0,0.3845367950655945,13,383.0,0.23046542248102916,3,199.0,0.20320138950611935,149,4870.0
2620.0,137,1034.0,2.238095238095238,4.2861897236585556,3,11.0,0.6238004865657997,8,44.0,0.4192265835573683,8,37.0,0.35042356995562973,4,207.0,0.20240831905973614,8,383.0,0.25092502543794015,17,402.0,0.21460561014169743,14,486.0,0.2112179095727055,2,35.0,0.20357159822891102,15,295.0,0.17934250743516203,1,34.0,0.47270838214478944,29,1123.0,0.09732345414006814,7,761.0,0.3519260227763794,1,117.0,0.36821884438535263,2,134.0,0.29072799248850634,11,310.0,0.22138448581505712,7,196.0,0.3162103692293588,137,4575.0
2625.0,133,992.0,2.165938864628821,4.42655537999992,1,9.0,0.5878000845863766,6,64.0,0.3717102747149753,8,81.0,0.42846145650516243,9,232.0,0.25589839503572187,7,368.0,0.26411737930222356,12,323.0,0.27988036954613443,6,371.0,0.2633708363754559,3,45.0,0.6564032047012428,8,215.0,0.22812532684589076,2,8.0,0.6723844063307409,34,1290.0,0.02520835213954944,2,746.0,0.45936655311754393,6,136.0,0.20389693556807564,10,164.0,0.20555921346833497,11,352.0,0.23234336572470962,8,201.0,0.11780320715106497,133,4605.0
2630.0,131,955.0,2.071583514099783,4.4552098430071325,3,12.0,0.6172452586590057,4,49.0,0.30295885269430833,3,83.0,0.5026190796186577,16,294.0,0.23534940534685597,16,433.0,0.2501323144730624,5,271.0,0.32198680600168933,5,332.0,0.18015935116207762,3,58.0,0.7374283618129575,3,235.0,0.4128298781479422,1,12.0,0.6922949001244799,30,1315.0,0.14426891290762173,7,742.0,0.34116058543711475,7,106.0,0.13621190248175055,11,186.0,0.11491412992681285,13,416.0,0.19724359518688678,4,158.0,0.2999654223557156,131,4702.0
2635.0,132,977.0,2.09656652360515,4.210309636124162,0,10.0,0.6123545387101598,3,50.0,0.35713119720186304,1,38.0,0.42542011663500856,21,384.0,0.11446646328664623,22,427.0,0.16833710333790447,4,271.0,0.30244628982055527,8,363.0,0.21868228875119036,4,71.0,0.4495307838736344,8,262.0,0.25918830096037143,1,17.0,0.5240751727127031,22,1181.0,0.2201415033063545,13,796.0,0.2522703478717121,4,43.0,0.28822976021412433,8,170.0,0.3077512090573908,10,406.0,0.10168518214945217,3,161.0,0.43816870713377937,132,4650.0
2640.0,158,1070.0,2.291220556745182,4.120182754501132,3,8.0,0.5826822697588826,10,82.0,0.4011958175171428,3,20.0,0.2902515495174278,27,508.0,0.0024198382521963685,18,492.0,0.06282520680940894,9,297.0,0.33382394074765687,6,320.0,0.3487745879010691,10,111.0,0.3701717240875939,8,243.0,0.20298929001671429,2,14.0,0.40088878061343514,15,944.0,0.1950548169962323,14,740.0,0.30970584065574613,3,51.0,0.35241855277328654,7,133.0,0.33008222747885335,13,351.0,0.09594986552632957,10,195.0,0.38731272745705997,158,4509.0
2645.0,152,1190.0,2.5052631578947366,4.338654616771311,1,11.0,0.5955071747932006,6,96.0,0.3588512016954497,7,54.0,0.3734354992181549,31,661.0,4.13040564176491e-05,16,533.0,0.10580984111479799,15,355.0,0.1930736937676732,3,190.0,0.3398461417645632,11,167.0,0.40531070053049606,7,159.0,0.2671488120320009,3,15.0,0.6594774605749661,9,783.0,0.24893503950885826,10,563.0,0.29612987014227254,8,79.0,0.3210709279569995,5,99.0,0.32738401456423266,9,389.0,0.10239138371815772,11,204.0,0.16920745571183843,152,4358.0
2650.0,140,1101.0,2.3227848101265822,4.438256266628728,3,17.0,0.6395523032130052,3,57.0,0.34620162619487593,2,50.0,0.6330363809784305,25,703.0,0.048244216267527694,14,526.0,0.1718673790401262,21,454.0,0.12164406703979344,3,197.0,0.2013007346711391,7,140.0,0.2505676106348789,4,99.0,0.5151377276694383,2,16.0,0.6783981765487953,2,741.0,0.42640070885085574,7,535.0,0.16304169707005903,14,137.0,0.09636867441609054,8,104.0,0.38858410324214604,12,412.0,0.12746900823405613,13,164.0,0.11947172476112826,140,4352.0
2655.0,129,984.0,2.1161290322580646,4.360966764347242,2,13.0,0.4868370588149165,2,64.0,0.36999959561143975,3,30.0,0.6217665447999952,15,609.0,0.12836481641628678,13,460.0,0.17497498021581107,17,473.0,0.1518053736505147,10,231.0,0.16842098474205214,4,87.0,0.15999075277211244,1,79.0,0.3500294169878369,4,25.0,0.49200370800856885,7,739.0,0.39547376516973776,10,589.0,0.13967659612634933,20,229.0,0.04127055884015715,3,85.0,0.40956618116370674,10,393.0,0.22726634465674692,8,131.0,0.3769375865821717,129,4237.0
2660.0,150,1029.0,2.2034261241970023,4.256025740145124,4,17.0,0.5907922605631911,8,91.0,0.40120897375379755,6,42.0,0.3767310887291335,12,602.0,0.24502049961134678,15,501.0,0.08123642129802497,12,413.0,0.1311910638938336,16,302.0,0.2334689496477378,2,72.0,0.20900690408524933,7,85.0,0.2631866074411299,9,63.0,0.251507577886133,13,787.0,0.19675049028842503,8,521.0,0.22879856851765756,24,348.0,0.18272908671944088,6,61.0,0.38593388668780354,5,310.0,0.3116874522853361,3,128.0,0.4628741349412336,150,4343.0
2665.0,151,965.0,2.0575692963752665,4.144923016704769,1,12.0,0.642176662419416,7,100.0,0.35830441451808476,9,63.0,0.037949907655167786,11,657.0,0.34506429819522155,11,521.0,0.1528219794713634,7,295.0,0.3575683340058029,17,305.0,0.2044640072182275,8,88.0,0.043605309439684166,9,95.0,0.24498040429516146,9,85.0,0.2681103664661109,19,872.0,0.11053033434975901,5,333.0,0.2558887532062566,18,397.0,0.31599532863375995,9,86.0,0.32842475995720144,4,312.0,0.2569002781572267,7,104.0,0.27332647922928205,151,4325.0
2670.0,144,1005.0,2.1566523605150216,4.362336942408841,3,10.0,0.6486794590292627,3,60.0,0.2920448698423013,8,77.0,0.06251737193250947,12,710.0,0.30452128995587974,16,562.0,0.22265613028411035,2,258.0,0.4861390110282193,16,243.0,0.21003550984213684,10,136.0,0.40781337274590407,3,73.0,0.48855678089217397,1,64.0,0.5370842623835419,26,992.0,0.15118175005757703,3,291.0,0.1832762477645945,13,366.0,0.14927252083593076,5,95.0,0.45355280212664223,10,351.0,0.17554697431702873,13,134.0,0.16003889005444752,144,4422.0
2675.0,135,905.0,1.929637526652452,4.073905610154997,1,8.0,0.5446513887929207,3,39.0,0.42086326027477355,0,61.0,0.33134355857092407,15,687.0,0.13709896663334178,17,566.0,0.21397747840912223,4,242.0,0.35969831938559993,13,278.0,0.12898183834168808,10,186.0,0.42076383229135567,1,52.0,0.5058561367106883,3,37.0,0.5623708000152735,27,993.0,0.1668555411791001,5,313.0,0.15338127484106656,11,419.0,0.12361824471773475,5,44.0,0.4560897354820221,9,334.0,0.10596722616105597,11,165.0,0.23988068530499812,135,4424.0
2680.0,142,780.0,1.638655462184874,4.291648999746499,3,13.0,0.6267379451118917,3,34.0,0.4929103120399675,2,56.0,0.5820534852535717,15,602.0,0.09190441182866665,18,494.0,0.12371848558466599,11,284.0,0.2995854462304278,10,313.0,0.14190811970466455,9,174.0,0.1369787514798893,7,69.0,0.33852280279664837,5,40.0,0.5074170708394873,23,858.0,0.1314895752246849,14,371.0,0.18547153012760467,7,455.0,0.2563629695151386,1,31.0,0.2043607046456178,10,243.0,0.09970258581694227,4,138.0,0.4706765630672444,142,4175.0
2685.0,153,892.0,1.8898305084745763,4.325241157191719,0,8.0,0.5239651899999301,7,49.0,0.5286883056104634,7,80.0,0.5541220235422883,12,625.0,0.2107744255960032,21,396.0,0.10621639335366123,15,352.0,0.27118057617599983,11,309.0,0.11195925827261875,5,118.0,0.20029809641438787,7,81.0,0.2125940910753883,0,34.0,0.30811464630318514,19,626.0,0.1358335580659768,21,457.0,0.19558746321385198,8,434.0,0.24681125060206607,6,40.0,0.09997911122690135,8,185.0,0.1568882308987246,6,83.0,0.3976843954348221,153,3877.0
2690.0,130,838.0,1.8138528138528138,4.3591390469029,3,10.0,0.6247308342329048,5,54.0,0.2635140419831471,9,103.0,0.33375500686030574,10,660.0,0.25725660787332744,10,451.0,0.17370054991162015,17,353.0,0.06191460385712055,10,286.0,0.15634135646123437,1,109.0,0.5071036962009969,5,66.0,0.3179276800111515,5,22.0,0.5402995094810776,8,680.0,0.28684371714788914,28,580.0,0.16230081766868126,6,341.0,0.14910792364779943,1,40.0,0.6375129397180505,1,173.0,0.216684120054981,11,99.0,0.34078117758459064,130,4027.0
2695.0,123,809.0,1.778021978021978,4.664164321620003,1,8.0,0.6476200056007131,4,38.0,0.4042887401644975,12,115.0,0.14294267645288777,9,616.0,0.15595761179644718,7,445.0,0.331626917972865,13,272.0,0.11237206840933418,2,278.0,0.18545311965955308,9,125.0,0.4470685265571848,3,71.0,0.44985604893084097,5,47.0,0.5642959982567852,8,692.0,0.3416500837784127,33,729.0,0.06552868384321231,4,361.0,0.14643823658766633,0,13.0,0.8750917060337908,7,155.0,0.35440685167151076,6,100.0,0.36061320056708673,123,4065.0
2700.0,136,875.0,1.8898488120950323,4.100075993703397,3,10.0,0.5966233958524925,3,41.0,0.4127851812027619,7,151.0,0.22290719311603022,10,508.0,0.15803063862120942,13,468.0,0.2531423962758829,5,294.0,0.25235777997591163,7,283.0,0.11327090563227747,13,176.0,0.15107243729804198,9,101.0,0.2769509375395346,3,46.0,0.2727837782034379,10,617.0,0.16482247845177347,28,753.0,0.07163810468119998,9,392.0,0.28063691480015424,1,5.0,0.5532203944656738,8,156.0,0.2988221268410755,7,74.0,0.2603620464659597,136,4075.0
2705.0,152,921.0,1.951271186440678,4.3254728824432735,1,6.0,0.6559173516583338,8,64.0,0.4389583241833144,10,173.0,0.23978026837998237,7,531.0,0.2984331806158505,13,458.0,0.12868876026872364,9,332.0,0.34578043961811883,14,340.0,0.18789680575196624,11,185.0,0.043058583827760254,9,118.0,0.23159737332550756,2,23.0,0.442982907223641,15,683.0,0.07777587885456698,21,674.0,0.20113993898146348,9,368.0,0.37273098130329163,6,27.0,0.2899853415316908,6,99.0,0.21835938723287085,11,81.0,0.3823679653174186,152,4162.0
2710.0,132,802.0,1.6919831223628692,4.399247613671304,2,7.0,0.6782813999028545,6,73.0,0.2519641237274863,10,181.0,0.09234989633394292,9,551.0,0.3024093045542675,13,339.0,0.07042411320405775,10,307.0,0.3644330066572656,14,355.0,0.21756348411225615,3,122.0,0.4004882603364736,5,103.0,0.323552646802502,1,15.0,0.5488165964358778,14,738.0,0.16452579717947116,12,552.0,0.3080102122075333,8,282.0,0.27988428616487665,6,61.0,0.4176064610922147,7,93.0,0.1799726098630072,12,137.0,0.3200416071764562,132,3916.0
2715.0,129,784.0,1.6752136752136753,4.310532534094315,1,7.0,0.5238225981372111,3,54.0,0.3654594980230025,12,176.0,0.12678350664496005,16,618.0,0.20540864804680095,13,298.0,0.13294657394267734,10,237.0,0.264678149709985,12,293.0,0.19550035674090682,2,118.0,0.5872659466590142,3,94.0,0.46627171327995803,5,34.0,0.5759106876545838,17,777.0,0.17024359114318677,5,468.0,0.31961334471186514,5,268.0,0.16317424221467028,0,52.0,0.6428223755682471,8,101.0,0.3680148483813736,17,208.0,0.18101340920472636,129,3803.0
2720.0,124,688.0,1.4638297872340424,3.9313260160281938,3,18.0,0.6425089106581837,4,36.0,0.5762664519165229,6,167.0,0.3951289387698095,19,603.0,0.06738972251459673,9,329.0,0.2084839411350081,9,245.0,0.10603077028847552,10,347.0,0.11302731427390726,7,141.0,0.43815044813266923,8,124.0,0.3916511469705268,1,32.0,0.37452552728930716,20,722.0,0.056291319716280146,4,439.0,0.32463332318675736,7,291.0,0.23415641981538196,0,8.0,0.6509682941684037,1,85.0,0.43411192173161467,16,253.0,0.08637063707704089,124,3840.0
2725.0,138,646.0,1.343035343035343,4.255643201523504,4,38.0,0.5556902301389609,3,33.0,0.554769202864161,4,162.0,0.4533325206227461,18,452.0,0.12030095692965825,7,329.0,0.308869043495437,8,267.0,0.14165082167404675,11,398.0,0.11807672950996853,8,140.0,0.11631996316480563,10,137.0,0.22367772132660338,2,12.0,0.46922988151556644,21,585.0,0.063233439045684,9,470.0,0.3068440541542431,15,345.0,0.219796145346247,1,4.0,0.25653338510194584,6,66.0,0.3060110869072524,11,213.0,0.2629155001687912,138,3651.0
2730.0,142,670.0,1.3673469387755102,4.339444681277585,0,26.0,0.48938009647166314,6,33.0,0.37105893761933956,10,147.0,0.3102397866371994,13,466.0,0.2782956422802143,10,310.0,0.3731507287257702,10,260.0,0.12270494927988207,8,390.0,0.25229062317917705,7,100.0,0.16682119538837475,8,98.0,0.2397832324793363,1,9.0,0.4975176731914734,19,489.0,0.11465614494056293,11,456.0,0.27856960835114564,14,344.0,0.08667516224195977,6,34.0,0.1835815511591274,13,112.0,0.1760344830830097,6,232.0,0.3212769332740449,142,3506.0
2735.0,137,666.0,1.3817427385892116,4.4233155666194435,3,9.0,0.5689324696257486,7,53.0,0.2847724919792651,20,220.0,0.02098466800211458,10,503.0,0.2572239541974375,8,238.0,0.26917007915960833,12,225.0,0.20946307000263034,7,264.0,0.30820628718134013,4,112.0,0.4553288392503211,4,77.0,0.35017638958022934,5,26.0,0.6438857850277819,12,452.0,0.31238288326787966,8,357.0,0.29599404383080735,16,251.0,0.12053902545943641,0,32.0,0.6576511465896504,14,147.0,0.09200433435702741,7,258.0,0.2548764611632669,137,3224.0
2740.0,113,540.0,1.120331950207469,4.003196948707159,5,28.0,0.5693248211052571,3,36.0,0.46190578639832675,20,263.0,0.06983619749029822,13,560.0,0.13939927602972652,5,242.0,0.12254061206722494,8,230.0,0.19740160520855465,3,266.0,0.1945481359447641,7,110.0,0.4688101114548921,2,66.0,0.4768746589295145,7,56.0,0.36404809757206597,5,439.0,0.38174971748527825,6,368.0,0.12733982887258433,10,273.0,0.13497274090311545,0,6.0,0.8316181170658112,9,149.0,0.11028581759887814,10,251.0,0.23075204222381543,113,3343.0
2745.0,120,516.0,1.0509164969450102,4.201917819739114,0,22.0,0.5325310277892052,2,31.0,0.33863665136535853,7,308.0,0.33730474015480144,13,520.0,0.06775361670998424,8,264.0,0.14203896390469764,7,215.0,0.16148709698588562,7,292.0,0.13937572688432115,14,153.0,0.2538743547187494,8,74.0,0.3183521551918952,8,70.0,0.19816876305142517,9,393.0,0.2735974134864034,10,412.0,0.140085505628343,9,302.0,0.2573359067287241,2,6.0,0.5170674281027385,11,146.0,0.2839790544273487,5,205.0,0.31501126595007783,120,3413.0
2750.0,128,592.0,1.1983805668016194,4.376974122707603,2,6.0,0.6526918974830251,3,32.0,0.6358822724128296,9,307.0,0.25425936876975075,10,415.0,0.12953467299524185,9,254.0,0.10632287446855383,10,217.0,0.13697605154797002,8,279.0,0.279654804409486,18,240.0,0.16462596524313375,10,89.0,0.17548579910980341,4,58.0,0.3066062347169421,14,413.0,0.20479425014482755,12,391.0,0.22487098175606135,6,284.0,0.30899506857490183,2,12.0,0.21912003960529908,5,172.0,0.40630973153186345,6,213.0,0.26292012136573173,128,3382.0
2755.0,118,546.0,1.1097560975609757,4.576406176467233,2,4.0,0.6498208326014934,1,16.0,0.7812908793804605,9,287.0,0.08102473901033337,8,429.0,0.26641301589298827,9,201.0,0.1863337692772707,11,178.0,0.2819082183708741,5,205.0,0.3368888030723487,13,259.0,0.24183667997284383,7,91.0,0.29528371556852157,3,65.0,0.47291458915132134,14,404.0,0.11783030293608605,9,300.0,0.29154862093588574,6,203.0,0.25789342237649526,3,23.0,0.5816967492098508,8,197.0,0.359621472879732,10,246.0,0.15318276317121118,118,3108.0
2760.0,105,425.0,0.878099173553719,3.9938422502900557,3,13.0,0.6621943398324673,3,11.0,0.5793787356361829,12,245.0,0.10494932882919628,9,472.0,0.2883121967760937,6,173.0,0.25834947444691514,3,181.0,0.2131204497775902,5,204.0,0.2038348387225618,6,204.0,0.15724866226295883,4,98.0,0.38890049888230477,8,92.0,0.3467721753958581,17,326.0,0.20706826074540666,5,283.0,0.1991610849539224,3,193.0,0.16163250927470052,0,12.0,0.7929170073258386,9,213.0,0.1919092032418149,12,257.0,0.11726596390334981,105,2977.0
2765.0,113,514.0,1.0511247443762781,4.003060402989807,0,4.0,0.6289530871451313,1,12.0,0.38980887966913486,2,263.0,0.3918722577663445,15,532.0,0.1703699176405104,6,177.0,0.16466796311695597,7,186.0,0.1393352499343924,8,240.0,0.1452864914403881,3,187.0,0.2713721466853013,9,128.0,0.31730782048609757,14,154.0,0.19160506156542695,13,351.0,0.2120451686476297,9,308.0,0.1673901278802866,5,208.0,0.2957206879409209,0,4.0,0.8275361731378297,12,197.0,0.16193659364585963,9,214.0,0.2816502889060976,113,3165.0
2770.0,142,680.0,1.3682092555331993,4.044610645144445,3,7.0,0.6569337667134005,4,24.0,0.6359498174001751,9,266.0,0.3046274294083692,15,519.0,0.10758656775428505,11,183.0,0.19547381918782325,13,240.0,0.09549569097051908,8,232.0,0.25218046795129667,7,218.0,0.24742496126597824,11,143.0,0.16937795515599255,11,180.0,0.24007794167686017,14,384.0,0.14669466333143652,9,277.0,0.24675234164789958,13,260.0,0.2850402646137085,2,2.0,0.386160174026353,6,212.0,0.250202757924357,6,230.0,0.2661540796032532,142,3377.0
2775.0,148,754.0,1.5232323232323233,4.407446265166267,0,5.0,0.651531880855926,1,19.0,0.666492791350567,16,325.0,0.2502609556263468,14,441.0,0.27411400191052565,14,205.0,0.204264111155462,14,257.0,0.20125112037696843,5,163.0,0.3813967595751541,14,278.0,0.23760706030371767,8,126.0,0.27195862345147515,4,146.0,0.43572919432423296,10,363.0,0.14251638261940486,9,194.0,0.25450419943948605,20,340.0,0.15811806141249798,3,16.0,4.211892836691465e-05,8,211.0,0.25930766876191,8,268.0,0.16965056256786548,148,3357.0
2780.0,137,787.0,1.5931174089068827,4.005778034960732,2,8.0,0.6674830813800665,2,8.0,0.5618409962590848,23,424.0,0.1755858099137816,6,408.0,0.26859493399395523,12,192.0,0.19764288225376406,13,236.0,0.3048109337655066,6,184.0,0.3947476509261235,12,295.0,0.10876983590064235,3,134.0,0.39426180009003764,1,112.0,0.37443361501538247,10,283.0,0.1960904617776786,3,183.0,0.1970402835526176,20,383.0,0.047325838222395916,0,13.0,0.42308142435481555,9,212.0,0.1898354425099982,15,338.0,0.11848235908959384,137,3413.0
2785.0,143,878.0,1.7809330628803246,3.7861808864990154,0,3.0,0.6896386669266482,1,10.0,0.4258211293494644,23,543.0,0.0628746874958365,6,418.0,0.2078652093890343,14,251.0,0.072894725537627,12,197.0,0.20175528808550888,8,216.0,0.34058207587657724,8,231.0,0.28154642014874914,9,164.0,0.27573652811443605,6,127.0,0.25561942596396925,5,299.0,0.2498009233753964,7,188.0,0.17155913235230597,18,373.0,0.2107269718068048,0,8.0,0.8081046157345667,10,197.0,0.13355929467885067,16,353.0,0.19976770927700446,143,3578.0
2790.0,159,988.0,1.995959595959596,4.043952032341442,2,5.0,0.6737869579865532,4,24.0,0.6543762420750545,18,552.0,0.17611474692328502,13,471.0,0.08009329656312833,17,305.0,0.08134554703721862,10,220.0,0.18592498585423398,16,278.0,0.2164051946228331,4,257.0,0.38036475818214627,12,173.0,0.17480400455209993,8,125.0,0.24823341668747384,7,303.0,0.15784359072660256,13,241.0,0.2529104282473253,11,312.0,0.30704242123285846,0,8.0,0.8911679151159813,12,231.0,0.205984250320159,12,297.0,0.2769558081873897,159,3802.0
2795.0,144,817.0,1.6538461538461537,3.988466853265895,2,4.0,0.5913613912212414,1,19.0,0.6716055763862808,14,463.0,0.12968433785399805,16,465.0,0.24891616347824064,15,329.0,0.13086775319481747,6,241.0,0.2234944047884951,16,300.0,0.10626021595851869,8,285.0,0.3158914227225577,9,148.0,0.2602469581425762,2,71.0,0.4681025933722676,14,362.0,0.11702878312827847,13,258.0,0.2151026651756999,3,318.0,0.23455766099539682,2,6.0,0.48219675438822285,10,256.0,0.2650473064307518,13,354.0,0.23082529380901112,144,3879.0
2800.0,163,874.0,1.7341269841269842,3.9379567001019895,3,16.0,0.6194178254217855,3,12.0,0.5526652165926154,8,504.0,0.2602330720623262,9,372.0,0.28932827982200654,17,348.0,0.1704084085577303,10,264.0,0.32481890523028084,17,243.0,0.08876920128092272,15,344.0,0.27749880276615524,4,161.0,0.384092664887974,4,75.0,0.3717594639965982,21,456.0,0.1594520880383889,12,220.0,0.1169529385461037,9,350.0,0.240215205826233,6,30.0,0.0868913974670937,13,254.0,0.2056712545803732,12,419.0,0.1713228467601583,163,4068.0
2805.0,168,971.0,1.9265873015873016,3.77704036538826,0,6.0,0.6093948658654063,0,11.0,0.41808042519156813,9,540.0,0.3074648925696191,6,409.0,0.27215947523066036,15,333.0,0.27099533550268784,17,322.0,0.3037314232280051,11,305.0,0.15284428293200436,16,348.0,0.09334274077054687,9,185.0,0.2604108019369274,10,105.0,0.21118459744327933,22,486.0,0.16443735507214302,8,241.0,0.18641750878343713,7,333.0,0.2886994053859735,6,50.0,0.3682242207541173,20,315.0,0.16462702119204595,12,403.0,0.09811040766434419,168,4392.0
2810.0,162,936.0,1.8534653465346536,4.014595478222372,2,8.0,0.6375070507746184,2,13.0,0.7611805223430362,11,505.0,0.22542066967996918,8,442.0,0.1346599044203699,15,363.0,0.24607850855462998,18,359.0,0.14740002748514577,10,338.0,0.1354113306152146,13,280.0,0.2657314763633438,10,183.0,0.1936384428135406,9,115.0,0.30671032906997486,20,436.0,0.09895406478402528,5,254.0,0.3160033994786488,4,249.0,0.31891514668866744,0,34.0,0.7033592069081284,26,431.0,0.10952394623776968,9,340.0,0.11589310619326607,162,4350.0
2815.0,160,996.0,1.9840637450199203,4.044878437802068,1,9.0,0.5874981623416501,0,4.0,0.828564371999458,13,402.0,0.12112238251799635,9,410.0,0.198561721171863,14,413.0,0.24787561630358262,18,352.0,0.11787333436702037,16,404.0,0.09987102438082339,4,280.0,0.3323618963715822,8,131.0,0.2705023644328058,1,65.0,0.5322268795908884,18,530.0,0.10521101495585222,11,270.0,0.25475091795592536,6,266.0,0.21046069245322813,2,11.0,0.529374939580612,32,581.0,0.02304707956572917,7,361.0,0.24815386374787277,160,4489.0
2820.0,162,1118.0,2.2585858585858585,4.062842290709276,3,18.0,0.6380094596544778,2,6.0,0.6203209738917601,11,451.0,0.26255713790983637,5,299.0,0.1425793720847506,15,480.0,0.18819720109098956,9,380.0,0.2025139684117491,16,421.0,0.08895169547601009,8,315.0,0.22318535638437345,3,143.0,0.35599273125867464,2,70.0,0.4100381124621588,14,600.0,0.2070764149594773,18,342.0,0.09009391809849696,9,309.0,0.11225638858367988,7,34.0,0.24509611358249836,31,660.0,0.13864039093142808,9,398.0,0.30929623662602573,162,4926.0
2825.0,172,1257.0,2.5705521472392636,4.108133024694044,0,10.0,0.5985824555382769,0,5.0,0.5016445981522497,10,471.0,0.28182107323695044,5,295.0,0.16466382343831665,21,572.0,0.16345421144168673,7,396.0,0.25492578271738847,12,371.0,0.2503810327082228,15,376.0,0.20194029626028626,9,173.0,0.23617090779788333,9,98.0,0.23888569675571542,10,581.0,0.2638505612250885,25,458.0,0.04663111904522345,10,299.0,0.2261591678478627,7,73.0,0.3722879685456856,22,634.0,0.20352866786073157,10,382.0,0.2736985790727059,172,5194.0
2830.0,165,1196.0,2.455852156057495,4.038194551209464,2,6.0,0.7125674117427233,1,9.0,0.8076127380233031,11,434.0,0.2017933850887178,9,337.0,0.1644223334800495,27,698.0,0.07358295622904566,10,378.0,0.08422937687297014,9,281.0,0.38214461801785793,14,379.0,0.15045850199200966,11,176.0,0.19650502029273206,9,114.0,0.29583650401164424,9,486.0,0.15109170930667667,20,498.0,0.26375447574227906,7,236.0,0.3399913412270711,1,65.0,0.6195402127547935,15,544.0,0.15201211457463384,10,325.0,0.20603969089373725,165,4966.0
2835.0,137,826.0,1.7389473684210526,3.7155526115104625,0,2.0,0.6378168021795109,2,7.0,0.7311992735988669,13,338.0,0.12663319605816084,8,301.0,0.34593442341711617,30,756.0,0.01874338723527024,11,368.0,0.09082435274910859,4,214.0,0.33597850655031597,9,306.0,0.15401296328545677,8,149.0,0.2342487382392901,1,74.0,0.4965983578953858,10,504.0,0.11591146134607842,14,411.0,0.2453555426954431,4,259.0,0.27188146128986274,0,15.0,0.6035251048850583,13,613.0,0.1519967512684357,10,362.0,0.09128310089950811,137,4679.0
2840.0,123,642.0,1.3487394957983194,4.177449178451033,2,6.0,0.6098674342446158,3,16.0,0.5526772745819809,11,384.0,0.2601205113187769,4,202.0,0.32991215029335186,24,737.0,0.0843919473428591,5,344.0,0.3603110376386238,2,216.0,0.2914446669753423,11,292.0,0.11720937038299761,3,154.0,0.3517392486434629,2,68.0,0.43808000835695554,14,552.0,0.22404935164664994,10,435.0,0.22534919873055523,10,297.0,0.13351504519562812,4,16.0,0.3003653293159832,8,647.0,0.2898096136321169,10,398.0,0.1813050356978084,123,4764.0
2845.0,129,680.0,1.4255765199161425,4.101200770864606,1,5.0,0.6078522415509238,2,15.0,0.38142092157054647,9,403.0,0.2122492549280825,6,217.0,0.18110201306161688,15,644.0,0.26153852452745296,3,336.0,0.30184252660480976,9,248.0,0.3652329572576945,9,340.0,0.1643616124058141,7,180.0,0.267912098376562,8,94.0,0.24285945036680287,9,529.0,0.2542338206320473,6,479.0,0.17870687439650434,10,288.0,0.23633331829506465,7,47.0,0.3913529799860556,15,679.0,0.23770352605153336,13,389.0,0.20069547539946422,129,4893.0
2850.0,141,755.0,1.5762004175365345,3.9255910440901327,2,11.0,0.6489123039006054,5,29.0,0.55514599282437,12,382.0,0.1533916295652561,9,260.0,0.1483422325395538,6,628.0,0.39343374425660127,9,330.0,0.13666209310727534,10,253.0,0.25842121010450847,6,314.0,0.3080575729749488,10,182.0,0.16536190132276662,8,104.0,0.2958654766298148,9,393.0,0.14914570682085868,14,534.0,0.244011117414744,6,185.0,0.31991856127093293,1,48.0,0.610524239038513,22,769.0,0.08547678554015715,12,334.0,0.18179462388401144,141,4756.0
2855.0,132,736.0,1.5301455301455302,4.127436825822323,1,6.0,0.609779789262041,0,26.0,0.7136205238779498,15,301.0,0.13634436867194938,8,239.0,0.32556456194189576,8,656.0,0.363258475394039,17,398.0,0.044147036528244935,8,197.0,0.15450971431073457,4,203.0,0.292080940398273,8,147.0,0.2916169544618873,0,63.0,0.5731000304972989,6,423.0,0.13645212408900875,15,530.0,0.2433492820338256,4,209.0,0.27294906514825185,0,13.0,0.5928295460215556,28,898.0,0.023581910276982206,10,313.0,0.13228394176734803,132,4622.0
2860.0,130,854.0,1.7535934291581108,4.282426442520176,2,9.0,0.7101911438338823,2,10.0,0.6384830285643183,10,309.0,0.27073298182403316,6,159.0,0.3751245656804482,7,619.0,0.21406801140165171,17,407.0,0.18161724806553164,5,213.0,0.18145899664423465,3,215.0,0.1471195038903498,2,153.0,0.4034160983896925,3,53.0,0.4677153942093172,8,442.0,0.22353286986663995,14,423.0,0.1532853543204283,8,239.0,0.24934511174940757,1,7.0,0.40681841992995244,36,1065.0,0.11029279961145332,6,303.0,0.20041054495145172,130,4626.0
2865.0,152,1018.0,2.112033195020747,4.088329302898666,0,3.0,0.5906506042343719,0,3.0,0.42551620579373667,7,312.0,0.2574673447928353,7,184.0,0.3097422544506888,7,501.0,0.13576921568261233,12,334.0,0.3557802851939986,10,245.0,0.35635237324045427,10,249.0,0.16445536586878054,8,180.0,0.24253842021505578,9,82.0,0.21639705888771826,14,494.0,0.247736513063187,14,333.0,0.1628645081173434,8,219.0,0.275562131637591,3,13.0,0.4842613343053905,30,1122.0,0.17113278573573906,13,348.0,0.07418844682013194,152,4622.0
2870.0,147,986.0,2.041407867494824,4.097799454701751,3,9.0,0.6584293230572121,4,22.0,0.6078457161017199,11,292.0,0.11182571945642511,10,225.0,0.21485052192435616,3,528.0,0.11134005747989655,8,209.0,0.2894027193852756,15,310.0,0.31394027767504173,15,312.0,0.24381149197156932,10,186.0,0.19510438875030248,6,94.0,0.30269853705474603,13,484.0,0.1279380983297654,4,360.0,0.3453404610449949,6,160.0,0.2878786846602096,2,18.0,0.7021707658135693,23,991.0,0.1469743514081869,14,348.0,0.21513614822447544,147,4548.0
2875.0,147,914.0,1.8845360824742268,4.082018134599772,0,5.0,0.6984418136351199,4,42.0,0.6557371028344552,14,246.0,0.19782702218219494,12,227.0,0.20399954279760188,8,551.0,0.07858348260381141,3,233.0,0.22105171642768753,17,318.0,0.07975896916889906,21,407.0,0.23613135149580633,9,150.0,0.23131862752944873,2,49.0,0.58916679157329,16,416.0,0.08582156004520504,8,361.0,0.3612243101612249,5,95.0,0.23557528427549124,1,8.0,0.5512846904178107,19,846.0,0.13844363754015326,8,279.0,0.3189248226873847,147,4233.0
2880.0,128,763.0,1.5829875518672198,3.9959789468284503,2,5.0,0.6452472180712532,2,35.0,0.33605842286947996,6,223.0,0.18269941074830803,9,172.0,0.26149531050673125,8,510.0,0.1057480177984776,8,260.0,0.26006570715781546,17,283.0,0.11577881776301542,27,530.0,0.13819698728440966,4,174.0,0.2732794352600092,3,51.0,0.484570551254099,12,442.0,0.20708967779548748,9,334.0,0.17737216246034263,1,107.0,0.2876461011537708,2,18.0,0.4685760331171463,13,832.0,0.19400976084483126,5,186.0,0.3136158476731633,128,4162.0
2885.0,138,851.0,1.7619047619047619,4.228117243560815,0,2.0,0.7354077366570688,3,15.0,0.48307040646596494,8,219.0,0.286177682542608,7,173.0,0.3295952205438832,3,380.0,0.16289824026104793,8,242.0,0.20298200681641432,5,270.0,0.30717232885420953,32,682.0,0.030789697611704876,9,204.0,0.3490759772132013,8,77.0,0.2517748532188107,14,486.0,0.2481376467699253,13,270.0,0.12320653934909614,7,130.0,0.3661767873186042,7,41.0,0.3159332132918924,8,856.0,0.3105779285883418,6,210.0,0.2543622137445259,138,4257.0
2890.0,143,958.0,1.975257731958763,4.4240814920567315,2,5.0,0.748374744264282,4,23.0,0.5521984350522391,13,249.0,0.25922722370675133,8,199.0,0.2764841674572751,0,205.0,0.3254205165309686,8,203.0,0.2732623635726054,6,273.0,0.39873951930701307,29,744.0,0.130449358327,9,201.0,0.22299771531437126,6,90.0,0.32613050175043046,15,549.0,0.16839913965882117,7,273.0,0.13674222936014852,7,136.0,0.3240966842480155,7,57.0,0.4151200917935839,12,852.0,0.3599566210739803,10,253.0,0.19718700717943047,143,4312.0
2895.0,147,1067.0,2.1954732510288064,4.240076221172404,0,0.0,0.7630293716570523,5,42.0,0.601428724093762,15,259.0,0.08656111871453613,9,201.0,0.09491664453159752,2,130.0,0.46303998512620353,3,212.0,0.2266305401859715,13,319.0,0.2254372826378701,20,690.0,0.24321128291376568,7,154.0,0.2432435481952314,2,48.0,0.6161123239107179,22,648.0,0.06429410834948462,8,279.0,0.30356997498534294,6,89.0,0.1784841780608374,1,34.0,0.45749542727530346,18,912.0,0.26323539463080287,16,318.0,0.20333271353565127,147,4335.0
2900.0,160,1102.0,2.2262626262626264,4.197390040253882,1,3.0,0.7097899716216516,2,36.0,0.2940496569105693,15,242.0,0.11436923790876016,8,170.0,0.2752585483896257,3,134.0,0.3914196413647722,9,233.0,0.14465708892319162,19,400.0,0.04780102086952016,14,734.0,0.18406678514305558,3,162.0,0.32548751968820994,4,54.0,0.48762221541634215,21,662.0,0.16301856389123862,14,324.0,0.23762407772620883,9,81.0,0.2234074994082283,1,33.0,0.47024092437765364,19,886.0,0.10338230397457261,17,342.0,0.27664915521630723,159,4496.0
2905.0,165,1107.0,2.2318548387096775,4.229830366220447,1,3.0,0.7322548845512021,3,17.0,0.46053733440079303,4,266.0,0.23723173800892755,3,157.0,0.291948850314287,10,172.0,0.24726185062290063,13,239.0,0.09193112670621226,24,516.0,0.0423607102979014,10,791.0,0.10531850659263504,9,195.0,0.36186079546202204,9,89.0,0.2543912459575023,17,579.0,0.2133692565494167,19,409.0,0.22877718682768963,3,84.0,0.4189549688491903,5,48.0,0.4640519341535972,23,758.0,0.06174717220883442,12,301.0,0.35466052485978655,165,4624.0
2910.0,177,1223.0,2.5061475409836067,3.6700427796177837,3,10.0,0.6202509654185758,1,15.0,0.4977343196674182,8,275.0,0.2614005874374812,7,169.0,0.3246693788978197,16,244.0,0.1447217014422152,11,215.0,0.12821174394438367,26,648.0,0.19692181999826724,10,753.0,0.21465103139176234,10,194.0,0.19120492674618156,7,101.0,0.3126763478462764,16,434.0,0.17502154418687924,19,420.0,0.1759433568876656,7,82.0,0.31138507561066925,4,52.0,0.31216171936203374,22,602.0,0.08839413887730513,10,347.0,0.20184020740282715,177,4561.0
2915.0,156,1113.0,2.3043478260869565,4.02898491608757,0,6.0,0.623239864619474,5,31.0,0.5773353124910768,15,334.0,0.3193410288765963,13,217.0,0.15549883621832647,17,263.0,0.08200305745637129,5,218.0,0.2728565403460362,25,676.0,0.15020889700401358,5,624.0,0.33679490444381727,9,158.0,0.24261851728355974,0,51.0,0.6146040863582433,12,399.0,0.24490959787843178,13,348.0,0.2503964311294448,13,119.0,0.3304460954156808,3,31.0,0.24969199298017983,11,656.0,0.16645525772022413,10,387.0,0.1562217462238017,156,4518.0
2920.0,145,1000.0,2.0533880903490758,4.416770661507946,2,8.0,0.7679881585379036,1,30.0,0.3242583069000903,22,427.0,0.1946074672429678,21,305.0,0.001239055514675297,15,245.0,0.19377891251547172,9,231.0,0.29833342973462357,18,606.0,0.18174089478318978,6,631.0,0.3276565678151878,1,138.0,0.33569170621713335,4,61.0,0.5392690734173681,1,381.0,0.432989024318709,13,254.0,0.3040077525160849,9,140.0,0.3124529905809614,5,39.0,0.2893707646571537,8,645.0,0.21391244790057742,10,371.0,0.10062601634939417,145,4512.0
2925.0,153,1046.0,2.1390593047034763,4.284420957109844,1,3.0,0.5982341005090407,3,22.0,0.43747780353057847,26,551.0,0.1457313989637734,16,337.0,0.05380870603904155,17,309.0,0.24467764222668364,15,288.0,0.18569105897727192,11,630.0,0.30062265064580307,9,669.0,0.195430164707817,6,154.0,0.4044783899562424,9,97.0,0.27278408268348914,7,385.0,0.3547946045381853,8,222.0,0.2597318343138177,3,110.0,0.3599445957232956,3,46.0,0.49511726865719136,9,551.0,0.22428596025481415,10,307.0,0.11763101369295248,153,4681.0
2930.0,142,866.0,1.7637474541751528,3.9607103890834745,4,16.0,0.5812170428194372,2,22.0,0.5305108215606528,25,601.0,0.0570591228937458,6,282.0,0.36418842864293693,15,385.0,0.1428301074022862,18,312.0,0.03591846743629697,8,677.0,0.2937633310928645,11,625.0,0.09894634105707993,8,152.0,0.22935930647299044,8,111.0,0.2384781691418299,9,365.0,0.19933067753250827,4,187.0,0.3267268992754712,3,107.0,0.28565806556843754,6,44.0,0.5185625915053161,5,413.0,0.2720775182292284,10,272.0,0.1970072114597205,142,4571.0
2935.0,136,770.0,1.5461847389558232,4.515443985458912,0,10.0,0.6312310988973864,5,40.0,0.595663199393941,20,562.0,0.21093099824952982,0,158.0,0.6425762860705997,12,390.0,0.12847930594535018,16,284.0,0.09912006177374919,15,736.0,0.17926954340052412,10,501.0,0.11267118190138478,7,120.0,0.2847921605961657,2,72.0,0.5294816135609313,11,335.0,0.15343753735946572,6,191.0,0.40844993796399715,9,133.0,0.15214630045284375,8,71.0,0.15785771801791912,5,427.0,0.16341229547091407,10,323.0,0.2525531077151553,136,4353.0
2940.0,134,798.0,1.618661257606491,3.921542373564489,2,5.0,0.6493081610333044,4,37.0,0.29947579768234406,14,568.0,0.25083871483330433,2,156.0,0.4965300103836748,9,356.0,0.2333434905907352,9,326.0,0.1321663912802073,15,721.0,0.05452256989576267,5,481.0,0.19767264773273965,5,82.0,0.36405932225495075,3,75.0,0.45301794095802633,7,359.0,0.19366408635292276,12,229.0,0.27202662743533323,11,141.0,0.07550705004727762,12,131.0,0.05934481127148957,9,466.0,0.0900368849446673,15,385.0,0.2854934102287885,134,4518.0
2945.0,150,781.0,1.6004098360655739,3.799648053642733,1,7.0,0.6139470242608358,3,30.0,0.41387749748105845,10,625.0,0.17011104877725677,8,185.0,0.3014542886275084,10,385.0,0.19131614089219867,8,355.0,0.10036847488460345,16,627.0,0.18436779330611008,8,505.0,0.30510835982837103,3,80.0,0.459242468143968,9,105.0,0.2607313803690701,12,374.0,0.2005231409236396,19,302.0,0.08245802853947357,10,105.0,0.11922578298698411,6,144.0,0.49755641582646254,10,427.0,0.22748228083372768,17,427.0,0.14981673820544172,150,4683.0
2950.0,154,874.0,1.7836734693877552,3.7170232477361016,3,15.0,0.5413135413275155,2,29.0,0.4878164798008303,8,598.0,0.14906050805839385,8,179.0,0.0939635343708916,11,427.0,0.13134744743296006,9,343.0,0.2311975705313469,12,689.0,0.2462904352089526,14,563.0,0.2368955406378882,9,91.0,0.36226664365418415,15,168.0,0.16427598045810474,14,361.0,0.1258531343635991,18,342.0,0.09334485232582025,2,119.0,0.3458399959789521,0,78.0,0.6355078914356349,7,289.0,0.24651506156946176,22,461.0,0.1951302624976118,154,4752.0
2955.0,167,1211.0,2.4714285714285715,3.9658960146058484,0,17.0,0.5739578210515145,6,44.0,0.5293874472053668,6,480.0,0.1946174216286687,7,126.0,0.3564025175224087,15,488.0,0.07419018117699847,5,273.0,0.3408011397589159,10,728.0,0.13133701594541902,22,656.0,0.09152882582380477,13,145.0,0.19322439858923965,20,261.0,0.15299741844813414,12,272.0,0.11533432082927883,10,308.0,0.3724318702361657,8,146.0,0.41876087993224714,0,46.0,0.39134077071049894,5,217.0,0.20843760994732405,28,589.0,0.10889501557620707,167,4796.0
2960.0,165,1202.0,2.408817635270541,3.459692156634775,1,1.0,0.6185842642779454,2,45.0,0.300339157044767,3,451.0,0.21518729933050867,2,130.0,0.3716031247066864,15,504.0,0.06181564436317137,4,258.0,0.3134515142933758,10,678.0,0.1014712432433698,28,785.0,0.02956691717450098,11,170.0,0.23773483478428833,15,296.0,0.1879065284425073,9,310.0,0.2174840287678303,3,275.0,0.3501281273549583,11,154.0,0.21034878835814427,7,70.0,0.17885695844148827,13,263.0,0.1373804988566767,31,651.0,0.046966024689076895,165,5041.0
2965.0,158,1185.0,2.4134419551934827,3.742519551957775,3,8.0,0.5882565617154992,1,21.0,0.4486035500654477,9,477.0,0.18868961060000025,9,141.0,0.2757493277277423,11,443.0,0.09063208905220928,6,272.0,0.1887684399725293,8,483.0,0.2204077823138767,28,928.0,0.16453960474059964,3,128.0,0.4431416237366081,7,246.0,0.39235051396359977,9,330.0,0.2251508138001383,6,291.0,0.24514102974400717,12,147.0,0.09919312476561531,11,123.0,0.3666929833822588,10,304.0,0.2669919424457571,25,626.0,0.18417345365443838,158,4968.0
2970.0,164,1285.0,2.6171079429735236,3.5117558858571862,5,27.0,0.4460154388264394,4,20.0,0.5011645177936037,14,543.0,0.12219310749829983,15,206.0,0.09180787802613655,10,389.0,0.268184778257337,10,312.0,0.16732222584977957,5,468.0,0.23561493732577463,27,934.0,0.2165663073501909,3,116.0,0.3760219554828138,2,236.0,0.2589662187300315,15,381.0,0.18039186426646853,12,346.0,0.090604302877192,7,173.0,0.17663261549626552,6,121.0,0.28149249273018867,16,351.0,0.27278050866818115,13,665.0,0.2788991350375523,164,5288.0
2975.0,186,1345.0,2.6633663366336635,3.6717338816294807,1,27.0,0.5578518778479488,5,42.0,0.5286012120369593,14,526.0,0.19919941373879888,19,299.0,0.08476278947337555,9,432.0,0.27164444594933346,13,317.0,0.1887298856616196,8,504.0,0.14893385292587377,20,748.0,0.22082282132562114,9,140.0,0.2431941586135808,8,260.0,0.2582972223295695,18,389.0,0.08445514502363997,20,434.0,0.20010823318129847,8,169.0,0.2820554875298549,2,70.0,0.4112496591589893,22,447.0,0.16022297477057576,10,689.0,0.20091158095329853,186,5493.0
2980.0,185,1285.0,2.524557956777996,3.6057326812430217,2,9.0,0.6566888116545723,2,39.0,0.2999303869659735,11,391.0,0.34851660975002363,13,310.0,0.24572912982741166,10,466.0,0.21484734027585112,13,272.0,0.23107589140026483,13,560.0,0.11419212654275791,14,825.0,0.1192782695420789,14,202.0,0.2192528744110269,8,241.0,0.19959678992890248,15,336.0,0.20310090715576337,17,456.0,0.31471354880337676,13,210.0,0.23406412172438124,3,61.0,0.48553388971214995,28,500.0,0.04298743620400892,9,649.0,0.1554446513077612,185,5527.0
2985.0,173,1095.0,2.142857142857143,3.5853068878615675,4,24.0,0.5224724809285669,3,15.0,0.4450517894596682,4,274.0,0.3502412100924704,6,237.0,0.3687108484981669,12,451.0,0.12453415333263916,10,312.0,0.1104370165520977,19,644.0,0.06015130200370356,11,888.0,0.1435842373414119,10,212.0,0.3649430441230889,7,166.0,0.2802754336418507,10,323.0,0.30053123581954827,12,380.0,0.13912731607887713,19,302.0,0.34447809052196743,7,86.0,0.1507084138211878,28,498.0,0.05681088363975196,11,550.0,0.12586367488879,173,5362.0
2990.0,151,989.0,1.931640625,3.4362867751935577,0,18.0,0.5990385835456391,2,15.0,0.3469082324273584,2,281.0,0.21958942753041727,4,236.0,0.3136979403417154,11,386.0,0.12464563209237793,8,336.0,0.15136507742594082,26,762.0,0.03228345077293523,13,945.0,0.12025655247901153,1,138.0,0.3789253853653555,5,93.0,0.49010090504154524,12,374.0,0.24922870654395857,11,432.0,0.13239276290749852,17,333.0,0.08621312403031021,11,142.0,0.07087532942310765,22,605.0,0.17703041000507144,6,581.0,0.11992787035151747,151,5677.0
2995.0,167,1202.0,2.34765625,3.930764528135497,2,6.0,0.7370517582140637,5,34.0,0.6034549888025157,8,302.0,0.22866907570700631,8,264.0,0.21126282801535143,4,403.0,0.2142993669768858,12,325.0,0.2060026368094438,32,912.0,0.1415108598239273,19,1029.0,0.13608610371938965,2,51.0,0.39508734897789194,3,89.0,0.4541449016828842,10,361.0,0.13850270776649934,9,473.0,0.2629136411107139,17,284.0,0.0796132761283253,11,201.0,0.32013825386623457,15,636.0,0.19502432369721032,10,592.0,0.24382926789072418,167,5962.0
3000.0,177,1454.0,2.89065606361829,3.4391979691975485,2,8.0,0.5380850323767767,1,29.0,0.6005589045702399,12,291.0,0.12168854761074467,14,331.0,0.07104310653299556,9,427.0,0.26206255975012616,11,329.0,0.18607221271771954,33,1075.0,0.15744652231098347,27,1145.0,0.19809469612826575,2,51.0,0.35398637674788863,8,93.0,0.31010481551457947,11,324.0,0.14711941278158638,9,438.0,0.2837341184262298,6,325.0,0.1732557617723959,6,185.0,0.4116501041184714,16,681.0,0.1627272566411908,10,549.0,0.2638507464281714,177,6281.0
3005.0,190,1840.0,3.6149312377210214,3.378092227908306,4,23.0,0.5215244472630093,3,10.0,0.5117656867048177,8,216.0,0.35809507058279116,21,423.0,0.1235435856275573,14,480.0,0.22641904579995165,14,375.0,0.07751629542782196,36,1248.0,0.07114076169756266,29,1286.0,0.13455142475364346,7,73.0,0.4417999677295486,8,90.0,0.17138260818044557,4,326.0,0.2278928141599204,7,322.0,0.1509477143740683,8,331.0,0.39043818153749926,0,96.0,0.48051165982487254,19,676.0,0.0731815792620399,8,438.0,0.13549841545571056,190,6413.0
3010.0,180,1763.0,3.3709369024856595,3.523012201430552,0,19.0,0.5320556194438013,4,32.0,0.42361102424010083,3,198.0,0.28734297614641663,22,458.0,0.07465457499226025,16,474.0,0.09714775139183636,12,397.0,0.1340049883956697,30,1265.0,0.0274068194396669,24,1253.0,0.05419725981344194,6,77.0,0.44409559364383955,8,94.0,0.29007999817936536,10,325.0,0.2386953389039131,9,196.0,0.13784108853791244,9,302.0,0.32385903685838213,2,86.0,0.32497156835775853,18,600.0,0.18551189945301896,7,439.0,0.18410295449569303,180,6215.0
3015.0,166,1419.0,2.718390804597701,3.891431397786582,3,10.0,0.6181405654578243,0,21.0,0.6153444040278337,8,204.0,0.250167080812774,16,401.0,0.26558080401090434,21,415.0,0.07337976172438608,22,488.0,0.17131034028665368,21,1112.0,0.19276257210161832,17,1040.0,0.12950873604568441,2,42.0,0.29219515444364896,4,106.0,0.36836252850804574,10,308.0,0.1481043822728456,3,212.0,0.2646295846029918,6,198.0,0.18021158189822106,8,114.0,0.31478289432529505,16,595.0,0.23498494455991079,9,476.0,0.1296532946017202,166,5742.0
3020.0,169,1313.0,2.534749034749035,3.6218575785352525,3,14.0,0.5375219901564566,0,4.0,0.8060924748998539,15,269.0,0.10835460643369418,8,422.0,0.30678308023972856,20,449.0,0.09222792304255743,34,635.0,0.10716007303075495,14,1130.0,0.29562536861972477,10,958.0,0.1600440640985543,1,33.0,0.32900046468351696,9,130.0,0.27714783576243274,11,263.0,0.12873415682978853,7,209.0,0.35705943900108233,5,221.0,0.1507443345457438,5,108.0,0.4340044033728611,12,640.0,0.1424167404042323,15,538.0,0.21967360315320464,169,6023.0
3025.0,173,1154.0,2.2364341085271318,3.634778745609194,4,23.0,0.6012495046777961,2,3.0,0.6489587472635937,17,288.0,0.21214428658518095,7,452.0,0.2131906163981749,15,522.0,0.1722863249482577,37,787.0,0.016365353442600695,11,1176.0,0.21823089973449944,10,996.0,0.24259694606365262,7,52.0,0.3252306864878294,9,146.0,0.20854464357493074,8,230.0,0.2640066410985305,8,195.0,0.30595340693601925,9,254.0,0.29514275749033997,0,47.0,0.4548911344614911,12,665.0,0.14591182184358345,17,524.0,0.1942682596476157,173,6360.0
3030.0,164,1238.0,2.38996138996139,4.010510913626189,0,18.0,0.5405187337883945,4,22.0,0.4407647210267096,8,235.0,0.3909831306669133,13,506.0,0.15558313790763173,13,519.0,0.2704053799857625,36,933.0,0.04818404751295055,14,1232.0,0.1791525540483999,7,921.0,0.292571612081808,6,63.0,0.42553687444669563,8,129.0,0.27117543809807737,6,237.0,0.2694223551530914,6,144.0,0.14987042975870102,9,238.0,0.32526293158441105,2,41.0,0.3108398188719301,18,733.0,0.1356748383546797,14,393.0,0.12265100991471549,164,6364.0
3035.0,161,1338.0,2.538899430740038,3.643168229849442,2,5.0,0.6149058266577732,1,21.0,0.6616623881797369,3,210.0,0.17683663477492956,13,495.0,0.2128047555736746,21,597.0,0.21165961725509283,33,994.0,0.038880854441875716,15,1155.0,0.09153907654054054,5,725.0,0.2223751486009829,2,34.0,0.3513242157289955,3,141.0,0.37291790570487543,9,232.0,0.1924075332302111,6,155.0,0.11606835823443547,8,150.0,0.1676984834548083,7,73.0,0.3123704580132246,24,841.0,0.1583530698278109,9,406.0,0.16570758371483402,161,6234.0
3040.0,180,1454.0,2.753787878787879,3.8240105534475477,1,6.0,0.6057813604572085,0,6.0,0.8297843460492123,8,238.0,0.17683791055756484,10,393.0,0.28505345747910343,31,731.0,0.07136629318453237,28,933.0,0.17545688749631602,13,957.0,0.24142484035523032,4,692.0,0.1831372844429695,3,38.0,0.36951456277803907,9,171.0,0.2491182965277032,15,299.0,0.13179847937105305,10,178.0,0.2502340015715782,7,179.0,0.15131917834909042,11,127.0,0.33776186052722623,24,870.0,0.22628187291108415,6,438.0,0.30337038450249637,180,6256.0
3045.0,206,1678.0,3.2207293666026873,3.419497311096864,3,11.0,0.6414157862879303,3,9.0,0.546690975168662,9,222.0,0.24555298677992443,7,379.0,0.21466672769335374,36,878.0,0.016594457024186774,15,957.0,0.17284972089770884,13,937.0,0.23676402043444877,7,711.0,0.1539130419223609,8,65.0,0.237857638711198,16,236.0,0.1612843389656535,23,400.0,0.16074788884484745,12,191.0,0.22439171245610212,9,197.0,0.3021653582183744,16,195.0,0.23822714699085154,22,760.0,0.21892442815043225,7,388.0,0.33439462910881756,206,6536.0
3050.0,197,1798.0,3.418250950570342,3.516084465631618,0,6.0,0.6224710095994092,4,30.0,0.36991828618847167,4,161.0,0.420825916811465,6,407.0,0.24757071665481317,36,1046.0,0.06466762785728417,10,966.0,0.1461168571797744,10,975.0,0.18658341522502742,14,767.0,0.20223906764674238,9,84.0,0.41781673547795883,22,340.0,0.1599756627963578,24,450.0,0.15816452170113524,10,162.0,0.16838392301230132,10,194.0,0.31457652183450774,18,285.0,0.22123529035114267,16,850.0,0.12180070209516443,4,265.0,0.16222984557509484,197,6988.0
3055.0,179,1836.0,3.4641509433962265,3.3891945386143947,2,7.0,0.689656740486451,1,27.0,0.6330367081116673,1,144.0,0.19361182661502935,8,382.0,0.256956586426992,33,1093.0,0.12205572411661665,10,920.0,0.1398514093176431,9,898.0,0.13394720734182192,21,860.0,0.17366316918788663,3,62.0,0.3610267360818928,23,454.0,0.24461930667288503,22,421.0,0.10057069877779634,2,166.0,0.30279198334586394,9,159.0,0.13185377460152775,18,375.0,0.3040122633048675,13,918.0,0.139752221642833,4,252.0,0.1482919359916217,179,7138.0
3060.0,182,1902.0,3.650671785028791,3.475643544801974,1,6.0,0.623053549969713,0,8.0,0.8090843809129247,7,166.0,0.1759977984661348,6,298.0,0.26552293402338345,27,1013.0,0.16426466402694395,11,796.0,0.2210081454330096,7,668.0,0.25538563270774894,22,829.0,0.09932947502872973,4,38.0,0.38074368326623237,27,577.0,0.13523985548152762,17,516.0,0.10608031558840832,7,178.0,0.29713288562412565,10,134.0,0.15303654978331535,19,466.0,0.27114692904145277,9,872.0,0.13285986745542644,8,279.0,0.30279457183964525,182,6844.0
3065.0,178,1905.0,3.6216730038022815,3.337694792428638,3,13.0,0.6575602513006878,1,1.0,0.5905838198381528,9,164.0,0.10726962205660635,4,275.0,0.18434538323058408,24,1037.0,0.08712629883756606,7,807.0,0.1983319992079389,5,682.0,0.27785312356037895,21,673.0,0.09212177853384232,1,31.0,0.3942226543438422,31,725.0,0.09898811632541415,13,577.0,0.1852365087268504,8,173.0,0.31031913771019737,5,143.0,0.24456380832003777,25,578.0,0.1442950317394161,12,684.0,0.2234679868915407,9,260.0,0.3496264374601196,178,6823.0
3070.0,171,1938.0,3.6497175141242937,3.64221421220414,1,8.0,0.612322846768141,3,16.0,0.4625077952025626,4,115.0,0.4084259136266156,7,291.0,0.27739942596225037,19,1138.0,0.10271421126828252,10,812.0,0.13043235399455277,10,712.0,0.19474628721259463,14,747.0,0.2149988084186779,7,44.0,0.4645649455953533,35,896.0,0.13670609485113552,8,549.0,0.23488604291540455,5,141.0,0.23262423063334856,7,130.0,0.4199666414111675,30,718.0,0.029825870488593375,3,649.0,0.26880832145118716,8,203.0,0.15872541630560819,171,7169.0
3075.0,171,1875.0,3.5178236397748592,3.6100355194999993,3,10.0,0.6286496514014748,0,14.0,0.6118671566049494,0,77.0,0.36854675216708793,14,344.0,0.19606639661375266,11,1142.0,0.2250772327568485,16,858.0,0.13491218305890829,14,772.0,0.09901034106347754,10,793.0,0.3005391898586124,11,93.0,0.26346270999210836,30,956.0,0.10018622938994379,7,450.0,0.14393045973593196,5,152.0,0.2857818808286138,13,177.0,0.32672051501394694,24,755.0,0.03264564420961253,8,654.0,0.17136234559574898,5,212.0,0.13679774144245788,171,7459.0
3080.0,186,1709.0,3.176579925650558,3.741011416868998,0,6.0,0.5891179062477195,0,4.0,0.8788350276781522,6,89.0,0.2515176467721278,20,428.0,0.06384728981068859,17,1169.0,0.2058453019645761,18,838.0,0.16786593662732407,21,867.0,0.14935125081911044,10,703.0,0.2629952662791092,17,164.0,0.22323724535019016,23,847.0,0.13508258234137135,4,472.0,0.1232536261370661,8,174.0,0.302266935737186,12,203.0,0.1719537154875581,15,658.0,0.09830683346439867,8,588.0,0.1522993820140488,7,241.0,0.28838915001848775,186,7451.0
3085.0,210,1825.0,3.385899814471243,3.685670468589109,3,7.0,0.6958383912173648,1,4.0,0.5181391852850463,11,137.0,0.07839050683694365,26,550.0,0.015679551478009292,23,1262.0,0.14784016897845825,15,660.0,0.2171874655249021,28,992.0,0.23703419401132803,13,494.0,0.1766146536972843,16,226.0,0.2212792531214925,13,876.0,0.21340871043298557,9,505.0,0.20115853091641753,13,232.0,0.2202624256281415,15,199.0,0.12829123451324265,7,621.0,0.20182864266459977,9,458.0,0.2699715394117299,8,227.0,0.32945347952201975,210,7450.0
3090.0,217,1978.0,3.746212121212121,3.201915165443199,4,23.0,0.5332394267454555,3,17.0,0.36789776360154214,18,221.0,0.17418570915762346,25,583.0,0.04869633688260984,31,1398.0,0.04225290985297624,12,678.0,0.1333069237408073,33,1144.0,0.1337219127454426,10,531.0,0.1032767193858431,14,297.0,0.2787139512259091,11,915.0,0.21380391795086964,9,480.0,0.27500746048949215,20,318.0,0.07697095361771746,6,233.0,0.16417602803370143,8,656.0,0.23555293670053665,4,396.0,0.23896752277706096,9,171.0,0.27470731259080633,217,8061.0
3095.0,206,2196.0,4.159090909090909,3.13907291961955,1,16.0,0.6095681066209085,0,17.0,0.47737387345900884,24,332.0,0.16777864379336707,15,495.0,0.127121403987435,28,1409.0,0.11529120900872013,8,709.0,0.1722863495485317,36,1320.0,0.023537672420566483,9,548.0,0.14572395395022078,15,356.0,0.13496188810566564,10,862.0,0.22656379865762788,7,371.0,0.21423506891592684,22,431.0,0.16904996914686377,8,245.0,0.1814109712847625,7,596.0,0.27285575560083686,8,403.0,0.1642403028215819,8,198.0,0.19994221163466866,206,8308.0
3100.0,207,2241.0,4.236294896030246,3.7931437969804285,1,2.0,0.6620470351819632,0,4.0,0.8503916449496103,22,391.0,0.2700396372888243,10,557.0,0.1098226497817065,22,1265.0,0.22628576267920922,13,746.0,0.29859430552918476,31,1326.0,0.020785583974334446,15,599.0,0.12054225935611325,20,440.0,0.16076933873590374,7,709.0,0.22950758995473403,11,292.0,0.13452783462187423,19,460.0,0.21812692204230946,15,294.0,0.2282764344197654,3,438.0,0.2386278802208839,9,357.0,0.13092366611772566,9,230.0,0.16541310405659435,207,8110.0
3105.0,188,2044.0,3.900763358778626,3.743230927527792,2,7.0,0.5943607970796788,1,6.0,0.7611128062042186,15,379.0,0.25024681956871553,9,601.0,0.12731203489568438,15,1100.0,0.19049756829568146,18,824.0,0.22921891831848593,21,1144.0,0.08301859554052514,22,694.0,0.17286090973465168,23,547.0,0.1381082893117219,3,622.0,0.22120200724112205,7,323.0,0.18363300469223776,14,368.0,0.24549918571577223,18,381.0,0.37872329483305067,2,370.0,0.20415981279834242,6,265.0,0.15655043669840807,12,229.0,0.1408326715426651,188,7860.0
3110.0,182,1957.0,3.807392996108949,3.5807189577545606,4,20.0,0.5835519500330776,3,16.0,0.568568539137105,5,391.0,0.26133326514315014,8,557.0,0.22857021341388586,9,1084.0,0.16553335562051902,26,934.0,0.08978104417070487,12,802.0,0.16102426977093648,20,673.0,0.09173956584822997,24,666.0,0.20406059266607846,7,621.0,0.3066550969325382,7,323.0,0.3197408229629925,12,397.0,0.21506740402674268,21,472.0,0.246232182802391,7,393.0,0.32558883296105523,3,241.0,0.23392435594533598,14,212.0,0.13868752438111212,182,7802.0
3115.0,169,1601.0,3.120857699805068,3.6276536691851615,0,14.0,0.6132155591582167,2,21.0,0.40804641844869133,6,413.0,0.2641607435866809,6,439.0,0.28145318007176306,9,1124.0,0.26297268278044056,31,1083.0,0.02136278492614017,5,827.0,0.34510756692036887,16,550.0,0.08781277093371968,20,679.0,0.18401214327519566,13,677.0,0.20671015465045642,9,306.0,0.24174445887124432,7,446.0,0.160367617123104,21,494.0,0.1381663511312259,7,344.0,0.3212306917226361,7,258.0,0.2412147509535096,10,234.0,0.23472793119776678,169,7909.0
3120.0,175,1345.0,2.566793893129771,4.029587621310613,1,4.0,0.6358258881480393,2,18.0,0.7380532698874861,13,468.0,0.16106236824159328,6,395.0,0.2426128957057341,15,1187.0,0.20245912040669256,28,1088.0,0.14423305084297078,7,855.0,0.4186236987639363,14,581.0,0.15458972552353453,14,591.0,0.206924031709678,14,643.0,0.3092981863519486,12,255.0,0.1348467781468286,14,499.0,0.24287511723393873,12,424.0,0.11386707865295725,7,245.0,0.407234410142068,8,234.0,0.12956796407455257,8,245.0,0.2760897382265077,175,7732.0
3125.0,152,984.0,1.8531073446327684,3.609075628042777,3,17.0,0.6221934212685748,2,8.0,0.7896156040757774,15,475.0,0.05867619248182249,6,430.0,0.18121087114019754,16,1127.0,0.10696347838417553,18,932.0,0.25444915646757577,11,839.0,0.29489701660693873,9,637.0,0.25993794360398875,6,556.0,0.27426313527153157,8,456.0,0.2585142203488478,12,226.0,0.108677511870574,13,492.0,0.23580011637800036,7,292.0,0.2272577244353893,3,229.0,0.24102565441828244,11,168.0,0.11542099805377927,12,241.0,0.13901825722114755,152,7125.0
3130.0,145,719.0,1.3617424242424243,3.23128108604021,0,9.0,0.6332127494440107,3,15.0,0.6676969725894916,17,435.0,0.17943005316538002,7,393.0,0.29172518203616454,20,1221.0,0.03137486991524831,14,692.0,0.1699835147947896,15,743.0,0.1337439838500497,9,588.0,0.2485447362985966,7,582.0,0.28482090956054057,5,475.0,0.27196204478999964,8,241.0,0.147011714845096,11,372.0,0.11424663507573239,1,288.0,0.4876422857571027,8,251.0,0.19298757105548284,8,151.0,0.1326435186668798,12,222.0,0.10463769020794948,145,6678.0
3135.0,137,488.0,0.9242424242424242,3.335147994359282,1,4.0,0.6822362565267606,0,7.0,0.44270229746254514,10,450.0,0.22205372363693265,4,294.0,0.30915764248041755,20,1304.0,0.045999114057734915,11,697.0,0.16401528673390717,16,805.0,0.08124778439761474,7,460.0,0.15250422049716603,7,525.0,0.2375619248302643,9,504.0,0.2644029223033505,8,213.0,0.29749221728676006,16,302.0,0.14809510240271923,8,294.0,0.39671570333102085,9,223.0,0.23771202822129794,3,158.0,0.23378214618066062,8,250.0,0.10700920278729197,137,6490.0
3140.0,136,596.0,1.1078066914498141,3.878800554858073,2,13.0,0.55758094944006,4,18.0,0.4396026648872903,9,479.0,0.24566211631961382,3,278.0,0.21030812595540804,19,1394.0,0.13762176761588568,7,725.0,0.2976713461022445,14,861.0,0.19291708136853997,5,486.0,0.1670135930174115,7,381.0,0.24737391575340784,10,457.0,0.3049806834664749,16,266.0,0.24846704334467207,6,339.0,0.2978917868328765,8,267.0,0.16279773220527127,8,143.0,0.305173527779054,10,150.0,0.27917367422656875,8,258.0,0.12634330904584548,136,6515.0
3145.0,166,882.0,1.618348623853211,3.7102990221243206,6,37.0,0.5401520055354948,2,23.0,0.5261064207888249,11,453.0,0.11959205724034504,8,318.0,0.15619107333174612,21,1499.0,0.14690397624170543,14,753.0,0.27712357744465627,18,925.0,0.16678314320748971,10,516.0,0.23688707309441306,2,363.0,0.28175078058723635,7,276.0,0.2721317802666871,19,294.0,0.11340343669823458,8,347.0,0.3281496794486818,11,178.0,0.12403006544453027,4,148.0,0.24364454312592304,11,164.0,0.12699007446241478,14,313.0,0.21756962954852108,166,6607.0
3150.0,195,1189.0,2.1977818853974123,3.3917715823790897,1,30.0,0.5209015349650983,4,22.0,0.4392566229695797,9,372.0,0.14111432934262094,15,379.0,0.2755375072810163,24,1441.0,0.05176593805852332,20,834.0,0.17600968305654657,22,1024.0,0.04314080948725827,16,582.0,0.20092998084282282,8,392.0,0.28280880807234166,7,144.0,0.35251362348960336,19,356.0,0.08706373503574251,10,328.0,0.1356779960343458,4,175.0,0.26882273284889685,8,159.0,0.19912274504791125,13,164.0,0.11547451465085129,15,334.0,0.21781547287131628,195,6736.0
3155.0,204,1262.0,2.3677298311444654,3.2624595242563803,2,5.0,0.6561304563090198,0,16.0,0.621107822198286,6,391.0,0.3173214356460968,14,378.0,0.23094480070152704,26,1232.0,0.064751569250357,19,788.0,0.1421798565127774,24,993.0,0.059096008949092435,22,680.0,0.06951414266131717,9,355.0,0.21825755822364237,2,138.0,0.37729123156801675,19,408.0,0.07595271524287338,10,274.0,0.11331265650711855,8,181.0,0.37119812796577,12,161.0,0.09445944982934595,17,227.0,0.19351263397454926,14,297.0,0.11072339714396968,204,6524.0
3160.0,177,1178.0,2.231060606060606,3.694867229923507,3,15.0,0.6265945186820274,0,4.0,0.7968279640781462,8,401.0,0.26152512401983097,12,256.0,0.11724887039075188,20,897.0,0.1185359755038409,15,753.0,0.11263168143007461,16,855.0,0.19446570144983766,20,684.0,0.15013148675799742,6,239.0,0.27130401533545884,8,161.0,0.3776998249713743,21,502.0,0.07250917101800874,8,215.0,0.34864265545309175,7,167.0,0.19199551967489653,10,135.0,0.2955687155451972,11,267.0,0.24094458527307605,12,354.0,0.09254550833073759,177,5905.0
3165.0,155,973.0,1.8639846743295019,3.6301663175893526,0,7.0,0.5362012976849727,0,4.0,0.5977234589782938,15,461.0,0.12399574180002466,7,300.0,0.13475261715324788,14,978.0,0.25112137855564615,15,812.0,0.18977330763752803,15,935.0,0.2597330229050264,15,509.0,0.09081247017270604,6,114.0,0.2914572462851764,9,139.0,0.26538274726736766,18,504.0,0.051729909764942676,2,192.0,0.4168762941949577,9,122.0,0.13693155190943643,2,133.0,0.4132173905596812,15,282.0,0.17796612005028528,13,417.0,0.10760887912539686,155,5909.0
3170.0,157,926.0,1.753787878787879,4.033187939971111,2,6.0,0.6067611258773553,6,23.0,0.3123430441876741,22,563.0,0.03867640647238452,7,332.0,0.28963270865564233,6,983.0,0.3515770083730458,13,870.0,0.19236014053830497,12,992.0,0.25384271577048323,9,380.0,0.3361813850451971,1,109.0,0.38761347649036515,7,117.0,0.2327819417195876,19,408.0,0.18547077567648312,7,165.0,0.32661234986699894,8,104.0,0.17745621735510855,7,138.0,0.24081324230968443,21,362.0,0.12517457354463807,10,403.0,0.24055664665711665,157,5955.0
3175.0,171,1111.0,2.0844277673545966,4.239933187912616,2,8.0,0.6192304415764506,11,72.0,0.28040282325088844,21,580.0,0.1232243010696833,9,305.0,0.32671881879238396,13,966.0,0.29490131099737127,14,823.0,0.08016516008901677,9,916.0,0.21719825726814818,1,261.0,0.5018694797470111,7,121.0,0.2855304454093127,8,92.0,0.2831485113703729,13,463.0,0.237701034701858,14,207.0,0.28481386303777567,2,104.0,0.367749688226007,13,191.0,0.13913363568642437,28,487.0,0.0679302027072974,6,321.0,0.3692197505122919,171,5917.0
3180.0,173,1285.0,2.433712121212121,3.9550153823629444,4,17.0,0.6054072595550944,5,87.0,0.46087132046082635,16,481.0,0.23600303641003398,6,236.0,0.34439585751178714,21,1051.0,0.1813209638733041,16,685.0,0.12156549236059544,8,658.0,0.12087592336294188,1,218.0,0.41293624172793203,10,127.0,0.23030932833952947,2,92.0,0.3355134364282883,9,508.0,0.16451870006721295,13,216.0,0.1470471954422837,8,95.0,0.3551484376861656,18,277.0,0.03915513133031143,33,645.0,0.12532789092105684,3,290.0,0.3270193214508898,173,5683.0
3185.0,181,1583.0,3.0209923664122136,3.971223528750741,2,11.0,0.5216898746550357,1,54.0,0.5484667545220125,13,509.0,0.2488225574353511,4,225.0,0.18519160963772768,26,1171.0,0.13386706430801606,15,702.0,0.24746076197261166,5,633.0,0.11629729655798764,6,236.0,0.2879936728780552,3,89.0,0.4988039144811341,7,85.0,0.37932192608158544,9,493.0,0.1605243534699092,12,196.0,0.16427833655892551,10,116.0,0.2632251229292463,26,397.0,0.15711392303893967,36,822.0,0.15309357701522835,6,314.0,0.2733931156236926,181,6053.0
3190.0,177,1796.0,3.4406130268199235,3.6970181174677714,3,15.0,0.6435145168296403,3,19.0,0.45517177335426395,9,557.0,0.1692737905047945,8,247.0,0.20065204753477617,32,1323.0,0.0495164640059944,5,719.0,0.2874331294804158,7,644.0,0.19733298441051839,6,210.0,0.2821845241397655,4,96.0,0.46635989313362136,10,101.0,0.22177741109992685,5,363.0,0.2629362936877663,4,177.0,0.3477070206545062,8,120.0,0.15137814842030045,29,540.0,0.17906421652318735,32,898.0,0.05952578990470267,12,368.0,0.10150296351244185,177,6397.0
3195.0,193,2094.0,4.073929961089494,3.4747398434089956,1,14.0,0.5327891851320663,2,17.0,0.3108868230697382,7,508.0,0.12055967748542507,10,251.0,0.17256248917422715,36,1500.0,0.026917513510405312,11,717.0,0.1639621130514187,13,692.0,0.2235173140735505,2,123.0,0.37434260173770734,8,114.0,0.3044161211652279,8,97.0,0.18868488777362905,4,359.0,0.2857054142918799,7,181.0,0.22156420276927882,12,161.0,0.24002957775036682,34,698.0,0.0743495073457742,26,829.0,0.05682574905229111,12,369.0,0.31182606798424906,193,6630.0
3200.0,201,2312.0,4.471953578336557,3.879575298948249,3,16.0,0.6392361478999677,5,31.0,0.5884560634329501,5,410.0,0.1870451323746857,9,207.0,0.3462214125042044,32,1471.0,0.03838410966457401,18,795.0,0.131205544971583,19,773.0,0.1058814152743346,2,130.0,0.2591967817335835,10,125.0,0.19053847326693124,7,97.0,0.3332063030487375,9,381.0,0.2005986489950716,13,233.0,0.20972023867208828,7,174.0,0.2376986746081172,36,876.0,7.19762864189076e-06,17,928.0,0.2030449217232167,9,305.0,0.311155615755341,201,6952.0
3205.0,191,2092.0,4.118110236220472,3.842271347042733,1,12.0,0.6211217545248401,1,28.0,0.682549802626765,4,396.0,0.2559993691596895,4,225.0,0.17885182534807095,22,1245.0,0.18879505628310647,23,901.0,0.20577716528162743,27,893.0,0.02321508344426848,10,167.0,0.08111607130870854,7,103.0,0.2984516302951492,4,96.0,0.4457329664601027,9,366.0,0.1370410182325925,14,245.0,0.25875998860869087,13,184.0,0.11887278754983366,30,952.0,0.04290257674156311,14,980.0,0.2113047561576492,8,343.0,0.18430653849269052,191,7136.0
3210.0,179,1803.0,3.6204819277108435,4.144572855531796,3,15.0,0.5633722855387057,3,12.0,0.49137929443473527,9,431.0,0.32407115929850244,9,234.0,0.15342150048116154,14,979.0,0.3324377817786455,22,880.0,0.2179483207663857,23,877.0,0.08242412200478168,8,160.0,0.28760601192058455,1,75.0,0.42808011840599813,8,75.0,0.36921056361948806,10,307.0,0.23963963764673826,7,174.0,0.29329176327272144,20,260.0,0.20464361491742875,20,893.0,0.20800360312360597,14,1040.0,0.11820311571671423,8,375.0,0.09944219331955749,179,6787.0
3215.0,153,1382.0,2.791919191919192,4.056198798397442,1,9.0,0.6277497341166978,1,11.0,0.38808201770379597,10,406.0,0.2854139210344737,15,300.0,0.06800896922499014,7,1022.0,0.26356241348117626,19,730.0,0.1888192280984991,15,690.0,0.21816905679109921,0,99.0,0.6010276384977998,6,86.0,0.3402527796755359,8,86.0,0.1962518158482637,7,232.0,0.31726482030933567,4,194.0,0.236963759795895,23,368.0,0.19180833999027339,11,719.0,0.33805977420564803,17,1022.0,0.06945786034484501,9,359.0,0.11943469058855452,153,6333.0
3220.0,141,1035.0,2.0741482965931866,4.067594005895012,1,6.0,0.6990395457130952,4,22.0,0.6367113646368255,7,309.0,0.1668863694781388,16,320.0,0.21111393881478754,8,1054.0,0.20890149851710912,14,801.0,0.09532465506383975,11,633.0,0.15900162575906182,0,61.0,0.4765064875798695,13,135.0,0.1841764493439395,7,82.0,0.28061842354541705,3,209.0,0.20812714059454918,8,216.0,0.25077629291534764,27,497.0,0.22646749776358857,4,747.0,0.25527739533051713,13,904.0,0.11464478630235105,5,273.0,0.41012007802170186,141,6269.0
3225.0,155,1176.0,2.352,4.158830298571271,0,3.0,0.6219149622479392,4,42.0,0.626591805650927,10,350.0,0.12183469932537366,11,268.0,0.3225182542153967,14,1110.0,0.11062915314877585,11,860.0,0.12001226115195696,9,685.0,0.13974744404651568,5,76.0,0.27166366356879906,13,163.0,0.18785319777424636,7,73.0,0.3485331115009479,7,203.0,0.2477597332566012,14,273.0,0.2712776092369753,27,625.0,0.14195282232566298,7,772.0,0.22044062519176652,13,696.0,0.24496025517891792,3,266.0,0.34448636382356007,155,6465.0
3230.0,154,1236.0,2.472,3.8072166208637617,3,8.0,0.6263278967706194,7,67.0,0.286586657883154,9,378.0,0.2615767215355258,8,262.0,0.32516541797872783,15,1033.0,0.09096150371772442,13,785.0,0.18895262627690398,6,628.0,0.29839578773750686,9,89.0,0.0864604915647925,5,139.0,0.2936961327738199,4,77.0,0.3964482183683816,10,195.0,0.24946605948644537,17,293.0,0.14775345551271665,27,758.0,0.08515634707128394,7,722.0,0.13902596941628015,6,722.0,0.32876608153913695,8,287.0,0.1707171744404233,154,6443.0
3235.0,146,1151.0,2.3205645161290325,4.185603327710724,4,26.0,0.6063713755953437,5,63.0,0.32301862384877167,16,430.0,0.2073681241913097,7,292.0,0.19975757482155412,11,853.0,0.13725720746669043,10,606.0,0.2502739868830187,2,433.0,0.39845621652058943,7,87.0,0.4348878796312451,2,151.0,0.33533489132293737,6,58.0,0.4791574910243001,8,148.0,0.2717067227311425,18,268.0,0.20537786934542995,24,801.0,0.12844987989877607,4,588.0,0.3455923856697336,7,747.0,0.26790893574346997,15,346.0,0.08652941982406827,146,5897.0
3240.0,143,973.0,1.9498997995991985,3.4533616153668096,1,19.0,0.5368338004447818,2,25.0,0.5151421843381522,15,423.0,0.061117469950429146,14,352.0,0.09085945457984097,13,911.0,0.15690843973863547,3,557.0,0.16865442873014896,2,391.0,0.3178388499362084,4,96.0,0.38655484044702737,8,182.0,0.3715260826523474,8,77.0,0.2597861815407064,5,165.0,0.12589290944889692,14,330.0,0.09169809409892371,20,700.0,0.18574905035224543,3,568.0,0.4780863416175853,9,697.0,0.16896776253348453,22,446.0,0.05638643060293091,143,5939.0
3245.0,159,991.0,1.958498023715415,3.754123786210126,2,7.0,0.609613249040292,3,16.0,0.5970493898742267,18,374.0,0.11060646805454087,14,357.0,0.30739616358697247,14,979.0,0.1369565686982151,8,569.0,0.1446933092145176,7,415.0,0.23062513665306705,9,96.0,0.15705004530169642,8,190.0,0.37108383466590356,6,90.0,0.32962538637372724,11,180.0,0.1401636921487102,9,358.0,0.1334020781136605,10,712.0,0.2564981784361069,7,591.0,0.30691760243534205,7,513.0,0.24666966888672967,26,571.0,0.18446495106830135,159,6018.0
3250.0,143,832.0,1.6345776031434185,3.814568782631508,1,7.0,0.5526993657470327,0,11.0,0.687197371052321,6,424.0,0.2728609262007556,8,297.0,0.27000258499904856,8,899.0,0.10993724567490175,10,523.0,0.1190062023075166,10,374.0,0.15423064256441474,14,154.0,0.11930856280568379,6,137.0,0.2587368881525879,3,48.0,0.5594602775874445,16,245.0,0.11628382723048092,12,354.0,0.09989452798023885,8,732.0,0.19928639413125276,9,541.0,0.12755668783907795,6,531.0,0.2861008951041967,26,613.0,0.1585240752792785,143,5890.0
3255.0,134,715.0,1.3937621832358675,4.036849319621665,4,20.0,0.5315254097347546,1,3.0,0.5732371837378306,9,435.0,0.33023500866016475,4,300.0,0.2230715269919839,9,689.0,0.2122111510423792,8,406.0,0.13731122842261498,6,224.0,0.30898706350927174,14,186.0,0.26975280055112405,2,125.0,0.27725010831565816,3,39.0,0.487274682629955,16,263.0,0.16927973257517823,11,287.0,0.24360428612442056,7,689.0,0.17081966737598991,11,424.0,0.13127554106436556,9,539.0,0.22820309217982637,20,559.0,0.10332442265535485,134,5188.0
3260.0,116,570.0,1.130952380952381,4.00267882703624,0,16.0,0.6130424527681982,1,9.0,0.4257414620926702,11,403.0,0.1543296891706787,9,337.0,0.16674265724109746,5,706.0,0.2964998770615479,5,379.0,0.12326378110782654,3,205.0,0.29933424510392476,7,161.0,0.29685352116442143,7,152.0,0.2595656392832635,7,60.0,0.28419372277244204,14,221.0,0.23258790592027065,4,287.0,0.326142857668646,7,547.0,0.2590559560534102,6,451.0,0.3289677970544242,13,593.0,0.15923556960199242,17,442.0,0.1388226012133261,116,4969.0
3265.0,136,625.0,1.232741617357002,3.885535439628085,1,5.0,0.7064624317001313,2,15.0,0.6616863301507825,12,324.0,0.1325370626999136,8,324.0,0.3486419203997032,10,745.0,0.23835079180490024,10,400.0,0.10592942647475481,8,230.0,0.19352781806428687,5,170.0,0.23788162501319196,14,212.0,0.3197486397845988,8,75.0,0.2778534042737018,16,228.0,0.173042024462583,7,280.0,0.18797559136912603,3,468.0,0.3323506178377305,10,459.0,0.23743473083370628,19,619.0,0.05153200781024653,3,470.0,0.3271311044995416,136,5024.0
3270.0,145,716.0,1.4122287968441816,3.808446452741336,0,3.0,0.588616309301208,1,11.0,0.6744966848736071,11,372.0,0.21987395081384933,5,241.0,0.3733513380339548,10,660.0,0.133917587174447,14,466.0,0.200518101698812,7,210.0,0.14294355643585407,9,201.0,0.1268988517020547,13,230.0,0.1818640824647226,3,52.0,0.3967914134613428,11,285.0,0.16917693571749995,9,273.0,0.13544189611946417,7,486.0,0.2441014880934805,15,514.0,0.12868564501512267,22,561.0,0.04865368279078311,8,478.0,0.34844966613855327,145,5043.0
3275.0,157,867.0,1.7,3.843734991497977,3,11.0,0.6164486667522766,4,16.0,0.4276610793803774,11,400.0,0.2667597476789695,3,125.0,0.3813362363798098,12,509.0,0.09969547671269689,20,554.0,0.20411182746860704,4,131.0,0.3064712162149742,12,214.0,0.20441430718100242,10,170.0,0.24082218281551623,2,51.0,0.4797596212701615,11,317.0,0.28990650028757237,10,232.0,0.2306209331891461,7,428.0,0.17956638610669506,21,615.0,0.054551099679290734,19,454.0,0.08529124345382891,8,449.0,0.20953281521499434,157,4676.0
3280.0,155,1078.0,2.122047244094488,3.8179438014693012,5,30.0,0.5814887621886405,4,25.0,0.34129604663156454,15,453.0,0.16415346644208795,3,132.0,0.2878771183943037,9,500.0,0.10921943172262495,27,671.0,0.055125693999143174,2,135.0,0.41115321924297876,8,174.0,0.1534116532349181,2,165.0,0.34829405551376313,5,61.0,0.587780353347791,14,348.0,0.2621750172847673,10,209.0,0.2957967374223724,6,291.0,0.17678719403691573,21,612.0,0.22134619366023928,14,368.0,0.22781966886853644,10,368.0,0.11492100616803372,155,4542.0
3285.0,142,984.0,1.9332023575638506,3.7068391206598257,1,22.0,0.5430339717133975,3,21.0,0.4323725441019591,16,448.0,0.06414344434249,8,151.0,0.22958033930461288,9,511.0,0.12623493239729838,33,823.0,0.012856824302282074,8,164.0,0.31673878261172234,3,176.0,0.2941351589160823,6,180.0,0.38522059491347255,3,53.0,0.31584012350931623,17,377.0,0.11292779078536637,4,202.0,0.21378038075916045,5,274.0,0.2517829088924335,15,425.0,0.25264088649287797,5,373.0,0.31274654867813473,6,387.0,0.11717479048187077,142,4587.0
3290.0,170,1127.0,2.2141453831041256,4.034604899689369,3,10.0,0.6101556234837674,2,20.0,0.6537028348722826,15,361.0,0.1484157773279784,13,205.0,0.3156394928622884,14,569.0,0.20916499860070925,29,855.0,0.13136270082596757,12,170.0,0.13145867474579537,9,204.0,0.3876249553999684,7,174.0,0.23944468352595782,3,27.0,0.3896464193912432,20,351.0,0.07170060736666292,8,196.0,0.24779040173313055,9,307.0,0.2783199843747416,11,438.0,0.17320916578401924,7,349.0,0.2353109218771059,8,402.0,0.21837803132922606,170,4638.0
3295.0,179,1236.0,2.4,4.250939392654454,0,6.0,0.604977496402154,2,23.0,0.7709835840738642,13,415.0,0.20390640924436332,15,280.0,0.302067312793198,16,533.0,0.26350730222635604,19,744.0,0.24258119159730923,11,157.0,0.24472051218831334,15,264.0,0.3851889812906488,7,133.0,0.2642076854003767,5,40.0,0.5443739143063473,20,397.0,0.1289360950781915,16,256.0,0.26485220985799557,10,265.0,0.14910697610995421,6,484.0,0.1488667214461373,14,405.0,0.12351308471275595,10,379.0,0.30959479608942153,179,4781.0
3300.0,188,1392.0,2.7509881422924902,3.3963066698835953,3,11.0,0.611638757564159,0,4.0,0.48056023859637187,10,457.0,0.12719759654623886,21,372.0,0.16388203994420558,18,609.0,0.1490516502577786,15,622.0,0.1857603503036649,7,183.0,0.32357529414731795,20,355.0,0.17868918784721652,1,115.0,0.3451076461632934,2,37.0,0.5739444909898442,14,450.0,0.24957577315388252,22,351.0,0.17394429583954124,10,187.0,0.14295681762194754,13,538.0,0.1187850721059513,21,500.0,0.05395202386282175,11,393.0,0.2329526714480093,188,5184.0
3305.0,191,1427.0,2.787109375,3.2524220579022503,0,4.0,0.6620538789184895,2,8.0,0.5136073020264845,10,434.0,0.09876354994074545,22,485.0,0.06191686617387239,22,704.0,0.04531060798125255,6,625.0,0.20739340288866995,11,179.0,0.25456307605267037,20,390.0,0.22488264832058033,6,135.0,0.3880671304472236,1,15.0,0.4136984902882253,11,445.0,0.2678855853917437,23,402.0,0.08858404635296999,8,185.0,0.2908471306843283,14,493.0,0.2106341287649062,21,529.0,0.1607067162832823,14,446.0,0.11816288830805381,191,5479.0
3310.0,180,1332.0,2.5517241379310347,4.028910757877262,1,5.0,0.7582027080256425,1,9.0,0.6043492676052806,5,336.0,0.11599115968087137,16,490.0,0.16999396536523012,22,809.0,0.07312378249625916,8,647.0,0.33824690600993723,16,231.0,0.10340787012616925,12,344.0,0.2652555611064988,8,137.0,0.27356417003783395,8,40.0,0.3182219583370806,16,467.0,0.15557216096778134,20,361.0,0.08937295457340749,3,187.0,0.324435286738818,10,405.0,0.31459077275962444,18,481.0,0.2893501407542966,16,513.0,0.14125045283967577,180,5462.0
3315.0,163,1055.0,2.017208413001912,3.8352878303518483,1,1.0,0.6440483770819816,3,21.0,0.68092692652561,4,355.0,0.26641863653225534,10,395.0,0.1863511111548067,20,769.0,0.039519741470511495,9,602.0,0.29497436939342864,23,336.0,0.03276310609929674,4,336.0,0.17678451715258456,5,99.0,0.23998027816470693,3,49.0,0.5266097279223713,19,488.0,0.058469020873469904,7,391.0,0.2925213997250069,10,184.0,0.18837384869346463,11,430.0,0.2807273486762293,16,443.0,0.2424227276394877,18,509.0,0.08296455099394107,163,5408.0
3320.0,161,1029.0,2.0058479532163744,3.8868131908920995,2,8.0,0.6203112299718139,5,40.0,0.33704866390375204,9,391.0,0.34064646751649336,5,399.0,0.3260331601027904,17,574.0,0.08464628324132879,6,447.0,0.23735325632234633,25,461.0,0.13186150539444874,8,357.0,0.18920746587906467,2,102.0,0.27648981644668635,1,24.0,0.6317118095973726,20,456.0,0.19030462222178968,7,402.0,0.32179727570562855,16,250.0,0.046603165705534244,11,486.0,0.1663662282279232,9,491.0,0.13068344744128627,18,402.0,0.19933741761683768,161,5290.0
3325.0,159,986.0,1.9409448818897639,3.6263303175892903,0,3.0,0.6264755823960129,4,45.0,0.39436657798786123,14,446.0,0.24118613012314252,7,424.0,0.3495728483444091,11,591.0,0.21478618237313402,4,462.0,0.1203885790297602,23,508.0,0.14482526018740316,10,324.0,0.06474726285212822,9,129.0,0.24328269309166187,3,16.0,0.5251629217778534,14,507.0,0.19560868729424308,10,385.0,0.1997990183946237,17,284.0,0.207800379320661,14,551.0,0.1144975346821643,8,524.0,0.1762969140275203,11,458.0,0.21656517092454686,159,5657.0
3330.0,169,1011.0,2.001980198019802,3.899989128809994,3,9.0,0.6344901112530464,2,22.0,0.6337796546549698,16,440.0,0.07876247489304032,14,483.0,0.23566746567875713,11,637.0,0.2539066015071148,7,477.0,0.2616022326149574,17,475.0,0.23560011736439954,4,219.0,0.47688540537798085,15,193.0,0.34255628819517947,2,14.0,0.3376046677314059,13,547.0,0.12919772941122246,9,325.0,0.11383059551045872,11,231.0,0.3517285815057655,14,554.0,0.11286202676188607,19,598.0,0.14316481947628534,12,500.0,0.159187675535275,169,5724.0
3335.0,160,853.0,1.6692759295499022,4.02301114569891,0,8.0,0.6403311891458278,4,23.0,0.6489796877575873,19,369.0,0.0726906396784292,19,568.0,0.218363259529631,8,598.0,0.16914163184684938,11,458.0,0.2807462550285932,9,359.0,0.21991394705066603,2,113.0,0.6017651239279074,13,209.0,0.28455675224132126,3,20.0,0.49777601431812607,10,523.0,0.13407473766426967,8,330.0,0.14319239584716076,12,261.0,0.17139930384114233,11,467.0,0.22616091536228314,21,624.0,0.15458766168096097,10,471.0,0.1444039379144697,160,5401.0
3340.0,129,569.0,1.111328125,3.510999921834247,2,7.0,0.7172695531576029,2,21.0,0.4037221121083755,9,430.0,0.15292215083559627,18,569.0,0.03781087114517203,8,480.0,0.12973486992334105,9,357.0,0.17308964086986528,2,377.0,0.2168721417208758,2,94.0,0.4210334971801187,11,185.0,0.22142561099494878,2,18.0,0.6533271370749211,10,437.0,0.2480623740886418,9,344.0,0.20101149569332347,9,304.0,0.1260610855608013,9,348.0,0.29601278096410566,17,703.0,0.05475845520450922,10,390.0,0.2105767427318304,129,5064.0
3345.0,130,626.0,1.227450980392157,3.8768673789677854,0,3.0,0.6325050863507017,5,32.0,0.3367220083634424,9,449.0,0.23052824596657098,13,465.0,0.14815104759408768,7,368.0,0.2602917026713454,7,380.0,0.14050554485436662,7,394.0,0.32334995333869504,9,125.0,0.2269532756850251,5,215.0,0.2380883813216311,4,27.0,0.5901183639264754,9,368.0,0.25970668872416297,11,327.0,0.2336609322861503,13,358.0,0.14063807183791496,3,344.0,0.26065763141145876,20,770.0,0.06487016492566439,8,416.0,0.2484600144227971,130,5041.0
3350.0,128,641.0,1.2422480620155039,3.957172292527047,2,6.0,0.6113708729832976,1,32.0,0.593013435527235,13,508.0,0.2656089730297481,8,501.0,0.27941719582903274,4,382.0,0.2719564217883863,6,380.0,0.22104128954573926,8,378.0,0.28669544204895847,11,132.0,0.0967045081136465,9,238.0,0.23741666225440772,1,21.0,0.38778879057943855,5,370.0,0.15600221674879342,7,252.0,0.29486096859728894,19,446.0,0.20727005360648598,6,371.0,0.2331618138420382,16,765.0,0.06367713252889122,12,453.0,0.2031548978956326,128,5235.0
3355.0,146,845.0,1.6633858267716535,3.9523916393243472,0,3.0,0.6110852646545999,1,11.0,0.7149651122265667,20,590.0,0.09209808444725273,9,536.0,0.22396924522863887,9,379.0,0.21054630291716234,12,421.0,0.2773019211656519,6,276.0,0.19820812264804122,7,98.0,0.33812059622033097,10,241.0,0.2992718999836982,6,28.0,0.4242960974767565,8,362.0,0.20171056667617426,4,225.0,0.1470565871189282,20,477.0,0.1741079615947583,5,335.0,0.2802711083351321,10,616.0,0.20763787896886554,19,535.0,0.1055273258295534,146,5133.0
3360.0,157,999.0,1.9549902152641878,3.9110649156026636,2,6.0,0.7028406466268977,4,17.0,0.45339051531955055,27,718.0,0.0157675481185561,11,490.0,0.06932363394187532,15,423.0,0.17186014621530663,19,497.0,0.17994038375225468,5,286.0,0.2981831114262335,1,92.0,0.2630796938334883,11,199.0,0.2710165864082947,0,29.0,0.6010052051511661,10,347.0,0.21573218662457366,7,254.0,0.18226975605662102,18,411.0,0.12289180393640264,4,231.0,0.4084759711966324,4,588.0,0.26547025495335885,19,540.0,0.17228483591571597,157,5128.0
3365.0,164,1154.0,2.2235067437379574,3.875389128627055,0,0.0,0.7532794339098309,2,19.0,0.3446772961480058,23,751.0,0.08228702337962406,9,368.0,0.18656010466083317,21,516.0,0.16406528751458943,27,615.0,0.07066251662935237,8,302.0,0.22381782671364345,9,90.0,0.16778191660873157,5,203.0,0.2204814765877502,3,13.0,0.7027918490499075,11,295.0,0.21015708647438924,10,242.0,0.15549802975824628,11,485.0,0.16879108215835556,3,243.0,0.18503556911195504,9,606.0,0.20252926514264075,13,460.0,0.24915341989885853,164,5208.0
3370.0,167,1230.0,2.3929961089494163,3.886085422827372,2,7.0,0.7943090340381335,3,22.0,0.6795384289050073,19,665.0,0.22207689079835982,1,333.0,0.485729459138163,20,540.0,0.18731155947943923,31,766.0,0.05037977152407994,11,284.0,0.0734703398916501,14,156.0,0.06438042005733521,8,219.0,0.2372178273461211,2,13.0,0.46835923530524365,7,289.0,0.11762837120629108,8,240.0,0.20626086026215776,10,531.0,0.24008010082764655,9,277.0,0.11485308810404063,9,563.0,0.12584426662185436,13,525.0,0.15707009397532776,167,5430.0
3375.0,178,1305.0,2.5841584158415842,3.596622305664109,1,2.0,0.6292064210534394,2,18.0,0.6561359939329845,14,696.0,0.2362983035219244,9,349.0,0.3126004507606395,19,524.0,0.08441752718218505,32,924.0,0.1684787119677844,10,214.0,0.13079874006124076,12,190.0,0.3663150068791104,9,215.0,0.19586593856146162,7,31.0,0.38466365636741884,10,303.0,0.14703583885724797,8,261.0,0.20325226050638456,9,501.0,0.28695881375597665,10,273.0,0.22875145103314995,12,617.0,0.1715865886088713,14,592.0,0.09848294598973766,178,5710.0
3380.0,151,1117.0,2.252016129032258,3.578472252547709,2,10.0,0.6991830009517395,4,23.0,0.4425997277480594,10,751.0,0.1600917866802798,9,306.0,0.08588398223076274,18,623.0,0.09716437299213315,30,955.0,0.1396398816166269,3,175.0,0.31605055947552796,4,142.0,0.37256696062605044,6,171.0,0.2978477986945455,3,39.0,0.5488619345381254,10,287.0,0.2294085141726497,13,303.0,0.15642424462354534,8,404.0,0.17514936505815085,8,217.0,0.35974316578447113,11,662.0,0.17507421895231706,12,615.0,0.22127807944639286,151,5683.0
3385.0,162,1140.0,2.235294117647059,3.7257512663849894,5,27.0,0.5687513367130813,1,22.0,0.37086419903791157,15,817.0,0.1097939969584885,11,203.0,0.16229879095669808,15,695.0,0.21356104116713476,25,842.0,0.06966974270636431,7,173.0,0.4224829696657504,2,131.0,0.23745578018759267,4,169.0,0.246431804668306,4,32.0,0.6148186516478166,12,240.0,0.21905096807135166,20,393.0,0.06347105525498803,7,442.0,0.1317126466859046,7,246.0,0.1462549020305466,16,716.0,0.0942039284708543,11,554.0,0.2641063404423074,162,5702.0
3390.0,169,1184.0,2.3215686274509806,3.9251210474122398,1,19.0,0.5129795053468312,2,16.0,0.4921987929396085,14,785.0,0.20426513019822254,2,189.0,0.37186763273572604,16,767.0,0.2109012209084909,18,644.0,0.14257048931517233,11,210.0,0.3965572636523596,8,159.0,0.15412607598137396,7,188.0,0.23197830590948462,1,24.0,0.37541043638019056,13,276.0,0.11940018740619936,27,516.0,0.1407806788163896,9,470.0,0.23483556183091142,9,286.0,0.10997227439586196,19,692.0,0.039887011703536784,12,610.0,0.20951143512693737,169,5851.0
3395.0,175,1313.0,2.6471774193548385,3.6153985931049433,2,9.0,0.5969669837727896,3,11.0,0.647420991326862,11,605.0,0.2815894054048344,7,189.0,0.39543925340884606,22,865.0,0.06199209115257108,6,684.0,0.348860763068817,15,276.0,0.15297849654162518,7,157.0,0.26699127005478773,7,178.0,0.2073787523065322,6,33.0,0.3728706570844406,9,292.0,0.12189175571330298,32,667.0,0.13270272416745726,10,439.0,0.24759928980482532,10,278.0,0.22184285591443073,17,582.0,0.18245434739231822,11,662.0,0.14663725535740268,175,5927.0
3400.0,176,1341.0,2.725609756097561,3.5718005675723683,2,7.0,0.5546989750793622,4,31.0,0.6069896116331384,10,602.0,0.23666263161398587,10,173.0,0.15780370981468442,28,996.0,0.04243942181756391,7,675.0,0.3579740956134268,16,280.0,0.06933881727531235,2,86.0,0.40356051409636556,6,129.0,0.28583569519742086,1,34.0,0.573592877869352,13,331.0,0.11673584443367513,30,722.0,0.10034433427345732,9,339.0,0.18401794768030233,6,207.0,0.3643739856721413,15,599.0,0.2313106193021947,17,733.0,0.07823239165349116,176,5944.0
3405.0,172,1474.0,2.9539078156312626,3.8673269895374087,4,22.0,0.5159407978825702,1,28.0,0.3561890451377563,7,639.0,0.14690606902217015,8,94.0,0.13472170995768323,35,1155.0,0.13923119796665148,12,719.0,0.1791929244072422,8,209.0,0.3478693334747852,2,90.0,0.45504385970518935,4,144.0,0.2316609681256176,2,17.0,0.6512573229879746,22,425.0,0.14632463031457016,24,683.0,0.08614781384439726,4,369.0,0.2382663515037305,6,238.0,0.22102454580576555,12,655.0,0.1556620573480634,21,831.0,0.04960874102412115,172,6318.0
3410.0,181,1677.0,3.374245472837022,3.950022316169767,6,50.0,0.45925599176334353,5,21.0,0.3939044363465929,6,583.0,0.27712281182390064,2,104.0,0.38633424721740267,36,1335.0,0.15623554894586802,14,702.0,0.08048262730542255,2,205.0,0.39504089025207434,7,117.0,0.2427389402616737,9,174.0,0.22940067414151927,3,17.0,0.3796749807048848,24,516.0,0.1407265007543141,17,579.0,0.2628401449635453,9,386.0,0.26986780305837693,8,278.0,0.12796416215476714,10,611.0,0.13811122994996836,23,834.0,0.05960446969499898,181,6512.0
3415.0,167,1525.0,3.1186094069529653,3.958400048506749,3,46.0,0.49199573192450163,6,55.0,0.3984286824484506,3,431.0,0.39164518088593353,7,106.0,0.43886377942257476,30,1360.0,0.08957241980030183,13,610.0,0.14734886070581235,7,220.0,0.3579156198821714,7,114.0,0.2650016004926389,8,175.0,0.22889853127837723,7,42.0,0.39820633877143985,26,588.0,0.08194126193841873,6,612.0,0.3841164021866306,10,363.0,0.25091859270526107,8,267.0,0.2532188213875894,8,604.0,0.2154996348311784,18,679.0,0.10659010096783811,167,6272.0
3420.0,137,1277.0,2.660416666666667,4.004760389240883,2,20.0,0.5625699722993757,0,46.0,0.61338811495538,5,447.0,0.18045858328812775,7,111.0,0.19414357686567388,26,1234.0,0.051481435018473326,4,587.0,0.28099881025701834,13,273.0,0.136494477290217,2,72.0,0.45534085618934544,6,138.0,0.2596726671693308,1,40.0,0.5281943493199472,29,709.0,0.0804025147538372,7,610.0,0.3205605200740435,8,269.0,0.14299298763470106,6,201.0,0.36351973852546,10,658.0,0.26316354926233687,11,528.0,0.31386430403285226,137,5943.0
3425.0,157,1329.0,2.7177914110429446,4.317268624332724,3,19.0,0.4888245613934242,3,13.0,0.7200877397877967,10,485.0,0.0899666339825677,8,92.0,0.1623595043123606,21,989.0,0.14100262769939395,7,600.0,0.16450290547970678,19,357.0,0.21294615475375878,3,26.0,0.4020899081301552,4,84.0,0.4972345352687972,3,21.0,0.6838853006550939,28,762.0,0.041659336276402247,14,663.0,0.19012577493060967,11,179.0,0.16247929046802476,5,202.0,0.18915017226850345,14,711.0,0.16666802382512222,4,555.0,0.4317858986956036,157,5758.0
3430.0,146,1233.0,2.5318275154004106,4.152127621112411,5,38.0,0.5400818559181889,2,13.0,0.342033598166362,10,442.0,0.10998249401942031,3,104.0,0.37891590293363775,8,1032.0,0.3059169886302215,7,547.0,0.1933356391526872,23,472.0,0.1777853089783479,3,35.0,0.16321615417254554,0,81.0,0.42187187201871096,5,33.0,0.5775159952136218,25,713.0,0.17176453162144775,16,655.0,0.16485874956347038,4,197.0,0.22408394327503395,7,235.0,0.11316846899576334,20,797.0,0.10404866165313967,8,583.0,0.38600418955055515,146,5977.0
3435.0,160,1196.0,2.528541226215645,4.062079794471854,2,32.0,0.4736279912621087,7,35.0,0.3208149395292182,6,285.0,0.2569518721932028,8,104.0,0.38674760417900383,7,1025.0,0.34294338196105345,6,403.0,0.281353781214919,23,589.0,0.17998362089779235,6,57.0,0.4389758630218543,7,86.0,0.26258761782281165,4,35.0,0.3501922769537505,16,800.0,0.21787007190272445,14,571.0,0.22487849571458762,10,212.0,0.3481920915664729,13,291.0,0.11814299070359566,22,785.0,0.05606199542919869,9,542.0,0.1328323623695278,160,5852.0
3440.0,156,1203.0,2.5326315789473686,4.036311271022554,2,13.0,0.597904621614979,2,41.0,0.5208086809826938,4,151.0,0.3717792445626989,8,110.0,0.25672602930262384,9,943.0,0.19149477146356353,7,392.0,0.24402857911532327,26,712.0,0.019103888842855663,0,47.0,0.6388801559114309,8,104.0,0.2738027711636617,7,37.0,0.3510948599517169,15,853.0,0.12969286215868972,6,564.0,0.2748081178149193,16,273.0,0.22361636067153853,15,305.0,0.1835086249626412,20,668.0,0.17360334141486525,11,433.0,0.23482405706456955,156,5646.0
3445.0,139,1040.0,2.1940928270042193,4.051718802318708,3,13.0,0.5255962466677424,3,22.0,0.6455017677054539,1,133.0,0.30904330442838723,8,100.0,0.13220613864353672,10,793.0,0.16215412278858934,7,425.0,0.1819314026790206,24,738.0,0.05613874962051651,2,8.0,0.3952043358254749,4,83.0,0.47783732262301554,8,74.0,0.4912563679832361,10,815.0,0.13316227066492908,7,583.0,0.22655011183324048,17,284.0,0.05471704003210308,12,264.0,0.3477786619767256,15,690.0,0.24406284739349085,8,434.0,0.219911048949399,139,5459.0
3450.0,115,710.0,1.4915966386554622,3.9535908783621387,6,35.0,0.4561615088249978,3,19.0,0.3113333074362404,6,156.0,0.21368873432995486,4,114.0,0.2116399187940772,6,825.0,0.2186884336890114,7,367.0,0.12781372812948205,15,645.0,0.2882041514403253,0,10.0,0.4742754779872883,2,59.0,0.3799960374279377,2,74.0,0.47010475930971785,8,694.0,0.23099726398910686,10,552.0,0.19179964647262937,17,238.0,0.12374593368217658,9,311.0,0.29527164162452063,14,737.0,0.16097862162963503,6,446.0,0.26047639513942655,115,5282.0
3455.0,112,563.0,1.1827731092436975,4.164909481842995,3,39.0,0.4971015709226341,7,44.0,0.3514695373909919,13,212.0,0.1020640997015445,9,127.0,0.2869663313324243,9,835.0,0.24508622396580834,5,219.0,0.25224433103515453,9,700.0,0.24248554176943826,0,8.0,0.8616503313047841,8,70.0,0.26633225226517415,2,32.0,0.3680776548338202,6,519.0,0.26943160391988535,8,441.0,0.258629024492299,3,268.0,0.35682992773015787,9,354.0,0.17161698145447613,11,694.0,0.11317687941057901,10,449.0,0.14007749902605235,112,5011.0
3460.0,132,645.0,1.3354037267080745,4.201331455158249,2,16.0,0.6083535181482608,2,44.0,0.5419807392984772,14,214.0,0.19919345203467473,10,141.0,0.2650199678579093,12,769.0,0.1319382586867298,5,244.0,0.36934615967635565,14,760.0,0.11353679428875822,1,8.0,0.7314374391051858,9,88.0,0.2785063418499033,4,30.0,0.47204052348867553,8,509.0,0.1853395375211035,5,259.0,0.3179215182804917,9,275.0,0.2882397765236118,10,340.0,0.09749998921813573,11,569.0,0.11959590122901675,16,510.0,0.16502419953913885,132,4776.0
3465.0,131,718.0,1.4958333333333333,4.144446560229236,3,9.0,0.45933143925225917,3,17.0,0.6648146076607286,9,175.0,0.3502226133011369,8,124.0,0.29416272228957274,13,562.0,0.09426258262425029,9,274.0,0.3643534305663811,12,719.0,0.0975712312975345,3,21.0,0.16780311177992055,4,67.0,0.4921020785849233,1,22.0,0.4793522839765718,11,533.0,0.18676691705589635,1,245.0,0.2087713601043735,14,333.0,0.1781252493252223,9,258.0,0.12874896874533887,8,413.0,0.17457201242240875,23,613.0,0.06039882079366361,131,4385.0
3470.0,128,752.0,1.5666666666666667,4.327725810088153,6,32.0,0.5010262807833993,5,30.0,0.44146205926077325,1,129.0,0.3395442782506584,6,148.0,0.22110103961378244,13,435.0,0.12819909098019666,15,337.0,0.21908722995547425,8,528.0,0.11016058313736271,0,20.0,0.5664440805614466,3,56.0,0.4931373799704115,4,22.0,0.5758444605027796,13,549.0,0.312567405731789,6,244.0,0.23936444024025402,17,354.0,0.06613103470580933,5,253.0,0.3075170044497462,3,408.0,0.3122061434528085,23,622.0,0.11217749478980509,128,4167.0
3475.0,144,819.0,1.709812108559499,4.2498266484107425,2,34.0,0.5072524028072158,3,34.0,0.38956008761267874,6,101.0,0.45831341955869775,9,173.0,0.22041483461277017,11,359.0,0.27270624575122654,19,327.0,0.0690264250024014,7,510.0,0.1807115910449489,0,8.0,0.8790168816772898,8,72.0,0.3700860532945914,2,22.0,0.3471340602031738,18,540.0,0.21473367796009896,12,302.0,0.12469069294073014,14,323.0,0.21830423055375808,8,275.0,0.343643164835786,7,395.0,0.3204740961304357,18,518.0,0.2700862031399249,144,3993.0
3480.0,154,848.0,1.7703549060542798,3.7410767423060887,3,13.0,0.5500583913807349,2,19.0,0.6903571763119516,5,103.0,0.3081365428670803,10,176.0,0.25496335406552323,7,359.0,0.26583333814293736,18,280.0,0.1142586454504357,8,545.0,0.2064370315930179,2,12.0,0.5418839607526527,9,84.0,0.16088137141475797,4,19.0,0.42268717216591706,18,471.0,0.10067254269419364,18,381.0,0.23506912309671682,8,341.0,0.3062462939338959,13,328.0,0.18270856465322102,14,449.0,0.14615602719384857,15,596.0,0.22929728467523006,154,4176.0
3485.0,167,934.0,1.8983739837398375,3.6736578761558762,3,16.0,0.524984047244954,3,11.0,0.6398865014111531,7,101.0,0.3313232621029264,9,148.0,0.2562898326437299,10,328.0,0.19430862485844608,12,319.0,0.2564496337791654,6,489.0,0.2605737375236175,7,38.0,0.3119651677427045,6,80.0,0.2892213888292672,4,24.0,0.4755438784380239,16,495.0,0.11112240117646946,20,385.0,0.17875681824221842,7,359.0,0.2178219351790313,19,418.0,0.048441321224626924,26,565.0,0.07447204139628977,12,662.0,0.13766374791721733,167,4438.0
3490.0,160,935.0,1.8625498007968126,4.113601792116382,5,29.0,0.5080531670887611,5,30.0,0.5125973337687697,7,100.0,0.33330854028181256,5,158.0,0.1766651782330475,17,344.0,0.13163288090765793,10,345.0,0.29581291280317157,3,345.0,0.3338310236251202,3,49.0,0.4208953610901732,3,81.0,0.45711009637022404,3,25.0,0.6055184075105448,13,511.0,0.25054290863283935,17,309.0,0.11404744333453741,12,355.0,0.168603652026971,21,457.0,0.19564554025533104,27,614.0,0.1344364358221643,9,614.0,0.12178542615110394,160,4366.0
3495.0,137,846.0,1.6852589641434264,4.114943724558277,1,28.0,0.4831024439643855,1,30.0,0.35550359579576923,2,61.0,0.4278871736023972,7,180.0,0.17017850797681514,21,333.0,0.05382483747997795,9,342.0,0.157026557933996,2,318.0,0.2185701371631413,3,32.0,0.667363065337311,9,98.0,0.3304327949871662,7,50.0,0.24141685898711038,15,551.0,0.23709832486107418,8,341.0,0.1357107032810313,10,295.0,0.2583776541777029,13,400.0,0.3433765923114011,24,566.0,0.22641037441633913,5,483.0,0.16200476692979995,137,4108.0
3500.0,146,768.0,1.532934131736527,3.9871731612476204,3,15.0,0.6264510615475878,2,14.0,0.6608114742494301,7,66.0,0.3438539807427301,15,234.0,0.14435632397407205,16,261.0,0.08636771875239983,11,299.0,0.12327701687025103,8,344.0,0.17618100329445716,1,15.0,0.6714921779299414,9,112.0,0.1856448995869199,4,59.0,0.3353093712483067,21,640.0,0.1401274850796031,8,373.0,0.2702139708717507,6,282.0,0.25843412268053617,11,421.0,0.21952424902916465,19,630.0,0.19154492826932693,5,466.0,0.2381480109907381,146,4231.0
3505.0,148,788.0,1.5823293172690762,3.94968221727857,3,15.0,0.5571906671302465,2,24.0,0.7700381550701138,6,81.0,0.273735295935023,15,259.0,0.24432099438017432,16,321.0,0.19088374847214065,8,335.0,0.10489979471720506,14,401.0,0.08899691937456512,7,28.0,0.40980780774208025,6,80.0,0.3279970003350458,2,28.0,0.6446471402901097,21,652.0,0.04952092990769436,7,343.0,0.3511966881166734,8,283.0,0.20700140267113085,10,471.0,0.12805679867832961,15,638.0,0.18677932033894762,8,499.0,0.237687312144817,148,4458.0
3510.0,140,761.0,1.5436105476673427,4.114064854395269,6,31.0,0.4933298425314198,0,4.0,0.4464433422430711,11,95.0,0.41480010317816907,11,227.0,0.2753827844779987,13,392.0,0.28773362891968635,10,349.0,0.15238306381624778,15,387.0,0.17133338349314545,2,38.0,0.1841637349448309,2,83.0,0.3637068255898585,1,15.0,0.6265617693243728,19,563.0,0.20553929180431352,5,248.0,0.36264518841721327,14,343.0,0.14979404187300022,7,442.0,0.12405614765161099,16,703.0,0.15679475877306834,8,449.0,0.1261245641216276,140,4369.0
3515.0,156,896.0,1.8028169014084507,4.136103386470394,7,63.0,0.4560250474797381,2,6.0,0.5349662236976978,12,146.0,0.4323169084225106,12,290.0,0.11997982987469304,12,401.0,0.22218371809819512,17,409.0,0.11200061721453478,11,222.0,0.32143293706795517,6,35.0,0.4511810531040285,7,102.0,0.43623156854872885,4,25.0,0.36646849734697123,16,421.0,0.3103766187688501,5,269.0,0.16017748504711388,15,350.0,0.19829635649460706,3,342.0,0.29922976135078294,18,686.0,0.10361522127578748,9,359.0,0.12761989650775993,156,4126.0
3520.0,132,723.0,1.4665314401622718,3.9778251604311166,3,60.0,0.4547841737676031,1,11.0,0.46396497120241537,8,152.0,0.32876227007552455,9,345.0,0.15023628732395045,12,363.0,0.11112357076280464,18,431.0,0.07113741201910953,4,256.0,0.37690895310145556,1,41.0,0.6391710076599266,11,155.0,0.38134905385030754,4,28.0,0.34209930496339264,6,447.0,0.2346027957024369,10,309.0,0.1577426012355693,12,286.0,0.2925787781109293,5,333.0,0.3199248952865907,20,609.0,0.08888013309155553,8,265.0,0.3355128985732959,132,4091.0
3525.0,140,682.0,1.4004106776180698,3.89545250555442,3,30.0,0.5057248413629182,2,18.0,0.7527735042280687,7,117.0,0.19425816098221554,12,338.0,0.1971513326812467,14,411.0,0.10046775191368588,14,388.0,0.11766358201611343,7,284.0,0.3012729406139575,3,22.0,0.5821055060124436,16,222.0,0.1774529426484039,2,18.0,0.47915318211773594,8,474.0,0.2232837129842543,11,306.0,0.2317929783866018,10,343.0,0.2622458431600251,10,363.0,0.14832025424351475,19,697.0,0.17885969920901512,2,263.0,0.3226392626809095,140,4294.0
3530.0,137,710.0,1.437246963562753,4.048346932683753,5,31.0,0.5425165470328878,1,5.0,0.7642574348478275,4,113.0,0.3398471108986925,8,297.0,0.25111442523565286,15,467.0,0.18253316149399396,12,298.0,0.3105416503059227,9,257.0,0.15079375903678138,8,53.0,0.24599406574510937,12,244.0,0.27488815594726906,4,30.0,0.37271019942546113,7,448.0,0.14552937030193405,10,264.0,0.23095200608841454,10,388.0,0.2180649974657057,13,419.0,0.10821876996532324,12,739.0,0.22553340564653743,7,253.0,0.27608504791005,137,4306.0
3535.0,118,639.0,1.2935222672064777,4.111451666058622,1,28.0,0.5075452063371569,3,13.0,0.6733229142615492,6,106.0,0.29582048355838686,5,292.0,0.16186780440611898,14,488.0,0.249113916916076,3,269.0,0.44430151276491886,6,202.0,0.23207428844153558,4,62.0,0.40486012965526263,5,181.0,0.4473096422296042,4,46.0,0.624613567497837,7,377.0,0.18509437908775858,6,283.0,0.14467049648191355,10,375.0,0.13276017690976655,19,511.0,0.1861143708022549,16,784.0,0.14501283622539943,9,235.0,0.08863180683775379,118,4252.0
3540.0,119,737.0,1.482897384305835,4.379962951781174,3,15.0,0.5825707976710904,1,8.0,0.3799887590656246,13,149.0,0.29181129662320593,8,316.0,0.14797175359182188,21,527.0,0.1630983616101685,1,246.0,0.35848296611835273,4,134.0,0.35185575366188354,1,33.0,0.730435523734704,3,87.0,0.4582782707249506,1,31.0,0.6901549824770704,3,363.0,0.25304258091777343,7,293.0,0.14003349906552273,8,304.0,0.11108616010579153,19,525.0,0.2173291483228034,18,774.0,0.08265664160596951,8,161.0,0.27498712192777985,119,3966.0
3545.0,158,1044.0,2.088,4.460634079736081,6,38.0,0.509989962344959,6,24.0,0.3587625415282482,19,233.0,0.08020644943080597,13,372.0,0.07736696115979705,28,648.0,0.12400666402972901,8,274.0,0.20086493805973274,4,125.0,0.3403777092806385,1,14.0,0.7533566891998413,2,82.0,0.3747055093002047,4,18.0,0.6178066962608528,9,394.0,0.3009196746393759,15,348.0,0.21792929391610583,7,289.0,0.15598526731997672,16,460.0,0.12773516739595678,20,627.0,0.11706494375891141,0,141.0,0.5383944527990395,158,4087.0
3550.0,168,1222.0,2.4246031746031744,3.999634905320133,1,32.0,0.4865502727390812,1,33.0,0.46580883615727886,17,269.0,0.02730214604529177,12,382.0,0.08259532701392645,34,804.0,0.040088222302040136,14,329.0,0.20420542487915389,9,140.0,0.28448580725293365,2,6.0,0.3253645783878434,8,103.0,0.2927172760256355,2,14.0,0.3558148749234289,7,367.0,0.22455640230353216,16,361.0,0.23127658948605842,7,305.0,0.2956654505099525,14,505.0,0.12179230922454219,18,542.0,0.17762134931580778,6,153.0,0.3792227128215242,168,4345.0
3555.0,170,1138.0,2.3036437246963564,4.0390234265391225,2,9.0,0.570547232304686,2,15.0,0.685318559448506,9,238.0,0.2453107704449298,9,320.0,0.3037520292008806,32,883.0,0.037747428076886226,14,346.0,0.2823406115267619,15,203.0,0.18730819124600617,8,30.0,0.11093312119787958,9,108.0,0.403256200942813,8,35.0,0.3172915229751431,10,288.0,0.12592696898424566,13,298.0,0.16210595491675334,12,351.0,0.28529359150532363,11,559.0,0.24925668805465762,8,580.0,0.19130508801549076,8,137.0,0.1326453633999979,170,4400.0
3560.0,144,914.0,1.9041666666666666,3.852318474406472,3,9.0,0.47040376792199007,4,26.0,0.6670337268015024,5,266.0,0.31512433615999047,9,370.0,0.24875276007132915,23,836.0,0.19565279763983617,6,274.0,0.3502516198858739,17,234.0,0.167147640431296,3,50.0,0.15546679699872873,4,47.0,0.4377191692088382,4,55.0,0.49032559174853824,15,353.0,0.0950441661018806,14,361.0,0.08772659118967929,13,350.0,0.12431017220878125,7,522.0,0.28540060165584274,7,561.0,0.20235987624960025,10,117.0,0.14091952413450692,144,4431.0
3565.0,126,774.0,1.615866388308977,3.892023078135393,7,34.0,0.510542799566335,1,17.0,0.4463390814293892,9,295.0,0.10568860195026096,8,410.0,0.14746947399941157,15,675.0,0.298171150694619,2,283.0,0.2559702544680795,16,220.0,0.13013704373556445,1,28.0,0.7323674915378772,1,43.0,0.3623217116830554,3,33.0,0.6089150691778268,18,439.0,0.1553032083740379,12,416.0,0.11525041526909749,15,305.0,0.10735148717281644,4,409.0,0.19575734266415648,9,527.0,0.15456180536761172,5,129.0,0.2997996505798869,126,4263.0
3570.0,130,745.0,1.5553235908141962,4.17653250975958,4,44.0,0.4404002633608327,6,28.0,0.36829565617472965,9,294.0,0.08122024683175026,14,474.0,0.11949079614162733,8,542.0,0.26076473487630875,9,314.0,0.2649068991888514,14,199.0,0.24948874740752208,0,10.0,0.8627288306690583,6,47.0,0.2663136523217508,4,34.0,0.4906491505688253,18,504.0,0.11032240459161619,11,395.0,0.21249562289273174,7,324.0,0.29125781654234745,5,390.0,0.11907819789123163,6,423.0,0.18939701303794015,9,138.0,0.3846371011121487,130,4160.0
3575.0,121,677.0,1.401656314699793,4.182603155977497,3,26.0,0.5680138411357042,2,35.0,0.5275093118792392,6,237.0,0.2854804358700069,15,474.0,0.23670572119573763,3,512.0,0.30706052749186824,14,372.0,0.28302792789433856,3,207.0,0.25081339449021994,3,17.0,0.49534103874543833,8,64.0,0.26730303007810136,2,31.0,0.301690439196379,21,544.0,0.08828240309280228,7,317.0,0.2718564481308027,8,334.0,0.3119693172857237,9,426.0,0.1489647022764741,3,250.0,0.300198466898713,14,194.0,0.19551171524364405,121,4040.0
3580.0,156,960.0,1.991701244813278,4.142802206772975,4,31.0,0.4149016619879054,4,25.0,0.6107608226709312,5,243.0,0.4039089861362535,11,366.0,0.2557563818583796,7,527.0,0.2928379158864753,16,371.0,0.1667307965873795,8,189.0,0.2358703386813056,9,47.0,0.0902001976785186,5,51.0,0.5446521211248486,4,23.0,0.6272264460914199,28,610.0,0.06748154871685155,7,249.0,0.1835875826005904,15,392.0,0.15695425038309607,15,487.0,0.22663460698782606,2,225.0,0.4090598064730436,16,227.0,0.05327857939930933,156,4063.0
3585.0,172,1010.0,2.082474226804124,4.013705733880912,7,52.0,0.39560821622183945,0,19.0,0.38147592468549635,7,267.0,0.4043452468665339,12,414.0,0.1886544714682189,10,495.0,0.28294102433370605,18,331.0,0.11807660877179675,13,233.0,0.2304850414936179,8,68.0,0.18131613198714386,2,47.0,0.4802129055824354,4,43.0,0.6215699231014203,32,666.0,0.13025992460403793,4,254.0,0.22454135383118587,16,397.0,0.09231755810098145,16,486.0,0.2762754052063221,8,248.0,0.3328487249608041,15,220.0,0.11488977163433897,172,4240.0
3590.0,149,848.0,1.7306122448979593,3.8769264546250817,4,56.0,0.4143920699350411,4,18.0,0.3797375998146123,8,257.0,0.18568508678638362,9,466.0,0.1352875873631783,8,459.0,0.27750211285353943,15,342.0,0.11521399902479153,13,261.0,0.19400106808858272,1,52.0,0.5672381900687595,6,43.0,0.3468307854017719,0,30.0,0.38981599313923615,26,585.0,0.18860952790295582,9,267.0,0.3880634396864221,13,340.0,0.22269498154479406,14,410.0,0.2017096957635419,9,222.0,0.17078183707573513,10,195.0,0.3019654981310857,149,4003.0
3595.0,131,691.0,1.3931451612903225,3.957127771944039,2,29.0,0.5398800151496974,2,26.0,0.5776949161301972,9,197.0,0.1353165078707146,8,432.0,0.12264346669139665,13,517.0,0.09378987108251252,9,371.0,0.17677135623691823,8,206.0,0.19288084852316834,1,21.0,0.6824427055548017,7,62.0,0.2875649835226877,2,12.0,0.47120047641407187,15,668.0,0.14904707999460926,12,267.0,0.2738435289877123,12,395.0,0.26549049975990624,17,319.0,0.12082975917539894,12,200.0,0.13304466312118515,2,173.0,0.43910025809639375,131,3895.0
3600.0,107,544.0,1.0945674044265594,3.9081549382986656,2,16.0,0.4269080370475298,3,23.0,0.6297828088612594,5,223.0,0.18005506410429015,6,331.0,0.16537384849082906,17,513.0,0.07399364934086593,8,328.0,0.13004303287746524,3,239.0,0.2063929822669431,3,23.0,0.490753877971696,6,52.0,0.48905599768987307,2,14.0,0.5676456595192397,13,728.0,0.14645795435872824,13,299.0,0.09344702070253716,10,447.0,0.1717101962934954,8,369.0,0.20039784008557737,4,226.0,0.20258188391250717,4,166.0,0.34175171470252136,107,3997.0
